Outcome,Model,Feature_construct,Explained_output,Level,N,Weighted_mean_SHAP,Weighted_mean_abs_SHAP,Weight_sum
MEDNG,LR,SEX_A,base_estimator_log_odds,Missing/special,1,0.027705442340226746,0.027705442340226746,4611.755
MEDNG,LR,SEX_A,base_estimator_log_odds,code_1,2958,-0.12860659424673146,0.12860659424673146,24662417.391999997
MEDNG,LR,SEX_A,base_estimator_log_odds,code_2,3458,0.10437637218168269,0.10437637218168269,25582858.346
MEDNG,LR,HISPALLP_A,base_estimator_log_odds,code_1,935,-0.011881530443870277,0.011881530443870277,9073456.936
MEDNG,LR,HISPALLP_A,base_estimator_log_odds,code_2,4242,0.04301672063007659,0.04301672063007659,30279142.281999998
MEDNG,LR,HISPALLP_A,base_estimator_log_odds,code_3,670,-0.08391555917638469,0.08391555917638469,6129295.214
MEDNG,LR,HISPALLP_A,base_estimator_log_odds,code_4,384,-0.47921000360646565,0.47921000360646565,3311289.384
MEDNG,LR,HISPALLP_A,base_estimator_log_odds,code_5,43,-0.9544481645653736,0.9544481645653736,289909.742
MEDNG,LR,HISPALLP_A,base_estimator_log_odds,code_6,66,0.10367289237368404,0.10367289237368404,434208.203
MEDNG,LR,HISPALLP_A,base_estimator_log_odds,code_7,77,0.41020791088614533,0.41020791088614533,732585.7319999998
MEDNG,LR,EDUCP_A,base_estimator_log_odds,Missing/special,32,-0.13598503040234156,0.13598503040234156,363870.308
MEDNG,LR,EDUCP_A,base_estimator_log_odds,code_1,440,-0.34714051401614465,0.34714051401614465,4132990.264
MEDNG,LR,EDUCP_A,base_estimator_log_odds,code_10,249,-0.3044165973416885,0.3044165973416885,1652957.372
MEDNG,LR,EDUCP_A,base_estimator_log_odds,code_2,116,-0.14373128667345536,0.14373128667345536,1212495.1609999998
MEDNG,LR,EDUCP_A,base_estimator_log_odds,code_3,147,0.040122768822068736,0.040122768822068736,1130892.3709999998
MEDNG,LR,EDUCP_A,base_estimator_log_odds,code_4,1492,-0.2987999971200867,0.2987999971200867,12661956.002
MEDNG,LR,EDUCP_A,base_estimator_log_odds,code_5,922,0.20370709499272185,0.20370709499272185,7571497.71
MEDNG,LR,EDUCP_A,base_estimator_log_odds,code_6,276,0.023086133460413813,0.023086133460413813,2050406.017
MEDNG,LR,EDUCP_A,base_estimator_log_odds,code_7,577,0.2803332735952582,0.2803332735952582,4617930.43
MEDNG,LR,EDUCP_A,base_estimator_log_odds,code_8,1467,0.11399407806262048,0.11399407806262048,10085253.465
MEDNG,LR,EDUCP_A,base_estimator_log_odds,code_9,699,0.20144264112216897,0.20144264112216897,4769638.392999999
MEDNG,LR,RATCAT_A,base_estimator_log_odds,code_1,188,0.1888131464080662,0.1888131464080662,1438230.0329999998
MEDNG,LR,RATCAT_A,base_estimator_log_odds,code_10,470,0.29718839777162254,0.29718839777162254,3697012.5979999998
MEDNG,LR,RATCAT_A,base_estimator_log_odds,code_11,388,0.2101371409207481,0.2101371409207481,3303098.671
MEDNG,LR,RATCAT_A,base_estimator_log_odds,code_12,394,0.07874360911240577,0.07874360911240577,3100767.9
MEDNG,LR,RATCAT_A,base_estimator_log_odds,code_13,322,0.09856885113218769,0.09856885113218769,2593253.9520000005
MEDNG,LR,RATCAT_A,base_estimator_log_odds,code_14,1930,-0.3030577683050852,0.3030577683050852,15348993.286000002
MEDNG,LR,RATCAT_A,base_estimator_log_odds,code_2,187,-0.38643945534484564,0.38643945534484564,1384944.663
MEDNG,LR,RATCAT_A,base_estimator_log_odds,code_3,322,-0.09109286034702573,0.09109286034702573,2378042.798
MEDNG,LR,RATCAT_A,base_estimator_log_odds,code_4,252,-0.09120237685301562,0.09120237685301562,1789827.5900000003
MEDNG,LR,RATCAT_A,base_estimator_log_odds,code_5,331,0.08720757145211076,0.08720757145211076,2620717.5870000003
MEDNG,LR,RATCAT_A,base_estimator_log_odds,code_6,299,0.20139077179271325,0.20139077179271325,2176686.528
MEDNG,LR,RATCAT_A,base_estimator_log_odds,code_7,274,0.2370349820977999,0.2370349820977999,2014189.3329999999
MEDNG,LR,RATCAT_A,base_estimator_log_odds,code_8,530,0.3326865916699785,0.3326865916699785,4181768.7849999997
MEDNG,LR,RATCAT_A,base_estimator_log_odds,code_9,530,0.19693523109647518,0.19693523109647518,4222353.769
MEDNG,LR,EMPWRKLSW1_A,base_estimator_log_odds,Missing/special,192,-0.528264959665295,0.528264959665295,1487731.966
MEDNG,LR,EMPWRKLSW1_A,base_estimator_log_odds,code_1,3554,0.26874741295933524,0.26874741295933524,30897936.551
MEDNG,LR,EMPWRKLSW1_A,base_estimator_log_odds,code_2,2671,-0.3331744261771673,0.3331744261771673,17864218.976000004
MEDNG,LR,NOTCOV_A,base_estimator_log_odds,Missing/special,19,0.8425726060172448,0.8425726060172448,173199.387
MEDNG,LR,NOTCOV_A,base_estimator_log_odds,code_1,471,1.4394345714160932,1.4394345714160932,4739806.264
MEDNG,LR,NOTCOV_A,base_estimator_log_odds,code_2,5927,-0.14453113199069315,0.14453113199069315,45336881.842
MEDNG,LR,FDSCAT3_A,base_estimator_log_odds,Missing/special,230,0.760504204660165,0.760504204660165,1860564.5
MEDNG,LR,FDSCAT3_A,base_estimator_log_odds,code_1,5646,-0.14449987514122983,0.14449987514122983,43846544.77599999
MEDNG,LR,FDSCAT3_A,base_estimator_log_odds,code_2,312,1.1638939980465552,1.1638939980465552,2776281.3880000003
MEDNG,LR,FDSCAT3_A,base_estimator_log_odds,code_3,229,1.3411754394874513,1.3411754394874513,1766496.829
MEDNG,LR,PHSTAT_A,base_estimator_log_odds,Missing/special,3,0.24571185953312488,0.24571185953312488,19857.717
MEDNG,LR,PHSTAT_A,base_estimator_log_odds,code_1,1244,-0.617793838012244,0.617793838012244,10901571.555
MEDNG,LR,PHSTAT_A,base_estimator_log_odds,code_2,2066,-0.11341209037210907,0.11341209037210907,16045518.833999999
MEDNG,LR,PHSTAT_A,base_estimator_log_odds,code_3,2012,0.21677161278402363,0.21677161278402363,15647820.809
MEDNG,LR,PHSTAT_A,base_estimator_log_odds,code_4,860,0.42739832635589475,0.42739832635589475,6007486.089
MEDNG,LR,PHSTAT_A,base_estimator_log_odds,code_5,232,0.8466392272233128,0.8466392272233128,1627632.489
MEDNG,LR,DISAB3_A,base_estimator_log_odds,code_1,749,0.36577622785872543,0.36577622785872543,5099690.0479999995
MEDNG,LR,DISAB3_A,base_estimator_log_odds,code_2,5668,-0.04799778399376965,0.04799778399376965,45150197.445
MEDNG,LR,K6SPD_A,base_estimator_log_odds,Missing/special,120,0.1650898050279914,0.1650898050279914,909804.258
MEDNG,LR,K6SPD_A,base_estimator_log_odds,code_1,235,0.826149481378421,0.826149481378421,1796026.582
MEDNG,LR,K6SPD_A,base_estimator_log_odds,code_2,6062,-0.032347920896443595,0.032347920896443595,47544056.653000005
MEDNG,LR,CHRONIC_BURDEN_CAT,base_estimator_log_odds,Missing/special,1218,0.09273043801713024,0.09273043801713024,7403342.901000001
MEDNG,LR,CHRONIC_BURDEN_CAT,base_estimator_log_odds,code_0,2427,-0.2202648168853865,0.2202648168853865,22443268.351999998
MEDNG,LR,CHRONIC_BURDEN_CAT,base_estimator_log_odds,code_1,1697,0.08564341170350825,0.08564341170350825,13356635.798999999
MEDNG,LR,CHRONIC_BURDEN_CAT,base_estimator_log_odds,code_2,1075,0.3101169577932943,0.3101169577932943,7046640.441
MEDNG,RF,SEX_A,base_estimator_positive_class_probability,Missing/special,1,-0.0013196793925155613,0.0013196793925155613,4611.755
MEDNG,RF,SEX_A,base_estimator_positive_class_probability,code_1,2958,-0.00198005166016877,0.0019835021752206724,24662417.391999997
MEDNG,RF,SEX_A,base_estimator_positive_class_probability,code_2,3458,0.001741982578518144,0.0017450530843351392,25582858.346
MEDNG,RF,HISPALLP_A,base_estimator_positive_class_probability,code_1,935,0.002295477737396858,0.0023452562906613244,9073456.936
MEDNG,RF,HISPALLP_A,base_estimator_positive_class_probability,code_2,4242,-0.00022979021773810674,0.0005820682199445172,30279142.281999998
MEDNG,RF,HISPALLP_A,base_estimator_positive_class_probability,code_3,670,-0.0005380443295056207,0.0012154305916109215,6129295.214
MEDNG,RF,HISPALLP_A,base_estimator_positive_class_probability,code_4,384,-0.0030227270114868646,0.0030227270114868646,3311289.384
MEDNG,RF,HISPALLP_A,base_estimator_positive_class_probability,code_5,43,-0.0021166671479279876,0.00220031374941805,289909.742
MEDNG,RF,HISPALLP_A,base_estimator_positive_class_probability,code_6,66,0.0034029963187754324,0.0034801750937424945,434208.203
MEDNG,RF,HISPALLP_A,base_estimator_positive_class_probability,code_7,77,0.006799865667788257,0.006799865667788257,732585.7319999998
MEDNG,RF,EDUCP_A,base_estimator_positive_class_probability,Missing/special,32,0.0008291114171916968,0.0008348540192742879,363870.308
MEDNG,RF,EDUCP_A,base_estimator_positive_class_probability,code_1,440,-0.0004887528632318537,0.0014726200576912188,4132990.264
MEDNG,RF,EDUCP_A,base_estimator_positive_class_probability,code_10,249,-0.003985463294692517,0.003985463294692517,1652957.372
MEDNG,RF,EDUCP_A,base_estimator_positive_class_probability,code_2,116,0.0010796386836852872,0.0011863470485665164,1212495.1609999998
MEDNG,RF,EDUCP_A,base_estimator_positive_class_probability,code_3,147,0.004902833061270443,0.004902833061270443,1130892.3709999998
MEDNG,RF,EDUCP_A,base_estimator_positive_class_probability,code_4,1492,-0.0020224259993286793,0.002028527345338502,12661956.002
MEDNG,RF,EDUCP_A,base_estimator_positive_class_probability,code_5,922,0.0039109230790135225,0.0039109230790135225,7571497.71
MEDNG,RF,EDUCP_A,base_estimator_positive_class_probability,code_6,276,0.0003875801405900555,0.0005279421215486897,2050406.017
MEDNG,RF,EDUCP_A,base_estimator_positive_class_probability,code_7,577,0.0023291745713508475,0.0023354881824471973,4617930.43
MEDNG,RF,EDUCP_A,base_estimator_positive_class_probability,code_8,1467,-0.0003010375762362015,0.0005090132675388217,10085253.465
MEDNG,RF,EDUCP_A,base_estimator_positive_class_probability,code_9,699,-0.0007880883508600283,0.0008419266516098077,4769638.392999999
MEDNG,RF,RATCAT_A,base_estimator_positive_class_probability,code_1,188,0.006953922821489095,0.006953922821489095,1438230.0329999998
MEDNG,RF,RATCAT_A,base_estimator_positive_class_probability,code_10,470,0.004306751094110061,0.004306751094110061,3697012.5979999998
MEDNG,RF,RATCAT_A,base_estimator_positive_class_probability,code_11,388,0.0034966036980869477,0.0034971786032889714,3303098.671
MEDNG,RF,RATCAT_A,base_estimator_positive_class_probability,code_12,394,0.0020333771897397034,0.0020797570650023397,3100767.9
MEDNG,RF,RATCAT_A,base_estimator_positive_class_probability,code_13,322,0.0021897220559612654,0.0021897220559612654,2593253.9520000005
MEDNG,RF,RATCAT_A,base_estimator_positive_class_probability,code_14,1930,-0.008068121588523935,0.008068121588523935,15348993.286000002
MEDNG,RF,RATCAT_A,base_estimator_positive_class_probability,code_2,187,0.0016344108528037866,0.0020194925040439935,1384944.663
MEDNG,RF,RATCAT_A,base_estimator_positive_class_probability,code_3,322,0.002989108204305331,0.003004406086018988,2378042.798
MEDNG,RF,RATCAT_A,base_estimator_positive_class_probability,code_4,252,0.0027338157949784387,0.002919431598031673,1789827.5900000003
MEDNG,RF,RATCAT_A,base_estimator_positive_class_probability,code_5,331,0.0035905805525074936,0.0035905805525074936,2620717.5870000003
MEDNG,RF,RATCAT_A,base_estimator_positive_class_probability,code_6,299,0.004390495420322315,0.004390495420322315,2176686.528
MEDNG,RF,RATCAT_A,base_estimator_positive_class_probability,code_7,274,0.005430271761612078,0.005430271761612078,2014189.3329999999
MEDNG,RF,RATCAT_A,base_estimator_positive_class_probability,code_8,530,0.0070142664835789095,0.0070142664835789095,4181768.7849999997
MEDNG,RF,RATCAT_A,base_estimator_positive_class_probability,code_9,530,0.0036572397890433147,0.0036572397890433147,4222353.769
MEDNG,RF,EMPWRKLSW1_A,base_estimator_positive_class_probability,Missing/special,192,-0.00843278835255123,0.008443809893494372,1487731.966
MEDNG,RF,EMPWRKLSW1_A,base_estimator_positive_class_probability,code_1,3554,0.007000569781533967,0.007000569781533967,30897936.551
MEDNG,RF,EMPWRKLSW1_A,base_estimator_positive_class_probability,code_2,2671,-0.008806193266195639,0.008806277858225934,17864218.976000004
MEDNG,RF,NOTCOV_A,base_estimator_positive_class_probability,Missing/special,19,0.045164822553305235,0.045164822553305235,173199.387
MEDNG,RF,NOTCOV_A,base_estimator_positive_class_probability,code_1,471,0.10466399204692203,0.10466399204692203,4739806.264
MEDNG,RF,NOTCOV_A,base_estimator_positive_class_probability,code_2,5927,-0.0087477871440291,0.0087477871440291,45336881.842
MEDNG,RF,FDSCAT3_A,base_estimator_positive_class_probability,Missing/special,230,0.025865842132130532,0.025865842132130532,1860564.5
MEDNG,RF,FDSCAT3_A,base_estimator_positive_class_probability,code_1,5646,-0.01065115575243425,0.01065115575243425,43846544.77599999
MEDNG,RF,FDSCAT3_A,base_estimator_positive_class_probability,code_2,312,0.077877540241662,0.077877540241662,2776281.3880000003
MEDNG,RF,FDSCAT3_A,base_estimator_positive_class_probability,code_3,229,0.1210085986685907,0.1210085986685907,1766496.829
MEDNG,RF,PHSTAT_A,base_estimator_positive_class_probability,Missing/special,3,0.0016479313732199428,0.0016479313732199428,19857.717
MEDNG,RF,PHSTAT_A,base_estimator_positive_class_probability,code_1,1244,-0.011880047219431896,0.011880047219431896,10901571.555
MEDNG,RF,PHSTAT_A,base_estimator_positive_class_probability,code_2,2066,-0.002739537059430371,0.0027418734563407717,16045518.833999999
MEDNG,RF,PHSTAT_A,base_estimator_positive_class_probability,code_3,2012,0.0034535780976198667,0.0034604190818906958,15647820.809
MEDNG,RF,PHSTAT_A,base_estimator_positive_class_probability,code_4,860,0.011228104381171552,0.011228104381171552,6007486.089
MEDNG,RF,PHSTAT_A,base_estimator_positive_class_probability,code_5,232,0.020382914107553655,0.020382914107553655,1627632.489
MEDNG,RF,DISAB3_A,base_estimator_positive_class_probability,code_1,749,0.02208878473646005,0.02208878473646005,5099690.0479999995
MEDNG,RF,DISAB3_A,base_estimator_positive_class_probability,code_2,5668,-0.00277539342134623,0.00277539342134623,45150197.445
MEDNG,RF,K6SPD_A,base_estimator_positive_class_probability,Missing/special,120,0.017688374495626696,0.017688374495626696,909804.258
MEDNG,RF,K6SPD_A,base_estimator_positive_class_probability,code_1,235,0.08725679637554065,0.08725679637554065,1796026.582
MEDNG,RF,K6SPD_A,base_estimator_positive_class_probability,code_2,6062,-0.0036150380823769335,0.0036150380823769335,47544056.653000005
MEDNG,RF,CHRONIC_BURDEN_CAT,base_estimator_positive_class_probability,Missing/special,1218,0.0018046649767237942,0.001991378553166956,7403342.901000001
MEDNG,RF,CHRONIC_BURDEN_CAT,base_estimator_positive_class_probability,code_0,2427,-0.0027474398824172165,0.0027478101657015287,22443268.351999998
MEDNG,RF,CHRONIC_BURDEN_CAT,base_estimator_positive_class_probability,code_1,1697,0.0021310309789095254,0.0021310309789095254,13356635.798999999
MEDNG,RF,CHRONIC_BURDEN_CAT,base_estimator_positive_class_probability,code_2,1075,0.004270975221893609,0.004270975221893609,7046640.441
MEDNG,XGBoost,SEX_A,base_estimator_raw_margin_log_odds,Missing/special,1,-0.03270060196518898,0.03270060196518898,4611.755
MEDNG,XGBoost,SEX_A,base_estimator_raw_margin_log_odds,code_1,2958,-0.03653163645445785,0.03653163645445785,24662417.391999997
MEDNG,XGBoost,SEX_A,base_estimator_raw_margin_log_odds,code_2,3458,-0.03583986540408812,0.03583986540408812,25582858.346
MEDNG,XGBoost,HISPALLP_A,base_estimator_raw_margin_log_odds,code_1,935,-0.6550222044506918,0.6550222044506918,9073456.936
MEDNG,XGBoost,HISPALLP_A,base_estimator_raw_margin_log_odds,code_2,4242,-0.6208141507376826,0.6208141507376826,30279142.281999998
MEDNG,XGBoost,HISPALLP_A,base_estimator_raw_margin_log_odds,code_3,670,-0.6392897437378324,0.6392897437378324,6129295.214
MEDNG,XGBoost,HISPALLP_A,base_estimator_raw_margin_log_odds,code_4,384,-0.6511453806235621,0.6511453806235621,3311289.384
MEDNG,XGBoost,HISPALLP_A,base_estimator_raw_margin_log_odds,code_5,43,-0.6498546149227563,0.6498546149227563,289909.742
MEDNG,XGBoost,HISPALLP_A,base_estimator_raw_margin_log_odds,code_6,66,-0.6441190781942322,0.6441190781942322,434208.203
MEDNG,XGBoost,HISPALLP_A,base_estimator_raw_margin_log_odds,code_7,77,-0.6641872330240314,0.6641872330240314,732585.7319999998
MEDNG,XGBoost,EDUCP_A,base_estimator_raw_margin_log_odds,Missing/special,32,-0.07340284402385218,0.10524049996952169,363870.308
MEDNG,XGBoost,EDUCP_A,base_estimator_raw_margin_log_odds,code_1,440,-0.06758477303700312,0.09082072631752558,4132990.264
MEDNG,XGBoost,EDUCP_A,base_estimator_raw_margin_log_odds,code_10,249,-0.07043879171119849,0.09443299197270329,1652957.372
MEDNG,XGBoost,EDUCP_A,base_estimator_raw_margin_log_odds,code_2,116,-0.07422787524889209,0.10179100079339952,1212495.1609999998
MEDNG,XGBoost,EDUCP_A,base_estimator_raw_margin_log_odds,code_3,147,-0.0837421448640816,0.10099561086024043,1130892.3709999998
MEDNG,XGBoost,EDUCP_A,base_estimator_raw_margin_log_odds,code_4,1492,-0.09066362095530746,0.1088727331345232,12661956.002
MEDNG,XGBoost,EDUCP_A,base_estimator_raw_margin_log_odds,code_5,922,-0.09497135917167439,0.11237802220613181,7571497.71
MEDNG,XGBoost,EDUCP_A,base_estimator_raw_margin_log_odds,code_6,276,-0.0794011425931157,0.10087153578464436,2050406.017
MEDNG,XGBoost,EDUCP_A,base_estimator_raw_margin_log_odds,code_7,577,-0.0811153576410559,0.09962607577807082,4617930.43
MEDNG,XGBoost,EDUCP_A,base_estimator_raw_margin_log_odds,code_8,1467,-0.09634996778067079,0.1098404063680778,10085253.465
MEDNG,XGBoost,EDUCP_A,base_estimator_raw_margin_log_odds,code_9,699,-0.08539345276510664,0.10135566085071837,4769638.392999999
MEDNG,XGBoost,RATCAT_A,base_estimator_raw_margin_log_odds,code_1,188,0.19570254305249893,0.19570254305249893,1438230.0329999998
MEDNG,XGBoost,RATCAT_A,base_estimator_raw_margin_log_odds,code_10,470,0.19077674548370183,0.19077674548370183,3697012.5979999998
MEDNG,XGBoost,RATCAT_A,base_estimator_raw_margin_log_odds,code_11,388,0.19520310325505974,0.19520310325505974,3303098.671
MEDNG,XGBoost,RATCAT_A,base_estimator_raw_margin_log_odds,code_12,394,0.19971416041334594,0.19971416041334594,3100767.9
MEDNG,XGBoost,RATCAT_A,base_estimator_raw_margin_log_odds,code_13,322,0.1995185340279128,0.1995185340279128,2593253.9520000005
MEDNG,XGBoost,RATCAT_A,base_estimator_raw_margin_log_odds,code_14,1930,0.20666540875242279,0.20666540875242279,15348993.286000002
MEDNG,XGBoost,RATCAT_A,base_estimator_raw_margin_log_odds,code_2,187,0.18970442485614508,0.18970442485614508,1384944.663
MEDNG,XGBoost,RATCAT_A,base_estimator_raw_margin_log_odds,code_3,322,0.1906334214200255,0.1906334214200255,2378042.798
MEDNG,XGBoost,RATCAT_A,base_estimator_raw_margin_log_odds,code_4,252,0.19173492246898707,0.19173492246898707,1789827.5900000003
MEDNG,XGBoost,RATCAT_A,base_estimator_raw_margin_log_odds,code_5,331,0.1926204416955629,0.1926204416955629,2620717.5870000003
MEDNG,XGBoost,RATCAT_A,base_estimator_raw_margin_log_odds,code_6,299,0.1829613217880236,0.1829613217880236,2176686.528
MEDNG,XGBoost,RATCAT_A,base_estimator_raw_margin_log_odds,code_7,274,0.1908422191029578,0.1908422191029578,2014189.3329999999
MEDNG,XGBoost,RATCAT_A,base_estimator_raw_margin_log_odds,code_8,530,0.19811191657931762,0.19811191657931762,4181768.7849999997
MEDNG,XGBoost,RATCAT_A,base_estimator_raw_margin_log_odds,code_9,530,0.19124140263813613,0.19124140263813613,4222353.769
MEDNG,XGBoost,EMPWRKLSW1_A,base_estimator_raw_margin_log_odds,Missing/special,192,-0.08622662535862961,0.08622662535862961,1487731.966
MEDNG,XGBoost,EMPWRKLSW1_A,base_estimator_raw_margin_log_odds,code_1,3554,-0.0716661359141868,0.0716661359141868,30897936.551
MEDNG,XGBoost,EMPWRKLSW1_A,base_estimator_raw_margin_log_odds,code_2,2671,-0.0882417099267843,0.0882417099267843,17864218.976000004
MEDNG,XGBoost,NOTCOV_A,base_estimator_raw_margin_log_odds,Missing/special,19,0.5262461450917338,0.5262461450917338,173199.387
MEDNG,XGBoost,NOTCOV_A,base_estimator_raw_margin_log_odds,code_1,471,0.5112810428254858,0.5112810428254858,4739806.264
MEDNG,XGBoost,NOTCOV_A,base_estimator_raw_margin_log_odds,code_2,5927,0.5329882712083741,0.5329882712083741,45336881.842
MEDNG,XGBoost,FDSCAT3_A,base_estimator_raw_margin_log_odds,Missing/special,230,0.5123380108031754,0.5123380108031754,1860564.5
MEDNG,XGBoost,FDSCAT3_A,base_estimator_raw_margin_log_odds,code_1,5646,0.5068019752937973,0.5068019752937973,43846544.77599999
MEDNG,XGBoost,FDSCAT3_A,base_estimator_raw_margin_log_odds,code_2,312,0.48398179129990637,0.48398179129990637,2776281.3880000003
MEDNG,XGBoost,FDSCAT3_A,base_estimator_raw_margin_log_odds,code_3,229,0.4739457535524081,0.4739457535524081,1766496.829
MEDNG,XGBoost,PHSTAT_A,base_estimator_raw_margin_log_odds,Missing/special,3,0.18217630918568956,0.18217630918568956,19857.717
MEDNG,XGBoost,PHSTAT_A,base_estimator_raw_margin_log_odds,code_1,1244,0.1497672891791394,0.15329399418194511,10901571.555
MEDNG,XGBoost,PHSTAT_A,base_estimator_raw_margin_log_odds,code_2,2066,0.14901175289157612,0.15230823220332032,16045518.833999999
MEDNG,XGBoost,PHSTAT_A,base_estimator_raw_margin_log_odds,code_3,2012,0.1548395161050796,0.15839316949613244,15647820.809
MEDNG,XGBoost,PHSTAT_A,base_estimator_raw_margin_log_odds,code_4,860,0.16630401107426201,0.16900733511965715,6007486.089
MEDNG,XGBoost,PHSTAT_A,base_estimator_raw_margin_log_odds,code_5,232,0.17589262492213767,0.17840141728727946,1627632.489
MEDNG,XGBoost,DISAB3_A,base_estimator_raw_margin_log_odds,code_1,749,0.22397360927136162,0.22397360927136162,5099690.0479999995
MEDNG,XGBoost,DISAB3_A,base_estimator_raw_margin_log_odds,code_2,5668,0.237502489848674,0.237502489848674,45150197.445
MEDNG,XGBoost,K6SPD_A,base_estimator_raw_margin_log_odds,Missing/special,120,0.5717096474195965,0.5717096474195965,909804.258
MEDNG,XGBoost,K6SPD_A,base_estimator_raw_margin_log_odds,code_1,235,0.5759407141150867,0.5759407141150867,1796026.582
MEDNG,XGBoost,K6SPD_A,base_estimator_raw_margin_log_odds,code_2,6062,0.5718936809805619,0.5718936809805619,47544056.653000005
MEDNG,XGBoost,CHRONIC_BURDEN_CAT,base_estimator_raw_margin_log_odds,Missing/special,1218,0.47235725375289245,0.47235725375289245,7403342.901000001
MEDNG,XGBoost,CHRONIC_BURDEN_CAT,base_estimator_raw_margin_log_odds,code_0,2427,0.3341484277971015,0.3341484277971015,22443268.351999998
MEDNG,XGBoost,CHRONIC_BURDEN_CAT,base_estimator_raw_margin_log_odds,code_1,1697,0.35492265950324736,0.35492265950324736,13356635.798999999
MEDNG,XGBoost,CHRONIC_BURDEN_CAT,base_estimator_raw_margin_log_odds,code_2,1075,0.4200684490872629,0.4200684490872629,7046640.441
MEDDL,LR,SEX_A,base_estimator_log_odds,Missing/special,1,0.20302280287184848,0.20302280287184848,4611.755
MEDDL,LR,SEX_A,base_estimator_log_odds,code_1,2958,-0.11765817758580129,0.11765817758580129,24662417.391999997
MEDDL,LR,SEX_A,base_estimator_log_odds,code_2,3460,0.09823999886346711,0.09823999886346711,25603154.915
MEDDL,LR,HISPALLP_A,base_estimator_log_odds,code_1,935,-0.09919555356267082,0.09919555356267082,9079677.384
MEDDL,LR,HISPALLP_A,base_estimator_log_odds,code_2,4243,0.13542258933055834,0.13542258933055834,30287641.996999998
MEDDL,LR,HISPALLP_A,base_estimator_log_odds,code_3,671,-0.22620041914631572,0.22620041914631572,6134871.62
MEDDL,LR,HISPALLP_A,base_estimator_log_odds,code_4,384,-0.7411825312609669,0.7411825312609669,3311289.384
MEDDL,LR,HISPALLP_A,base_estimator_log_odds,code_5,43,-0.6703368289294263,0.6703368289294263,289909.742
MEDDL,LR,HISPALLP_A,base_estimator_log_odds,code_6,66,0.03654628510041873,0.03654628510041873,434208.203
MEDDL,LR,HISPALLP_A,base_estimator_log_odds,code_7,77,0.33721076681556555,0.33721076681556555,732585.7319999998
MEDDL,LR,EDUCP_A,base_estimator_log_odds,Missing/special,32,-0.034592591818768996,0.034592591818768996,363870.308
MEDDL,LR,EDUCP_A,base_estimator_log_odds,code_1,440,-0.591720943538397,0.591720943538397,4132990.264
MEDDL,LR,EDUCP_A,base_estimator_log_odds,code_10,249,0.06617172485567269,0.06617172485567269,1652957.372
MEDDL,LR,EDUCP_A,base_estimator_log_odds,code_2,116,-0.22589064236612255,0.22589064236612255,1212495.1609999998
MEDDL,LR,EDUCP_A,base_estimator_log_odds,code_3,147,-0.17325232347964978,0.17325232347964978,1130892.3709999998
MEDDL,LR,EDUCP_A,base_estimator_log_odds,code_4,1491,-0.3384795775964995,0.3384795775964995,12655618.363
MEDDL,LR,EDUCP_A,base_estimator_log_odds,code_5,923,0.07852248753194335,0.07852248753194335,7577074.116
MEDDL,LR,EDUCP_A,base_estimator_log_odds,code_6,276,-0.017832028838812915,0.017832028838812915,2050406.017
MEDDL,LR,EDUCP_A,base_estimator_log_odds,code_7,577,0.16229509051790966,0.16229509051790966,4617930.43
MEDDL,LR,EDUCP_A,base_estimator_log_odds,code_8,1469,0.16379902062412197,0.16379902062412197,10106311.267
MEDDL,LR,EDUCP_A,base_estimator_log_odds,code_9,699,0.453428756705713,0.453428756705713,4769638.392999999
MEDDL,LR,RATCAT_A,base_estimator_log_odds,code_1,188,0.07624104693642206,0.07624104693642206,1438230.0329999998
MEDDL,LR,RATCAT_A,base_estimator_log_odds,code_10,470,0.3794811243365283,0.3794811243365283,3697012.5979999998
MEDDL,LR,RATCAT_A,base_estimator_log_odds,code_11,388,0.32430855323168056,0.32430855323168056,3303098.671
MEDDL,LR,RATCAT_A,base_estimator_log_odds,code_12,394,0.06554641013076352,0.06554641013076352,3100767.9
MEDDL,LR,RATCAT_A,base_estimator_log_odds,code_13,324,-0.011184959736724119,0.011184959736724119,2607330.073
MEDDL,LR,RATCAT_A,base_estimator_log_odds,code_14,1930,-0.3259445299120896,0.3259445299120896,15348993.286000002
MEDDL,LR,RATCAT_A,base_estimator_log_odds,code_2,187,-0.18177515770614583,0.18177515770614583,1384944.663
MEDDL,LR,RATCAT_A,base_estimator_log_odds,code_3,322,-0.08638765689639001,0.08638765689639001,2378042.798
MEDDL,LR,RATCAT_A,base_estimator_log_odds,code_4,252,0.02481442760097557,0.02481442760097557,1789827.5900000003
MEDDL,LR,RATCAT_A,base_estimator_log_odds,code_5,331,0.05232085957910319,0.05232085957910319,2620717.5870000003
MEDDL,LR,RATCAT_A,base_estimator_log_odds,code_6,298,0.25836105600341536,0.25836105600341536,2170348.889
MEDDL,LR,RATCAT_A,base_estimator_log_odds,code_7,274,0.28951134491462865,0.28951134491462865,2014189.3329999999
MEDDL,LR,RATCAT_A,base_estimator_log_odds,code_8,530,0.3880032205680476,0.3880032205680476,4181768.7849999997
MEDDL,LR,RATCAT_A,base_estimator_log_odds,code_9,531,0.2391685865397302,0.2391685865397302,4234911.856000001
MEDDL,LR,EMPWRKLSW1_A,base_estimator_log_odds,Missing/special,193,-0.3369943650023177,0.3369943650023177,1493308.372
MEDDL,LR,EMPWRKLSW1_A,base_estimator_log_odds,code_1,3556,0.24669845119462175,0.24669845119462175,30918994.353
MEDDL,LR,EMPWRKLSW1_A,base_estimator_log_odds,code_2,2670,-0.3094486044677002,0.3094486044677002,17857881.336999997
MEDDL,LR,NOTCOV_A,base_estimator_log_odds,Missing/special,19,0.6852113018296289,0.6852113018296289,173199.387
MEDDL,LR,NOTCOV_A,base_estimator_log_odds,code_1,472,1.4833476372090932,1.4833476372090932,4745382.67
MEDDL,LR,NOTCOV_A,base_estimator_log_odds,code_2,5928,-0.09298360139956578,0.09298360139956578,45351602.004999995
MEDDL,LR,FDSCAT3_A,base_estimator_log_odds,Missing/special,231,0.6119319227914533,0.6119319227914533,1866140.906
MEDDL,LR,FDSCAT3_A,base_estimator_log_odds,code_1,5647,-0.14982182926930873,0.14982182926930873,43861264.938999996
MEDDL,LR,FDSCAT3_A,base_estimator_log_odds,code_2,312,0.949718591236885,0.949718591236885,2776281.3880000003
MEDDL,LR,FDSCAT3_A,base_estimator_log_odds,code_3,229,1.2772099982423324,1.2772099982423324,1766496.829
MEDDL,LR,PHSTAT_A,base_estimator_log_odds,Missing/special,3,0.2240073791933077,0.2240073791933077,19857.717
MEDDL,LR,PHSTAT_A,base_estimator_log_odds,code_1,1245,-0.7019864783646957,0.7019864783646957,10907147.961
MEDDL,LR,PHSTAT_A,base_estimator_log_odds,code_2,2066,-0.08117671919334916,0.08117671919334916,16045518.833999999
MEDDL,LR,PHSTAT_A,base_estimator_log_odds,code_3,2013,0.24568596830785805,0.24568596830785805,15656320.524
MEDDL,LR,PHSTAT_A,base_estimator_log_odds,code_4,860,0.46536715014817104,0.46536715014817104,6013706.5370000005
MEDDL,LR,PHSTAT_A,base_estimator_log_odds,code_5,232,0.7439672995646576,0.7439672995646576,1627632.489
MEDDL,LR,DISAB3_A,base_estimator_log_odds,code_1,748,0.3187415412061196,0.3187415412061196,5093352.409
MEDDL,LR,DISAB3_A,base_estimator_log_odds,code_2,5671,-0.04264341388208203,0.04264341388208203,45176831.653000005
MEDDL,LR,K6SPD_A,base_estimator_log_odds,Missing/special,121,-0.1871631362910804,0.1871631362910804,915380.664
MEDDL,LR,K6SPD_A,base_estimator_log_odds,code_1,235,0.8140907877233364,0.8140907877233364,1796026.582
MEDDL,LR,K6SPD_A,base_estimator_log_odds,code_2,6063,-0.028091565929886674,0.028091565929886674,47558776.816
MEDDL,LR,CHRONIC_BURDEN_CAT,base_estimator_log_odds,Missing/special,1218,0.09904376825662847,0.09904376825662847,7403342.901000001
MEDDL,LR,CHRONIC_BURDEN_CAT,base_estimator_log_odds,code_0,2430,-0.21695552252269765,0.21695552252269765,22469902.56
MEDDL,LR,CHRONIC_BURDEN_CAT,base_estimator_log_odds,code_1,1696,0.06134224905634173,0.06134224905634173,13350298.159999998
MEDDL,LR,CHRONIC_BURDEN_CAT,base_estimator_log_odds,code_2,1075,0.25473177970418626,0.25473177970418626,7046640.441
MEDDL,RF,SEX_A,base_estimator_positive_class_probability,Missing/special,1,-0.001687079115983449,0.001687079115983449,4611.755
MEDDL,RF,SEX_A,base_estimator_positive_class_probability,code_1,2958,-0.003372731953872817,0.003402426629384449,24662417.391999997
MEDDL,RF,SEX_A,base_estimator_positive_class_probability,code_2,3460,0.002948623668477647,0.002981273567816651,25603154.915
MEDDL,RF,HISPALLP_A,base_estimator_positive_class_probability,code_1,935,-0.0018391298068525623,0.002376059088256876,9079677.384
MEDDL,RF,HISPALLP_A,base_estimator_positive_class_probability,code_2,4243,0.002034345550151679,0.0020349591785142496,30287641.996999998
MEDDL,RF,HISPALLP_A,base_estimator_positive_class_probability,code_3,671,-0.004055251071035951,0.004076041781222809,6134871.62
MEDDL,RF,HISPALLP_A,base_estimator_positive_class_probability,code_4,384,-0.009525399774674747,0.009525399774674747,3311289.384
MEDDL,RF,HISPALLP_A,base_estimator_positive_class_probability,code_5,43,-0.004999880531090457,0.0050012357852334465,289909.742
MEDDL,RF,HISPALLP_A,base_estimator_positive_class_probability,code_6,66,0.0033971436083616367,0.004664279576610968,434208.203
MEDDL,RF,HISPALLP_A,base_estimator_positive_class_probability,code_7,77,0.00929042369128585,0.009325137137202018,732585.7319999998
MEDDL,RF,EDUCP_A,base_estimator_positive_class_probability,Missing/special,32,0.0026192049819646545,0.0030698011835256474,363870.308
MEDDL,RF,EDUCP_A,base_estimator_positive_class_probability,code_1,440,-0.006732097755579529,0.006732097755579529,4132990.264
MEDDL,RF,EDUCP_A,base_estimator_positive_class_probability,code_10,249,9.62887503456563e-05,0.001826196240084893,1652957.372
MEDDL,RF,EDUCP_A,base_estimator_positive_class_probability,code_2,116,0.0011322097503706514,0.001743517399890451,1212495.1609999998
MEDDL,RF,EDUCP_A,base_estimator_positive_class_probability,code_3,147,0.0030651796730451182,0.0033592551065484847,1130892.3709999998
MEDDL,RF,EDUCP_A,base_estimator_positive_class_probability,code_4,1491,-0.0038287575986496974,0.003979213072111479,12655618.363
MEDDL,RF,EDUCP_A,base_estimator_positive_class_probability,code_5,923,0.003703071319338061,0.0037044665103385553,7577074.116
MEDDL,RF,EDUCP_A,base_estimator_positive_class_probability,code_6,276,0.0012974716482702052,0.0017653293647658433,2050406.017
MEDDL,RF,EDUCP_A,base_estimator_positive_class_probability,code_7,577,0.002345447106027133,0.0023995229517849615,4617930.43
MEDDL,RF,EDUCP_A,base_estimator_positive_class_probability,code_8,1469,0.0014199405353843657,0.0014484622378349774,10106311.267
MEDDL,RF,EDUCP_A,base_estimator_positive_class_probability,code_9,699,0.0031800398755622134,0.0031981460116815024,4769638.392999999
MEDDL,RF,RATCAT_A,base_estimator_positive_class_probability,code_1,188,0.003485609921294832,0.004404464620184541,1438230.0329999998
MEDDL,RF,RATCAT_A,base_estimator_positive_class_probability,code_10,470,0.008959156410561952,0.008959156410561952,3697012.5979999998
MEDDL,RF,RATCAT_A,base_estimator_positive_class_probability,code_11,388,0.0072165572363363205,0.0072165572363363205,3303098.671
MEDDL,RF,RATCAT_A,base_estimator_positive_class_probability,code_12,394,0.0034792642303214058,0.0035133369591131072,3100767.9
MEDDL,RF,RATCAT_A,base_estimator_positive_class_probability,code_13,324,0.002192264182843916,0.002323887490277757,2607330.073
MEDDL,RF,RATCAT_A,base_estimator_positive_class_probability,code_14,1930,-0.01125497155644205,0.01125497155644205,15348993.286000002
MEDDL,RF,RATCAT_A,base_estimator_positive_class_probability,code_2,187,0.0014436926983200304,0.00280782726166922,1384944.663
MEDDL,RF,RATCAT_A,base_estimator_positive_class_probability,code_3,322,0.0006187112106572428,0.002592549601457657,2378042.798
MEDDL,RF,RATCAT_A,base_estimator_positive_class_probability,code_4,252,0.002904719600019637,0.0037525357711062396,1789827.5900000003
MEDDL,RF,RATCAT_A,base_estimator_positive_class_probability,code_5,331,0.0028254623668851207,0.003330511267766212,2620717.5870000003
MEDDL,RF,RATCAT_A,base_estimator_positive_class_probability,code_6,298,0.005708049318542486,0.0059540272331347665,2170348.889
MEDDL,RF,RATCAT_A,base_estimator_positive_class_probability,code_7,274,0.007364759650884962,0.007364759650884962,2014189.3329999999
MEDDL,RF,RATCAT_A,base_estimator_positive_class_probability,code_8,530,0.010831987066332335,0.010831987066332335,4181768.7849999997
MEDDL,RF,RATCAT_A,base_estimator_positive_class_probability,code_9,531,0.006121127839180458,0.0061238103706382834,4234911.856000001
MEDDL,RF,EMPWRKLSW1_A,base_estimator_positive_class_probability,Missing/special,193,-0.014535127445550728,0.01454383171775146,1493308.372
MEDDL,RF,EMPWRKLSW1_A,base_estimator_positive_class_probability,code_1,3556,0.01044916151469017,0.01044916151469017,30918994.353
MEDDL,RF,EMPWRKLSW1_A,base_estimator_positive_class_probability,code_2,2670,-0.012753806940224746,0.012753806940224746,17857881.336999997
MEDDL,RF,NOTCOV_A,base_estimator_positive_class_probability,Missing/special,19,0.06459111690524874,0.06459111690524874,173199.387
MEDDL,RF,NOTCOV_A,base_estimator_positive_class_probability,code_1,472,0.13603282433389013,0.13603282433389013,4745382.67
MEDDL,RF,NOTCOV_A,base_estimator_positive_class_probability,code_2,5928,-0.01179052655128367,0.01179052655128367,45351602.004999995
MEDDL,RF,FDSCAT3_A,base_estimator_positive_class_probability,Missing/special,231,0.025221331782467146,0.025254375857793346,1866140.906
MEDDL,RF,FDSCAT3_A,base_estimator_positive_class_probability,code_1,5647,-0.012965889394626754,0.012965889394626754,43861264.938999996
MEDDL,RF,FDSCAT3_A,base_estimator_positive_class_probability,code_2,312,0.08207387255250967,0.08207387255250967,2776281.3880000003
MEDDL,RF,FDSCAT3_A,base_estimator_positive_class_probability,code_3,229,0.15260893239728135,0.15260893239728135,1766496.829
MEDDL,RF,PHSTAT_A,base_estimator_positive_class_probability,Missing/special,3,0.004162645106186927,0.004162645106186927,19857.717
MEDDL,RF,PHSTAT_A,base_estimator_positive_class_probability,code_1,1245,-0.019553638967750458,0.019553638967750458,10907147.961
MEDDL,RF,PHSTAT_A,base_estimator_positive_class_probability,code_2,2066,-0.0012864021921270923,0.0018157605852330777,16045518.833999999
MEDDL,RF,PHSTAT_A,base_estimator_positive_class_probability,code_3,2013,0.006279184094169519,0.006280318223444329,15656320.524
MEDDL,RF,PHSTAT_A,base_estimator_positive_class_probability,code_4,860,0.014773384507888582,0.014780126173398333,6013706.5370000005
MEDDL,RF,PHSTAT_A,base_estimator_positive_class_probability,code_5,232,0.019610929151577607,0.019610929151577607,1627632.489
MEDDL,RF,DISAB3_A,base_estimator_positive_class_probability,code_1,748,0.02770206035762442,0.02770206035762442,5093352.409
MEDDL,RF,DISAB3_A,base_estimator_positive_class_probability,code_2,5671,-0.0032751817682315837,0.003284869470223596,45176831.653000005
MEDDL,RF,K6SPD_A,base_estimator_positive_class_probability,Missing/special,121,0.009915871036622814,0.010261923382355976,915380.664
MEDDL,RF,K6SPD_A,base_estimator_positive_class_probability,code_1,235,0.11655363852388968,0.11655363852388968,1796026.582
MEDDL,RF,K6SPD_A,base_estimator_positive_class_probability,code_2,6063,-0.004574130704194824,0.004574130704194824,47558776.816
MEDDL,RF,CHRONIC_BURDEN_CAT,base_estimator_positive_class_probability,Missing/special,1218,0.0035336343616877144,0.003725532283333001,7403342.901000001
MEDDL,RF,CHRONIC_BURDEN_CAT,base_estimator_positive_class_probability,code_0,2430,-0.004452907859237877,0.004465221122552608,22469902.56
MEDDL,RF,CHRONIC_BURDEN_CAT,base_estimator_positive_class_probability,code_1,1696,0.0032201858949153263,0.0032235706800748834,13350298.159999998
MEDDL,RF,CHRONIC_BURDEN_CAT,base_estimator_positive_class_probability,code_2,1075,0.007244636486428805,0.00724485586003178,7046640.441
MEDDL,XGBoost,SEX_A,base_estimator_raw_margin_log_odds,Missing/special,1,-0.11556199938058853,0.11556199938058853,4611.755
MEDDL,XGBoost,SEX_A,base_estimator_raw_margin_log_odds,code_1,2958,-0.07183689337374712,0.07183689337374712,24662417.391999997
MEDDL,XGBoost,SEX_A,base_estimator_raw_margin_log_odds,code_2,3460,-0.07039965782945774,0.07039965782945774,25603154.915
MEDDL,XGBoost,HISPALLP_A,base_estimator_raw_margin_log_odds,code_1,935,-0.9505279526497575,0.9505279526497575,9079677.384
MEDDL,XGBoost,HISPALLP_A,base_estimator_raw_margin_log_odds,code_2,4243,-0.9072920982576135,0.9072920982576135,30287641.996999998
MEDDL,XGBoost,HISPALLP_A,base_estimator_raw_margin_log_odds,code_3,671,-0.9301494919295437,0.9301494919295437,6134871.62
MEDDL,XGBoost,HISPALLP_A,base_estimator_raw_margin_log_odds,code_4,384,-0.9252530793298267,0.9252530793298267,3311289.384
MEDDL,XGBoost,HISPALLP_A,base_estimator_raw_margin_log_odds,code_5,43,-0.9304657333290922,0.9304657333290922,289909.742
MEDDL,XGBoost,HISPALLP_A,base_estimator_raw_margin_log_odds,code_6,66,-0.9420756200194592,0.9420756200194592,434208.203
MEDDL,XGBoost,HISPALLP_A,base_estimator_raw_margin_log_odds,code_7,77,-0.9735393750065546,0.9735393750065546,732585.7319999998
MEDDL,XGBoost,EDUCP_A,base_estimator_raw_margin_log_odds,Missing/special,32,0.19533764194816639,0.19533764194816639,363870.308
MEDDL,XGBoost,EDUCP_A,base_estimator_raw_margin_log_odds,code_1,440,0.17847816296933106,0.17847816296933106,4132990.264
MEDDL,XGBoost,EDUCP_A,base_estimator_raw_margin_log_odds,code_10,249,0.17617368243270426,0.17617368243270426,1652957.372
MEDDL,XGBoost,EDUCP_A,base_estimator_raw_margin_log_odds,code_2,116,0.16435936424853373,0.16435936424853373,1212495.1609999998
MEDDL,XGBoost,EDUCP_A,base_estimator_raw_margin_log_odds,code_3,147,0.1677364635978397,0.1677364635978397,1130892.3709999998
MEDDL,XGBoost,EDUCP_A,base_estimator_raw_margin_log_odds,code_4,1491,0.15996897648707867,0.15996897648707867,12655618.363
MEDDL,XGBoost,EDUCP_A,base_estimator_raw_margin_log_odds,code_5,923,0.1532311387489495,0.1532311387489495,7577074.116
MEDDL,XGBoost,EDUCP_A,base_estimator_raw_margin_log_odds,code_6,276,0.16728652531865468,0.16728652531865468,2050406.017
MEDDL,XGBoost,EDUCP_A,base_estimator_raw_margin_log_odds,code_7,577,0.16461573017953807,0.16461573017953807,4617930.43
MEDDL,XGBoost,EDUCP_A,base_estimator_raw_margin_log_odds,code_8,1469,0.16393083660970778,0.16393083660970778,10106311.267
MEDDL,XGBoost,EDUCP_A,base_estimator_raw_margin_log_odds,code_9,699,0.17107101851388867,0.17107101851388867,4769638.392999999
MEDDL,XGBoost,RATCAT_A,base_estimator_raw_margin_log_odds,code_1,188,0.530777883358657,0.530777883358657,1438230.0329999998
MEDDL,XGBoost,RATCAT_A,base_estimator_raw_margin_log_odds,code_10,470,0.5261116236908884,0.5261116236908884,3697012.5979999998
MEDDL,XGBoost,RATCAT_A,base_estimator_raw_margin_log_odds,code_11,388,0.5222443550548022,0.5222443550548022,3303098.671
MEDDL,XGBoost,RATCAT_A,base_estimator_raw_margin_log_odds,code_12,394,0.525980781687043,0.525980781687043,3100767.9
MEDDL,XGBoost,RATCAT_A,base_estimator_raw_margin_log_odds,code_13,324,0.5187801382802256,0.5187801382802256,2607330.073
MEDDL,XGBoost,RATCAT_A,base_estimator_raw_margin_log_odds,code_14,1930,0.5198787903314329,0.5198787903314329,15348993.286000002
MEDDL,XGBoost,RATCAT_A,base_estimator_raw_margin_log_odds,code_2,187,0.5266969986705179,0.5266969986705179,1384944.663
MEDDL,XGBoost,RATCAT_A,base_estimator_raw_margin_log_odds,code_3,322,0.5291209743792842,0.5291209743792842,2378042.798
MEDDL,XGBoost,RATCAT_A,base_estimator_raw_margin_log_odds,code_4,252,0.5279540559781534,0.5279540559781534,1789827.5900000003
MEDDL,XGBoost,RATCAT_A,base_estimator_raw_margin_log_odds,code_5,331,0.5338773936811975,0.5338773936811975,2620717.5870000003
MEDDL,XGBoost,RATCAT_A,base_estimator_raw_margin_log_odds,code_6,298,0.5337935171727715,0.5337935171727715,2170348.889
MEDDL,XGBoost,RATCAT_A,base_estimator_raw_margin_log_odds,code_7,274,0.5275212026278084,0.5275212026278084,2014189.3329999999
MEDDL,XGBoost,RATCAT_A,base_estimator_raw_margin_log_odds,code_8,530,0.5328846407102246,0.5328846407102246,4181768.7849999997
MEDDL,XGBoost,RATCAT_A,base_estimator_raw_margin_log_odds,code_9,531,0.5302105453085781,0.5302105453085781,4234911.856000001
MEDDL,XGBoost,EMPWRKLSW1_A,base_estimator_raw_margin_log_odds,Missing/special,193,0.018149443614001604,0.020359840457996808,1493308.372
MEDDL,XGBoost,EMPWRKLSW1_A,base_estimator_raw_margin_log_odds,code_1,3556,0.019973109385646635,0.021850544956300778,30918994.353
MEDDL,XGBoost,EMPWRKLSW1_A,base_estimator_raw_margin_log_odds,code_2,2670,0.00996118603331098,0.012476651882144993,17857881.336999997
MEDDL,XGBoost,NOTCOV_A,base_estimator_raw_margin_log_odds,Missing/special,19,0.5105044520626238,0.5105044520626238,173199.387
MEDDL,XGBoost,NOTCOV_A,base_estimator_raw_margin_log_odds,code_1,472,0.511336270724317,0.511336270724317,4745382.67
MEDDL,XGBoost,NOTCOV_A,base_estimator_raw_margin_log_odds,code_2,5928,0.5092685636751699,0.5092685636751699,45351602.004999995
MEDDL,XGBoost,FDSCAT3_A,base_estimator_raw_margin_log_odds,Missing/special,231,0.27187092002099184,0.27187092002099184,1866140.906
MEDDL,XGBoost,FDSCAT3_A,base_estimator_raw_margin_log_odds,code_1,5647,0.2699326606455794,0.2699326606455794,43861264.938999996
MEDDL,XGBoost,FDSCAT3_A,base_estimator_raw_margin_log_odds,code_2,312,0.25999667438673,0.25999667438673,2776281.3880000003
MEDDL,XGBoost,FDSCAT3_A,base_estimator_raw_margin_log_odds,code_3,229,0.252783129626421,0.252783129626421,1766496.829
MEDDL,XGBoost,PHSTAT_A,base_estimator_raw_margin_log_odds,Missing/special,3,-0.0324810032244036,0.09483914014782553,19857.717
MEDDL,XGBoost,PHSTAT_A,base_estimator_raw_margin_log_odds,code_1,1245,-0.0038030415557916207,0.049268238784364385,10907147.961
MEDDL,XGBoost,PHSTAT_A,base_estimator_raw_margin_log_odds,code_2,2066,-0.005904595867424366,0.05616574610182373,16045518.833999999
MEDDL,XGBoost,PHSTAT_A,base_estimator_raw_margin_log_odds,code_3,2013,0.0014134233125402968,0.058788557459430464,15656320.524
MEDDL,XGBoost,PHSTAT_A,base_estimator_raw_margin_log_odds,code_4,860,0.008462523427162713,0.06521016381205659,6013706.5370000005
MEDDL,XGBoost,PHSTAT_A,base_estimator_raw_margin_log_odds,code_5,232,0.010430801478285583,0.07703502983710188,1627632.489
MEDDL,XGBoost,DISAB3_A,base_estimator_raw_margin_log_odds,code_1,748,0.21673320167832894,0.21673320167832894,5093352.409
MEDDL,XGBoost,DISAB3_A,base_estimator_raw_margin_log_odds,code_2,5671,0.23435914696919335,0.23435914696919335,45176831.653000005
MEDDL,XGBoost,K6SPD_A,base_estimator_raw_margin_log_odds,Missing/special,121,0.6361942199553242,0.6361942199553242,915380.664
MEDDL,XGBoost,K6SPD_A,base_estimator_raw_margin_log_odds,code_1,235,0.6419012252807565,0.6419012252807565,1796026.582
MEDDL,XGBoost,K6SPD_A,base_estimator_raw_margin_log_odds,code_2,6063,0.6400169114074062,0.6400169114074062,47558776.816
MEDDL,XGBoost,CHRONIC_BURDEN_CAT,base_estimator_raw_margin_log_odds,Missing/special,1218,-0.045003246219577436,0.051784098823783674,7403342.901000001
MEDDL,XGBoost,CHRONIC_BURDEN_CAT,base_estimator_raw_margin_log_odds,code_0,2430,-0.026405645033801047,0.04478924855940545,22469902.56
MEDDL,XGBoost,CHRONIC_BURDEN_CAT,base_estimator_raw_margin_log_odds,code_1,1696,-0.03460067063917169,0.047992631911293396,13350298.159999998
MEDDL,XGBoost,CHRONIC_BURDEN_CAT,base_estimator_raw_margin_log_odds,code_2,1075,-0.04113282340297725,0.05031919788118458,7046640.441
