Outcome,Model,Split,Explained_output,Aggregation,Rank,Feature_construct,Mean_abs_SHAP,Importance_share_pct,Mean_signed_SHAP,N_explained
MEDNG,LR,locked_test,base_estimator_log_odds,Unweighted,1,PHSTAT_A,0.31225017844443537,13.114269702190882,-0.0003086226140059084,6417
MEDNG,LR,locked_test,base_estimator_log_odds,Unweighted,2,AGEP_A,0.3046979786403382,12.797083061756704,-0.009923705652325391,6417
MEDNG,LR,locked_test,base_estimator_log_odds,Unweighted,3,EMPWRKLSW1_A,0.30332929254050617,12.739599287879432,-0.0056424277571253305,6417
MEDNG,LR,locked_test,base_estimator_log_odds,Unweighted,4,FDSCAT3_A,0.2588478050728336,10.871410688879203,0.004571259943525943,6417
MEDNG,LR,locked_test,base_estimator_log_odds,Unweighted,5,NOTCOV_A,0.24164229109555027,10.148792204601664,-0.025347273906425237,6417
MEDNG,LR,locked_test,base_estimator_log_odds,Unweighted,6,RATCAT_A,0.22809444448561192,9.579792964275336,0.006969130171445583,6417
MEDNG,LR,locked_test,base_estimator_log_odds,Unweighted,7,EDUCP_A,0.2127556932830421,8.935577094912428,-0.003973465150914297,6417
MEDNG,LR,locked_test,base_estimator_log_odds,Unweighted,8,CHRONIC_BURDEN_CAT,0.17486450532962808,7.344176056703244,0.008249978111042158,6417
MEDNG,LR,locked_test,base_estimator_log_odds,Unweighted,9,SEX_A,0.11553366155967439,4.852325801456126,-0.0030321186434833633,6417
MEDNG,LR,locked_test,base_estimator_log_odds,Unweighted,10,DISAB3_A,0.08508926824729185,3.5736844671031074,0.00029841904153014636,6417
MEDNG,LR,locked_test,base_estimator_log_odds,Unweighted,11,HISPALLP_A,0.0799900135611768,3.3595196535967684,-0.011139974930140125,6417
MEDNG,LR,locked_test,base_estimator_log_odds,Unweighted,12,K6SPD_A,0.06390042094460481,2.6837690166450847,0.002783669666985636,6417
MEDNG,LR,locked_test,base_estimator_log_odds,WTFA_A,1,PHSTAT_A,0.31636228455715454,13.02208940892081,-0.024123236513484348,6417
MEDNG,LR,locked_test,base_estimator_log_odds,WTFA_A,2,AGEP_A,0.3113409469778527,12.815401348738245,0.08440844617888936,6417
MEDNG,LR,locked_test,base_estimator_log_odds,WTFA_A,3,EMPWRKLSW1_A,0.2993351594946776,12.321219691625563,0.03116271535209407,6417
MEDNG,LR,locked_test,base_estimator_log_odds,WTFA_A,4,NOTCOV_A,0.2690785111213919,11.075796960901721,0.008278291241681309,6417
MEDNG,LR,locked_test,base_estimator_log_odds,WTFA_A,5,FDSCAT3_A,0.26569744614903834,10.936625724263985,0.013524931478674347,6417
MEDNG,LR,locked_test,base_estimator_log_odds,WTFA_A,6,RATCAT_A,0.2288150501866175,9.4184742843407,0.007254826240826669,6417
MEDNG,LR,locked_test,base_estimator_log_odds,WTFA_A,7,EDUCP_A,0.21861080604883337,8.998447669288632,-0.01800914043904576,6417
MEDNG,LR,locked_test,base_estimator_log_odds,WTFA_A,8,CHRONIC_BURDEN_CAT,0.17829230324237738,7.338859361806166,-0.01846285942545994,6417
MEDNG,LR,locked_test,base_estimator_log_odds,WTFA_A,9,SEX_A,0.11626141894140378,4.785547033149723,-0.009977650036345214,6417
MEDNG,LR,locked_test,base_estimator_log_odds,WTFA_A,10,HISPALLP_A,0.08226275326191468,3.3860955628771046,-0.01666907456327805,6417
MEDNG,LR,locked_test,base_estimator_log_odds,WTFA_A,11,DISAB3_A,0.0802480366510078,3.3031658929336967,-0.006005267878004207,6417
MEDNG,LR,locked_test,base_estimator_log_odds,WTFA_A,12,K6SPD_A,0.0631232700964187,2.5982770611536607,0.0019111376743702298,6417
MEDNG,RF,locked_test,base_estimator_positive_class_probability,Unweighted,1,FDSCAT3_A,0.018089632227296135,22.183246504804803,-0.00038768390261904775,6417
MEDNG,RF,locked_test,base_estimator_positive_class_probability,Unweighted,2,NOTCOV_A,0.01592279786606909,19.526065852030115,-0.0002400945801256896,6417
MEDNG,RF,locked_test,base_estimator_positive_class_probability,Unweighted,3,AGEP_A,0.009287459841241734,11.389176323378216,0.0002393529820331422,6417
MEDNG,RF,locked_test,base_estimator_positive_class_probability,Unweighted,4,EMPWRKLSW1_A,0.007939181976389147,9.73578835743241,-0.00011172357749443898,6417
MEDNG,RF,locked_test,base_estimator_positive_class_probability,Unweighted,5,K6SPD_A,0.006890969356394358,8.450369248485313,0.00010139583038622533,6417
MEDNG,RF,locked_test,base_estimator_positive_class_probability,Unweighted,6,PHSTAT_A,0.006224715042869664,7.633344143380846,2.994128037054098e-05,6417
MEDNG,RF,locked_test,base_estimator_positive_class_probability,Unweighted,7,RATCAT_A,0.005137924226875453,6.300616740886769,0.0003100875564742859,6417
MEDNG,RF,locked_test,base_estimator_positive_class_probability,Unweighted,8,DISAB3_A,0.0047762578472772,5.857106649010923,6.623375971292316e-05,6417
MEDNG,RF,locked_test,base_estimator_positive_class_probability,Unweighted,9,CHRONIC_BURDEN_CAT,0.0025051584516943993,3.072066185164144,0.00048038417657954747,6417
MEDNG,RF,locked_test,base_estimator_positive_class_probability,Unweighted,10,EDUCP_A,0.0018448538598147427,2.2623372008557467,0.00010980428432723987,6417
MEDNG,RF,locked_test,base_estimator_positive_class_probability,Unweighted,11,SEX_A,0.001764648938145404,2.1639822135384925,2.189997421256979e-05,6417
MEDNG,RF,locked_test,base_estimator_positive_class_probability,Unweighted,12,HISPALLP_A,0.001162770160714478,1.4259005810322218,3.0428323223341752e-05,6417
MEDNG,RF,locked_test,base_estimator_positive_class_probability,WTFA_A,1,FDSCAT3_A,0.018808255376223652,22.32944598100776,0.00022049723725009137,6417
MEDNG,RF,locked_test,base_estimator_positive_class_probability,WTFA_A,2,NOTCOV_A,0.01792057657746401,21.275580250832363,0.002135570404741278,6417
MEDNG,RF,locked_test,base_estimator_positive_class_probability,WTFA_A,3,AGEP_A,0.008721154665237173,10.353887061508367,0.0024498647017251103,6417
MEDNG,RF,locked_test,base_estimator_positive_class_probability,WTFA_A,4,EMPWRKLSW1_A,0.007685242338118829,9.12403623873134,0.0009242143535198043,6417
MEDNG,RF,locked_test,base_estimator_positive_class_probability,WTFA_A,5,K6SPD_A,0.00685935982688815,8.143535998156278,1.8605191756913627e-05,6417
MEDNG,RF,locked_test,base_estimator_positive_class_probability,WTFA_A,6,PHSTAT_A,0.00653365210099834,7.7568508471216235,-0.0003734577286684349,6417
MEDNG,RF,locked_test,base_estimator_positive_class_probability,WTFA_A,7,RATCAT_A,0.005239515613258613,6.220432385281417,0.00028979873084706285,6417
MEDNG,RF,locked_test,base_estimator_positive_class_probability,WTFA_A,8,DISAB3_A,0.00473544376964872,5.621990649071113,-0.00025201260938466493,6417
MEDNG,RF,locked_test,base_estimator_positive_class_probability,WTFA_A,9,CHRONIC_BURDEN_CAT,0.0026860185628390268,3.188881967155662,0.0002041488046366073,6417
MEDNG,RF,locked_test,base_estimator_positive_class_probability,WTFA_A,10,EDUCP_A,0.0019159131598375896,2.274601155244683,0.00014541152231477053,6417
MEDNG,RF,locked_test,base_estimator_positive_class_probability,WTFA_A,11,SEX_A,0.0018620437798412893,2.2106466104665228,-8.505597135928851e-05,6417
MEDNG,RF,locked_test,base_estimator_positive_class_probability,WTFA_A,12,HISPALLP_A,0.0012635543257739825,1.5001108554228788,0.0001275338648380965,6417
MEDNG,XGBoost,locked_test,base_estimator_raw_margin_log_odds,Unweighted,1,HISPALLP_A,0.610550237143266,16.71724565091123,-0.610550237143266,6417
MEDNG,XGBoost,locked_test,base_estimator_raw_margin_log_odds,Unweighted,2,K6SPD_A,0.5714547485622563,15.64678683083256,0.5714547485622563,6417
MEDNG,XGBoost,locked_test,base_estimator_raw_margin_log_odds,Unweighted,3,NOTCOV_A,0.540775429464973,14.806767971530029,0.540775429464973,6417
MEDNG,XGBoost,locked_test,base_estimator_raw_margin_log_odds,Unweighted,4,FDSCAT3_A,0.5246363158497565,14.364868991757406,0.5246363158497565,6417
MEDNG,XGBoost,locked_test,base_estimator_raw_margin_log_odds,Unweighted,5,CHRONIC_BURDEN_CAT,0.3982319290798639,10.903838176549911,0.3982319290798639,6417
MEDNG,XGBoost,locked_test,base_estimator_raw_margin_log_odds,Unweighted,6,DISAB3_A,0.22819879593117778,6.248225120136189,0.22819879593117778,6417
MEDNG,XGBoost,locked_test,base_estimator_raw_margin_log_odds,Unweighted,7,RATCAT_A,0.19892068670886107,5.446572259670869,0.19892068670886107,6417
MEDNG,XGBoost,locked_test,base_estimator_raw_margin_log_odds,Unweighted,8,AGEP_A,0.19878030833919563,5.4427286125031085,-0.05654608919072617,6417
MEDNG,XGBoost,locked_test,base_estimator_raw_margin_log_odds,Unweighted,9,PHSTAT_A,0.16221473441491605,4.441540430972192,0.15936725157057177,6417
MEDNG,XGBoost,locked_test,base_estimator_raw_margin_log_odds,Unweighted,10,EDUCP_A,0.09811601994599226,2.6864777178720147,-0.07208829486100544,6417
MEDNG,XGBoost,locked_test,base_estimator_raw_margin_log_odds,Unweighted,11,EMPWRKLSW1_A,0.0847993787138312,2.3218597893544435,-0.0847993787138312,6417
MEDNG,XGBoost,locked_test,base_estimator_raw_margin_log_odds,Unweighted,12,SEX_A,0.03553931042464914,0.973088447910044,-0.03553931042464914,6417
MEDNG,XGBoost,locked_test,base_estimator_raw_margin_log_odds,WTFA_A,1,HISPALLP_A,0.6322445435116572,17.42812392496243,-0.6322445435116572,6417
MEDNG,XGBoost,locked_test,base_estimator_raw_margin_log_odds,WTFA_A,2,K6SPD_A,0.5720349976068221,15.76841892906501,0.5720349976068221,6417
MEDNG,XGBoost,locked_test,base_estimator_raw_margin_log_odds,WTFA_A,3,NOTCOV_A,0.5309175045984336,14.634995523536231,0.5309175045984336,6417
MEDNG,XGBoost,locked_test,base_estimator_raw_margin_log_odds,WTFA_A,4,FDSCAT3_A,0.5045911143741972,13.90929595675705,0.5045911143741972,6417
MEDNG,XGBoost,locked_test,base_estimator_raw_margin_log_odds,WTFA_A,5,CHRONIC_BURDEN_CAT,0.3720814216645752,10.256602755207256,0.3720814216645752,6417
MEDNG,XGBoost,locked_test,base_estimator_raw_margin_log_odds,WTFA_A,6,DISAB3_A,0.2361294898066279,6.509022581405935,0.2361294898066279,6417
MEDNG,XGBoost,locked_test,base_estimator_raw_margin_log_odds,WTFA_A,7,AGEP_A,0.2054440698796636,5.663164271255434,-0.057238592159417,6417
MEDNG,XGBoost,locked_test,base_estimator_raw_margin_log_odds,WTFA_A,8,RATCAT_A,0.19747207525483623,5.443412417836609,0.19747207525483623,6417
MEDNG,XGBoost,locked_test,base_estimator_raw_margin_log_odds,WTFA_A,9,PHSTAT_A,0.157270337227848,4.335232237361382,0.15394155658358952,6417
MEDNG,XGBoost,locked_test,base_estimator_raw_margin_log_odds,WTFA_A,10,EDUCP_A,0.10537115768008862,2.904606473889611,-0.0873758481852946,6417
MEDNG,XGBoost,locked_test,base_estimator_raw_margin_log_odds,WTFA_A,11,EMPWRKLSW1_A,0.07798996677739634,2.149830820762323,-0.07798996677739634,6417
MEDNG,XGBoost,locked_test,base_estimator_raw_margin_log_odds,WTFA_A,12,SEX_A,0.03617909539485048,0.9972941079607215,-0.03617909539485048,6417
MEDDL,LR,locked_test,base_estimator_log_odds,Unweighted,1,AGEP_A,0.35224852371284926,14.2807475691136,-0.006701857114611193,6419
MEDDL,LR,locked_test,base_estimator_log_odds,Unweighted,2,PHSTAT_A,0.3286708687311467,13.324869782838396,0.0041080809394329915,6419
MEDDL,LR,locked_test,base_estimator_log_odds,Unweighted,3,EMPWRKLSW1_A,0.27551446936006874,11.169819952962662,-0.002182270435602376,6419
MEDDL,LR,locked_test,base_estimator_log_odds,Unweighted,4,FDSCAT3_A,0.24555124382489704,9.955060397084369,-0.018054884819373486,6419
MEDDL,LR,locked_test,base_estimator_log_odds,Unweighted,5,EDUCP_A,0.2434795169436011,9.871069105049735,-0.012862677889540194,6419
MEDDL,LR,locked_test,base_estimator_log_odds,Unweighted,6,RATCAT_A,0.24168584966969373,9.798350817144199,0.02529524375079095,6419
MEDDL,LR,locked_test,base_estimator_log_odds,Unweighted,7,NOTCOV_A,0.1969724082558157,7.985592702369311,0.02523014650269964,6419
MEDDL,LR,locked_test,base_estimator_log_odds,Unweighted,8,HISPALLP_A,0.18086029441773432,7.332380509735588,0.007011751194038529,6419
MEDDL,LR,locked_test,base_estimator_log_odds,Unweighted,9,CHRONIC_BURDEN_CAT,0.15972699616505487,6.4756010562173385,-0.00453594813472865,6419
MEDDL,LR,locked_test,base_estimator_log_odds,Unweighted,10,SEX_A,0.10720459700409223,4.346254661132444,-0.0012337545456195898,6419
MEDDL,LR,locked_test,base_estimator_log_odds,Unweighted,11,DISAB3_A,0.07481686757243568,3.0332016397171366,-0.00053156680216696,6419
MEDDL,LR,locked_test,base_estimator_log_odds,Unweighted,12,K6SPD_A,0.05986559259060721,2.427051806635218,-0.00025776111686237217,6419
MEDDL,LR,locked_test,base_estimator_log_odds,WTFA_A,1,AGEP_A,0.36098579792469776,14.308818520708394,0.10240968418037082,6419
MEDDL,LR,locked_test,base_estimator_log_odds,WTFA_A,2,PHSTAT_A,0.3345853340380691,13.262352291876072,-0.02185628757185316,6419
MEDDL,LR,locked_test,base_estimator_log_odds,WTFA_A,3,EMPWRKLSW1_A,0.27167199084841054,10.768582134138022,0.031794891627009984,6419
MEDDL,LR,locked_test,base_estimator_log_odds,WTFA_A,4,FDSCAT3_A,0.25076891672085755,9.940022407036338,-0.010673330601016759,6419
MEDDL,LR,locked_test,base_estimator_log_odds,WTFA_A,5,EDUCP_A,0.24905675058526114,9.872155264748757,-0.0393136442942025,6419
MEDDL,LR,locked_test,base_estimator_log_odds,WTFA_A,6,RATCAT_A,0.24342709867386617,9.649006132572334,0.025036596813140775,6419
MEDDL,LR,locked_test,base_estimator_log_odds,WTFA_A,7,NOTCOV_A,0.22627101620069076,8.968970319401144,0.05849938924727651,6419
MEDDL,LR,locked_test,base_estimator_log_odds,WTFA_A,8,HISPALLP_A,0.18503048579118686,7.3342709247993545,-0.01138738188715473,6419
MEDDL,LR,locked_test,base_estimator_log_odds,WTFA_A,9,CHRONIC_BURDEN_CAT,0.1635594768180633,6.483199296444009,-0.030391253297681997,6419
MEDDL,LR,locked_test,base_estimator_log_odds,WTFA_A,10,SEX_A,0.10777611794096477,4.272048710363459,-0.007669454393692957,6419
MEDDL,LR,locked_test,base_estimator_log_odds,WTFA_A,11,DISAB3_A,0.07061755179635501,2.799150932917176,-0.0060280529893370115,6419
MEDDL,LR,locked_test,base_estimator_log_odds,WTFA_A,12,K6SPD_A,0.059069899598855245,2.341423064994927,-0.0008990883239597187,6419
MEDDL,RF,locked_test,base_estimator_positive_class_probability,Unweighted,1,FDSCAT3_A,0.0214167553035049,19.12210720388036,-0.0010907845983304967,6419
MEDDL,RF,locked_test,base_estimator_positive_class_probability,Unweighted,2,NOTCOV_A,0.021286768896335944,19.006047885944128,-0.0007135945486878575,6419
MEDDL,RF,locked_test,base_estimator_positive_class_probability,Unweighted,3,AGEP_A,0.014340007237796087,12.803580739454112,0.00042732027300767584,6419
MEDDL,RF,locked_test,base_estimator_positive_class_probability,Unweighted,4,EMPWRKLSW1_A,0.011680780408615562,10.429270542301927,-3.3522196822278604e-05,6419
MEDDL,RF,locked_test,base_estimator_positive_class_probability,Unweighted,5,K6SPD_A,0.008662862645270395,7.734700511250728,9.180741542346533e-05,6419
MEDDL,RF,locked_test,base_estimator_positive_class_probability,Unweighted,6,PHSTAT_A,0.00855251066475025,7.636171935294062,0.00027252608873621053,6419
MEDDL,RF,locked_test,base_estimator_positive_class_probability,Unweighted,7,RATCAT_A,0.007378651798688687,6.588083428844104,0.00047572894173523246,6419
MEDDL,RF,locked_test,base_estimator_positive_class_probability,Unweighted,8,DISAB3_A,0.005731142551764268,5.1170927025356585,0.00022197706161354008,6419
MEDDL,RF,locked_test,base_estimator_positive_class_probability,Unweighted,9,CHRONIC_BURDEN_CAT,0.004110448768946082,3.6700443602202384,0.0009018632010844909,6419
MEDDL,RF,locked_test,base_estimator_positive_class_probability,Unweighted,10,SEX_A,0.0030319172734435142,2.7070695964199354,3.731182275365001e-05,6419
MEDDL,RF,locked_test,base_estimator_positive_class_probability,Unweighted,11,EDUCP_A,0.0030312479599974474,2.706471994995849,0.0002532869369667735,6419
MEDDL,RF,locked_test,base_estimator_positive_class_probability,Unweighted,12,HISPALLP_A,0.002776881572915982,2.4793590988588936,0.00014354495739679369,6419
MEDDL,RF,locked_test,base_estimator_positive_class_probability,WTFA_A,1,NOTCOV_A,0.023700613769637193,20.509051454067816,0.0024267999748154323,6419
MEDDL,RF,locked_test,base_estimator_positive_class_probability,WTFA_A,2,FDSCAT3_A,0.022145769196780206,19.1635847223727,-0.0004812075278879065,6419
MEDDL,RF,locked_test,base_estimator_positive_class_probability,WTFA_A,3,AGEP_A,0.013407028741232625,11.601616944298872,0.0038020502098234633,6419
MEDDL,RF,locked_test,base_estimator_positive_class_probability,WTFA_A,4,EMPWRKLSW1_A,0.011389494053945765,9.855766684296668,0.0014644101429871108,6419
MEDDL,RF,locked_test,base_estimator_positive_class_probability,WTFA_A,5,PHSTAT_A,0.009182805378969287,7.946234213193323,-0.00029364643124437154,6419
MEDDL,RF,locked_test,base_estimator_positive_class_probability,WTFA_A,6,K6SPD_A,0.008678445656919302,7.50979237285018,1.7309830063074712e-05,6419
MEDDL,RF,locked_test,base_estimator_positive_class_probability,WTFA_A,7,RATCAT_A,0.007509123393614142,6.497932903825144,0.0004026305416187838,6419
MEDDL,RF,locked_test,base_estimator_positive_class_probability,WTFA_A,8,DISAB3_A,0.005758808254174967,4.983317982688381,-0.0001365815472474766,6419
MEDDL,RF,locked_test,base_estimator_positive_class_probability,WTFA_A,9,CHRONIC_BURDEN_CAT,0.004416176400954035,3.8214870685516766,0.0004007363770363532,6419
MEDDL,RF,locked_test,base_estimator_positive_class_probability,WTFA_A,10,EDUCP_A,0.0032005809305355806,2.7695856160212555,1.4726666101467418e-05,6419
MEDDL,RF,locked_test,base_estimator_positive_class_probability,WTFA_A,11,SEX_A,0.0031877714010007632,2.7585010380906825,-0.00015304171183734374,6419
MEDDL,RF,locked_test,base_estimator_positive_class_probability,WTFA_A,12,HISPALLP_A,0.002985108447222827,2.5831289997433107,-9.292566065189713e-05,6419
MEDDL,XGBoost,locked_test,base_estimator_raw_margin_log_odds,Unweighted,1,HISPALLP_A,0.8941885376054417,24.234475646111246,-0.8941885376054417,6419
MEDDL,XGBoost,locked_test,base_estimator_raw_margin_log_odds,Unweighted,2,K6SPD_A,0.6389247094022434,17.316264589090103,0.6389247094022434,6419
MEDDL,XGBoost,locked_test,base_estimator_raw_margin_log_odds,Unweighted,3,RATCAT_A,0.5252258720916403,14.234776079772168,0.5252258720916403,6419
MEDDL,XGBoost,locked_test,base_estimator_raw_margin_log_odds,Unweighted,4,NOTCOV_A,0.5076445595949336,13.7582838506623,0.5076445595949336,6419
MEDDL,XGBoost,locked_test,base_estimator_raw_margin_log_odds,Unweighted,5,FDSCAT3_A,0.2775322994381807,7.521735594771857,0.2775322994381807,6419
MEDDL,XGBoost,locked_test,base_estimator_raw_margin_log_odds,Unweighted,6,AGEP_A,0.25850303827628696,7.006000772866891,-0.08848847299994134,6419
MEDDL,XGBoost,locked_test,base_estimator_raw_margin_log_odds,Unweighted,7,DISAB3_A,0.22515874949807593,6.102297224511835,0.22515874949807593,6419
MEDDL,XGBoost,locked_test,base_estimator_raw_margin_log_odds,Unweighted,8,EDUCP_A,0.16945937229298644,4.5927216220387015,0.16945937229298644,6419
MEDDL,XGBoost,locked_test,base_estimator_raw_margin_log_odds,Unweighted,9,SEX_A,0.06574046009509345,1.7817110286440276,-0.06574046009509345,6419
MEDDL,XGBoost,locked_test,base_estimator_raw_margin_log_odds,Unweighted,10,PHSTAT_A,0.06233664314011711,1.6894601043366162,0.008288745843378957,6419
MEDDL,XGBoost,locked_test,base_estimator_raw_margin_log_odds,Unweighted,11,CHRONIC_BURDEN_CAT,0.04845525679617664,1.3132440099239568,-0.03854782094255093,6419
MEDDL,XGBoost,locked_test,base_estimator_raw_margin_log_odds,Unweighted,12,EMPWRKLSW1_A,0.016568009041552697,0.4490294772702936,0.014138775418739877,6419
MEDDL,XGBoost,locked_test,base_estimator_raw_margin_log_odds,WTFA_A,1,HISPALLP_A,0.9204733142434925,24.986168619324367,-0.9204733142434925,6419
MEDDL,XGBoost,locked_test,base_estimator_raw_margin_log_odds,WTFA_A,2,K6SPD_A,0.6400146249619425,17.373141720328583,0.6400146249619425,6419
MEDDL,XGBoost,locked_test,base_estimator_raw_margin_log_odds,WTFA_A,3,RATCAT_A,0.5256254123819336,14.268056423961395,0.5256254123819336,6419
MEDDL,XGBoost,locked_test,base_estimator_raw_margin_log_odds,WTFA_A,4,NOTCOV_A,0.5094680082663494,13.829465084662928,0.5094680082663494,6419
MEDDL,XGBoost,locked_test,base_estimator_raw_margin_log_odds,WTFA_A,5,FDSCAT3_A,0.2688532410693107,7.297998009568208,0.2688532410693107,6419
MEDDL,XGBoost,locked_test,base_estimator_raw_margin_log_odds,WTFA_A,6,DISAB3_A,0.23257329413051264,6.313181983198155,0.23257329413051264,6419
MEDDL,XGBoost,locked_test,base_estimator_raw_margin_log_odds,WTFA_A,7,AGEP_A,0.2285142461095396,6.202999475224721,-0.023609380442600376,6419
MEDDL,XGBoost,locked_test,base_estimator_raw_margin_log_odds,WTFA_A,8,EDUCP_A,0.16411980377355315,4.455017899380039,0.16411980377355315,6419
MEDDL,XGBoost,locked_test,base_estimator_raw_margin_log_odds,WTFA_A,9,SEX_A,0.07110890489516114,1.930245082125212,-0.07110890489516114,6419
MEDDL,XGBoost,locked_test,base_estimator_raw_margin_log_odds,WTFA_A,10,PHSTAT_A,0.05725898669546801,1.554290248729749,-0.0009323615648160613,6419
MEDDL,XGBoost,locked_test,base_estimator_raw_margin_log_odds,WTFA_A,11,CHRONIC_BURDEN_CAT,0.04744527548541953,1.2878979054849553,-0.033385280998932974,6419
MEDDL,XGBoost,locked_test,base_estimator_raw_margin_log_odds,WTFA_A,12,EMPWRKLSW1_A,0.018476299270581937,0.5015375480116738,0.01636232024825641,6419
