Outcome,Model,Split,Explained_output,Feature_1,Feature_2,Mean_abs_interaction_SHAP,Mean_signed_interaction_SHAP,N_interaction_screen,Rank
MEDNG,RF,locked_test,base_estimator_positive_class_probability,EMPWRKLSW1_A,FDSCAT3_A,0.0010346384190804492,0.00017851857715858445,100,1
MEDNG,RF,locked_test,base_estimator_positive_class_probability,AGEP_A,DISAB3_A,0.0008785903815103604,-0.00022872804666629502,100,2
MEDNG,RF,locked_test,base_estimator_positive_class_probability,NOTCOV_A,CHRONIC_BURDEN_CAT,0.0008639113654652338,-0.00023811614231669903,100,3
MEDNG,RF,locked_test,base_estimator_positive_class_probability,NOTCOV_A,FDSCAT3_A,0.0008288362582270356,-4.823693626960561e-05,100,4
MEDNG,RF,locked_test,base_estimator_positive_class_probability,AGEP_A,EMPWRKLSW1_A,0.000734067153028948,-0.0001779821507199164,100,5
MEDNG,RF,locked_test,base_estimator_positive_class_probability,EMPWRKLSW1_A,PHSTAT_A,0.0006672892141317447,-0.00022735976937353887,100,6
MEDNG,RF,locked_test,base_estimator_positive_class_probability,AGEP_A,PHSTAT_A,0.0006626711350670059,-9.701145958880498e-05,100,7
MEDNG,RF,locked_test,base_estimator_positive_class_probability,FDSCAT3_A,K6SPD_A,0.0006340124177686126,-0.0001773357917596174,100,8
MEDNG,RF,locked_test,base_estimator_positive_class_probability,RATCAT_A,EMPWRKLSW1_A,0.0005500047704286997,-7.526074584446619e-05,100,9
MEDNG,RF,locked_test,base_estimator_positive_class_probability,RATCAT_A,FDSCAT3_A,0.0005198797559754289,-2.7286131005401666e-05,100,10
MEDNG,RF,locked_test,base_estimator_positive_class_probability,FDSCAT3_A,PHSTAT_A,0.00048488171920285173,-4.2448128946000407e-05,100,11
MEDNG,RF,locked_test,base_estimator_positive_class_probability,AGEP_A,FDSCAT3_A,0.00048090715559760894,3.028384958291495e-05,100,12
MEDNG,RF,locked_test,base_estimator_positive_class_probability,NOTCOV_A,PHSTAT_A,0.00042022340531738323,0.00014763327773416253,100,13
MEDNG,RF,locked_test,base_estimator_positive_class_probability,EMPWRKLSW1_A,DISAB3_A,0.000399069658288024,-0.00019265016023963349,100,14
MEDNG,RF,locked_test,base_estimator_positive_class_probability,FDSCAT3_A,DISAB3_A,0.0003646368377541572,-0.00016077990902634072,100,15
MEDNG,RF,locked_test,base_estimator_positive_class_probability,HISPALLP_A,FDSCAT3_A,0.00036217979483087805,-4.101808618795031e-05,100,16
MEDNG,RF,locked_test,base_estimator_positive_class_probability,AGEP_A,RATCAT_A,0.00033569230534879883,-7.992000763654418e-05,100,17
MEDNG,RF,locked_test,base_estimator_positive_class_probability,AGEP_A,CHRONIC_BURDEN_CAT,0.0003300063705058582,-0.00016969759064234955,100,18
MEDNG,RF,locked_test,base_estimator_positive_class_probability,EMPWRKLSW1_A,CHRONIC_BURDEN_CAT,0.0003152835379411476,-8.352056876410434e-05,100,19
MEDNG,RF,locked_test,base_estimator_positive_class_probability,RATCAT_A,PHSTAT_A,0.00031050653956842146,7.439263638880658e-05,100,20
MEDNG,RF,locked_test,base_estimator_positive_class_probability,EMPWRKLSW1_A,NOTCOV_A,0.00028795493125303556,-8.969878983875406e-05,100,21
MEDNG,RF,locked_test,base_estimator_positive_class_probability,EDUCP_A,FDSCAT3_A,0.00028516871291342857,9.662279793937054e-06,100,22
MEDNG,RF,locked_test,base_estimator_positive_class_probability,PHSTAT_A,K6SPD_A,0.00027857717492151213,-1.9624328221785597e-05,100,23
MEDNG,RF,locked_test,base_estimator_positive_class_probability,AGEP_A,NOTCOV_A,0.0002779442328352642,1.8276995943383153e-05,100,24
MEDNG,RF,locked_test,base_estimator_positive_class_probability,FDSCAT3_A,CHRONIC_BURDEN_CAT,0.0002723396870042396,-4.2003125402195055e-05,100,25
MEDNG,RF,locked_test,base_estimator_positive_class_probability,DISAB3_A,K6SPD_A,0.0002574435324306586,-1.6090867426503324e-05,100,26
MEDNG,RF,locked_test,base_estimator_positive_class_probability,RATCAT_A,NOTCOV_A,0.00023191875585056555,-2.0071052614780098e-05,100,27
MEDNG,RF,locked_test,base_estimator_positive_class_probability,SEX_A,FDSCAT3_A,0.0002317537710216329,-6.633490779764813e-05,100,28
MEDNG,RF,locked_test,base_estimator_positive_class_probability,EDUCP_A,RATCAT_A,0.00022173271025102532,-5.422402926365143e-05,100,29
MEDNG,RF,locked_test,base_estimator_positive_class_probability,PHSTAT_A,DISAB3_A,0.00021719160872726,-6.716013657498957e-05,100,30
MEDNG,RF,locked_test,base_estimator_positive_class_probability,SEX_A,EMPWRKLSW1_A,0.00021513686829587094,1.3560637111594897e-05,100,31
MEDNG,RF,locked_test,base_estimator_positive_class_probability,SEX_A,PHSTAT_A,0.00021498919609067393,1.5634365717264398e-05,100,32
MEDNG,RF,locked_test,base_estimator_positive_class_probability,HISPALLP_A,NOTCOV_A,0.0002124031811703981,-2.0692016539205834e-05,100,33
MEDNG,RF,locked_test,base_estimator_positive_class_probability,AGEP_A,K6SPD_A,0.00020460499372224988,2.2975701634594306e-05,100,34
MEDNG,RF,locked_test,base_estimator_positive_class_probability,EDUCP_A,EMPWRKLSW1_A,0.00020131932931759773,-2.6772336353027984e-05,100,35
MEDNG,RF,locked_test,base_estimator_positive_class_probability,EMPWRKLSW1_A,K6SPD_A,0.00020085722014327536,-0.00012658320203206763,100,36
MEDNG,RF,locked_test,base_estimator_positive_class_probability,EDUCP_A,K6SPD_A,0.00019970562173915379,5.9710888114458795e-05,100,37
MEDNG,RF,locked_test,base_estimator_positive_class_probability,EDUCP_A,PHSTAT_A,0.00019878366210393774,-5.1577168025065694e-05,100,38
MEDNG,RF,locked_test,base_estimator_positive_class_probability,EDUCP_A,NOTCOV_A,0.00019135428042134112,-4.524899652411875e-05,100,39
MEDNG,RF,locked_test,base_estimator_positive_class_probability,PHSTAT_A,CHRONIC_BURDEN_CAT,0.00017169970098739333,1.388221890196568e-05,100,40
MEDNG,RF,locked_test,base_estimator_positive_class_probability,RATCAT_A,DISAB3_A,0.00016300627063773257,-3.386711681468304e-05,100,41
MEDNG,RF,locked_test,base_estimator_positive_class_probability,SEX_A,NOTCOV_A,0.0001628485509471347,3.434115651445167e-05,100,42
MEDNG,RF,locked_test,base_estimator_positive_class_probability,AGEP_A,EDUCP_A,0.00016252287133022934,-4.984660497640091e-05,100,43
MEDNG,RF,locked_test,base_estimator_positive_class_probability,RATCAT_A,K6SPD_A,0.00016182706305517506,3.487324839679506e-05,100,44
MEDNG,RF,locked_test,base_estimator_positive_class_probability,HISPALLP_A,EMPWRKLSW1_A,0.00016161702414916045,-4.7239834365869635e-05,100,45
MEDNG,RF,locked_test,base_estimator_positive_class_probability,HISPALLP_A,RATCAT_A,0.00016117595008620247,-1.1651983776743719e-05,100,46
MEDNG,RF,locked_test,base_estimator_positive_class_probability,HISPALLP_A,K6SPD_A,0.00014458988198645447,-1.2927181074072747e-05,100,47
MEDNG,RF,locked_test,base_estimator_positive_class_probability,HISPALLP_A,PHSTAT_A,0.00014133631166273242,-2.1341880646831437e-05,100,48
MEDNG,RF,locked_test,base_estimator_positive_class_probability,RATCAT_A,CHRONIC_BURDEN_CAT,0.0001349506174456109,2.0999838601621924e-05,100,49
MEDNG,RF,locked_test,base_estimator_positive_class_probability,SEX_A,RATCAT_A,0.00013144478521530124,-1.703262659103514e-05,100,50
MEDNG,RF,locked_test,base_estimator_positive_class_probability,AGEP_A,SEX_A,0.00012728421547227077,1.4632161647338815e-05,100,51
MEDNG,RF,locked_test,base_estimator_positive_class_probability,EDUCP_A,DISAB3_A,0.0001270793100945069,4.914785837146997e-06,100,52
MEDNG,RF,locked_test,base_estimator_positive_class_probability,HISPALLP_A,CHRONIC_BURDEN_CAT,0.00012424870947349371,-1.1964825971351123e-06,100,53
MEDNG,RF,locked_test,base_estimator_positive_class_probability,HISPALLP_A,EDUCP_A,0.00011532109810094419,-6.976298748030495e-07,100,54
MEDNG,RF,locked_test,base_estimator_positive_class_probability,NOTCOV_A,K6SPD_A,0.00011056014953475122,3.9222074409436036e-05,100,55
MEDNG,RF,locked_test,base_estimator_positive_class_probability,SEX_A,K6SPD_A,0.00010596376378436777,3.6594964850477755e-05,100,56
MEDNG,RF,locked_test,base_estimator_positive_class_probability,AGEP_A,HISPALLP_A,0.00010543985437704308,-1.570849344888212e-05,100,57
MEDNG,RF,locked_test,base_estimator_positive_class_probability,EDUCP_A,CHRONIC_BURDEN_CAT,0.00010487554717354988,-1.993767611940778e-05,100,58
MEDNG,RF,locked_test,base_estimator_positive_class_probability,DISAB3_A,CHRONIC_BURDEN_CAT,9.82776972171425e-05,-1.1889440351406393e-05,100,59
MEDNG,RF,locked_test,base_estimator_positive_class_probability,NOTCOV_A,DISAB3_A,9.678855499309393e-05,-8.691261177334915e-06,100,60
MEDNG,RF,locked_test,base_estimator_positive_class_probability,K6SPD_A,CHRONIC_BURDEN_CAT,8.87044578576702e-05,-9.744104505188756e-07,100,61
MEDNG,RF,locked_test,base_estimator_positive_class_probability,SEX_A,HISPALLP_A,8.847498063508543e-05,6.721045025444861e-06,100,62
MEDNG,RF,locked_test,base_estimator_positive_class_probability,HISPALLP_A,DISAB3_A,7.596731475070968e-05,-2.439512315215513e-05,100,63
MEDNG,RF,locked_test,base_estimator_positive_class_probability,SEX_A,CHRONIC_BURDEN_CAT,7.522594952801547e-05,2.1356823335258464e-05,100,64
MEDNG,RF,locked_test,base_estimator_positive_class_probability,SEX_A,EDUCP_A,6.758537360828743e-05,8.465006745833973e-06,100,65
MEDNG,RF,locked_test,base_estimator_positive_class_probability,SEX_A,DISAB3_A,4.996026737817673e-05,-4.947066373801497e-06,100,66
MEDNG,XGBoost,locked_test,base_estimator_raw_margin_log_odds,RATCAT_A,FDSCAT3_A,0.1699568615667522,0.1699568615667522,100,1
MEDNG,XGBoost,locked_test,base_estimator_raw_margin_log_odds,EDUCP_A,RATCAT_A,0.15327395617612638,0.15327395617612638,100,2
MEDNG,XGBoost,locked_test,base_estimator_raw_margin_log_odds,AGEP_A,CHRONIC_BURDEN_CAT,0.14745810720138253,-0.007531691854819655,100,3
MEDNG,XGBoost,locked_test,base_estimator_raw_margin_log_odds,RATCAT_A,PHSTAT_A,0.12903840892016888,-0.12903840892016888,100,4
MEDNG,XGBoost,locked_test,base_estimator_raw_margin_log_odds,AGEP_A,HISPALLP_A,0.12761876543052494,0.029512426452711224,100,5
MEDNG,XGBoost,locked_test,base_estimator_raw_margin_log_odds,RATCAT_A,NOTCOV_A,0.10090962807647884,0.10090962807647884,100,6
MEDNG,XGBoost,locked_test,base_estimator_raw_margin_log_odds,EDUCP_A,PHSTAT_A,0.09858277764171362,0.09858277764171362,100,7
MEDNG,XGBoost,locked_test,base_estimator_raw_margin_log_odds,NOTCOV_A,K6SPD_A,0.09449269470525906,0.09449269470525906,100,8
MEDNG,XGBoost,locked_test,base_estimator_raw_margin_log_odds,NOTCOV_A,DISAB3_A,0.08783482373692095,-0.08783482373692095,100,9
MEDNG,XGBoost,locked_test,base_estimator_raw_margin_log_odds,AGEP_A,PHSTAT_A,0.0830476862564683,0.03628910455852747,100,10
MEDNG,XGBoost,locked_test,base_estimator_raw_margin_log_odds,AGEP_A,EDUCP_A,0.08054032712941989,0.017019422829616816,100,11
MEDNG,XGBoost,locked_test,base_estimator_raw_margin_log_odds,HISPALLP_A,RATCAT_A,0.07986455522477627,0.07986455522477627,100,12
MEDNG,XGBoost,locked_test,base_estimator_raw_margin_log_odds,AGEP_A,FDSCAT3_A,0.07293872243724764,0.0439668785315007,100,13
MEDNG,XGBoost,locked_test,base_estimator_raw_margin_log_odds,RATCAT_A,CHRONIC_BURDEN_CAT,0.07193044041283429,-0.07193044041283429,100,14
MEDNG,XGBoost,locked_test,base_estimator_raw_margin_log_odds,EDUCP_A,K6SPD_A,0.069473745028954,-0.069473745028954,100,15
MEDNG,XGBoost,locked_test,base_estimator_raw_margin_log_odds,RATCAT_A,K6SPD_A,0.06316295906901359,-0.06316295906901359,100,16
MEDNG,XGBoost,locked_test,base_estimator_raw_margin_log_odds,DISAB3_A,CHRONIC_BURDEN_CAT,0.06255589393433184,-0.06255589393433184,100,17
MEDNG,XGBoost,locked_test,base_estimator_raw_margin_log_odds,AGEP_A,RATCAT_A,0.054924016320146624,0.011234583077020943,100,18
MEDNG,XGBoost,locked_test,base_estimator_raw_margin_log_odds,HISPALLP_A,NOTCOV_A,0.04911353073082864,-0.04911353073082864,100,19
MEDNG,XGBoost,locked_test,base_estimator_raw_margin_log_odds,PHSTAT_A,K6SPD_A,0.045994749260135,-0.045994749260135,100,20
MEDNG,XGBoost,locked_test,base_estimator_raw_margin_log_odds,SEX_A,PHSTAT_A,0.04418343458324671,-0.04418343458324671,100,21
MEDNG,XGBoost,locked_test,base_estimator_raw_margin_log_odds,AGEP_A,DISAB3_A,0.04050965653033927,-0.0007284847018308938,100,22
MEDNG,XGBoost,locked_test,base_estimator_raw_margin_log_odds,NOTCOV_A,CHRONIC_BURDEN_CAT,0.03625003823079169,-0.03625003823079169,100,23
MEDNG,XGBoost,locked_test,base_estimator_raw_margin_log_odds,EDUCP_A,EMPWRKLSW1_A,0.03521907878108323,0.03521907878108323,100,24
MEDNG,XGBoost,locked_test,base_estimator_raw_margin_log_odds,EMPWRKLSW1_A,FDSCAT3_A,0.03223760366439819,0.03223760366439819,100,25
MEDNG,XGBoost,locked_test,base_estimator_raw_margin_log_odds,HISPALLP_A,EDUCP_A,0.03203338555584196,0.02976717556884978,100,26
MEDNG,XGBoost,locked_test,base_estimator_raw_margin_log_odds,NOTCOV_A,PHSTAT_A,0.03140795547515154,-0.03140795547515154,100,27
MEDNG,XGBoost,locked_test,base_estimator_raw_margin_log_odds,EDUCP_A,NOTCOV_A,0.03110146784223616,-0.03110146784223616,100,28
MEDNG,XGBoost,locked_test,base_estimator_raw_margin_log_odds,EDUCP_A,CHRONIC_BURDEN_CAT,0.030949606583453713,-0.030949606583453713,100,29
MEDNG,XGBoost,locked_test,base_estimator_raw_margin_log_odds,RATCAT_A,EMPWRKLSW1_A,0.02814383612945676,-0.02814383612945676,100,30
MEDNG,XGBoost,locked_test,base_estimator_raw_margin_log_odds,RATCAT_A,DISAB3_A,0.025820004052948205,0.025434401545207947,100,31
MEDNG,XGBoost,locked_test,base_estimator_raw_margin_log_odds,AGEP_A,EMPWRKLSW1_A,0.024107641205191613,-0.003766636922955513,100,32
MEDNG,XGBoost,locked_test,base_estimator_raw_margin_log_odds,AGEP_A,K6SPD_A,0.02409792648628354,0.00016295216977596283,100,33
MEDNG,XGBoost,locked_test,base_estimator_raw_margin_log_odds,AGEP_A,NOTCOV_A,0.02360573467798531,-0.010563573436811566,100,34
MEDNG,XGBoost,locked_test,base_estimator_raw_margin_log_odds,HISPALLP_A,CHRONIC_BURDEN_CAT,0.022532256613485516,0.004253906304948032,100,35
MEDNG,XGBoost,locked_test,base_estimator_raw_margin_log_odds,SEX_A,RATCAT_A,0.021175474524497986,-0.021175474524497986,100,36
MEDNG,XGBoost,locked_test,base_estimator_raw_margin_log_odds,PHSTAT_A,CHRONIC_BURDEN_CAT,0.020669535826891662,0.00804315579123795,100,37
MEDNG,XGBoost,locked_test,base_estimator_raw_margin_log_odds,FDSCAT3_A,DISAB3_A,0.019798090590629727,0.019798090590629727,100,38
MEDNG,XGBoost,locked_test,base_estimator_raw_margin_log_odds,HISPALLP_A,PHSTAT_A,0.01906244657933712,0.017739834636449812,100,39
MEDNG,XGBoost,locked_test,base_estimator_raw_margin_log_odds,SEX_A,K6SPD_A,0.018935783358756453,-0.018935783358756453,100,40
MEDNG,XGBoost,locked_test,base_estimator_raw_margin_log_odds,FDSCAT3_A,CHRONIC_BURDEN_CAT,0.018179200440645218,0.018179200440645218,100,41
MEDNG,XGBoost,locked_test,base_estimator_raw_margin_log_odds,PHSTAT_A,DISAB3_A,0.01756428664084524,-0.01756428664084524,100,42
MEDNG,XGBoost,locked_test,base_estimator_raw_margin_log_odds,FDSCAT3_A,PHSTAT_A,0.01701240986585617,0.012687347009778022,100,43
MEDNG,XGBoost,locked_test,base_estimator_raw_margin_log_odds,SEX_A,FDSCAT3_A,0.01619365770369768,-0.01619365770369768,100,44
MEDNG,XGBoost,locked_test,base_estimator_raw_margin_log_odds,EMPWRKLSW1_A,CHRONIC_BURDEN_CAT,0.01591627168934792,-0.01591627168934792,100,45
MEDNG,XGBoost,locked_test,base_estimator_raw_margin_log_odds,SEX_A,EMPWRKLSW1_A,0.015020236829295755,-0.015020236829295755,100,46
MEDNG,XGBoost,locked_test,base_estimator_raw_margin_log_odds,EMPWRKLSW1_A,PHSTAT_A,0.0148338982462883,-0.011688862964510917,100,47
MEDNG,XGBoost,locked_test,base_estimator_raw_margin_log_odds,K6SPD_A,CHRONIC_BURDEN_CAT,0.014669133364222944,-0.014669133364222944,100,48
MEDNG,XGBoost,locked_test,base_estimator_raw_margin_log_odds,FDSCAT3_A,K6SPD_A,0.014665417298674583,-0.014665417298674583,100,49
MEDNG,XGBoost,locked_test,base_estimator_raw_margin_log_odds,EDUCP_A,FDSCAT3_A,0.013580053159967066,-0.01345025704242289,100,50
MEDNG,XGBoost,locked_test,base_estimator_raw_margin_log_odds,SEX_A,EDUCP_A,0.012820114167407155,0.012820114167407155,100,51
MEDNG,XGBoost,locked_test,base_estimator_raw_margin_log_odds,SEX_A,HISPALLP_A,0.012410851233871653,-0.012410851233871653,100,52
MEDNG,XGBoost,locked_test,base_estimator_raw_margin_log_odds,EMPWRKLSW1_A,NOTCOV_A,0.01219142932444811,-0.01219142932444811,100,53
MEDNG,XGBoost,locked_test,base_estimator_raw_margin_log_odds,EDUCP_A,DISAB3_A,0.011596987864468247,-0.011596987864468247,100,54
MEDNG,XGBoost,locked_test,base_estimator_raw_margin_log_odds,HISPALLP_A,DISAB3_A,0.01153235962614417,0.01153235962614417,100,55
MEDNG,XGBoost,locked_test,base_estimator_raw_margin_log_odds,AGEP_A,SEX_A,0.010761627890169621,-0.0016929388046264648,100,56
MEDNG,XGBoost,locked_test,base_estimator_raw_margin_log_odds,NOTCOV_A,FDSCAT3_A,0.010617268010973931,0.010617268010973931,100,57
MEDNG,XGBoost,locked_test,base_estimator_raw_margin_log_odds,HISPALLP_A,EMPWRKLSW1_A,0.010272354884073139,0.007362060798332095,100,58
MEDNG,XGBoost,locked_test,base_estimator_raw_margin_log_odds,EMPWRKLSW1_A,K6SPD_A,0.007088833996094763,-0.007088833996094763,100,59
MEDNG,XGBoost,locked_test,base_estimator_raw_margin_log_odds,DISAB3_A,K6SPD_A,0.006874708412215114,-0.006874708412215114,100,60
MEDNG,XGBoost,locked_test,base_estimator_raw_margin_log_odds,HISPALLP_A,FDSCAT3_A,0.006870943428948522,-0.00327110824175179,100,61
MEDNG,XGBoost,locked_test,base_estimator_raw_margin_log_odds,SEX_A,NOTCOV_A,0.003943912349641323,0.003943912349641323,100,62
MEDNG,XGBoost,locked_test,base_estimator_raw_margin_log_odds,EMPWRKLSW1_A,DISAB3_A,0.0038980695814825593,-0.001557442939374596,100,63
MEDNG,XGBoost,locked_test,base_estimator_raw_margin_log_odds,SEX_A,DISAB3_A,0.0026751608680933713,0.0026751608680933713,100,64
MEDNG,XGBoost,locked_test,base_estimator_raw_margin_log_odds,HISPALLP_A,K6SPD_A,0.0025110307498835025,-0.0014934770320542156,100,65
MEDNG,XGBoost,locked_test,base_estimator_raw_margin_log_odds,SEX_A,CHRONIC_BURDEN_CAT,0.0024993088329210876,-0.001403592242859304,100,66
MEDDL,RF,locked_test,base_estimator_positive_class_probability,NOTCOV_A,CHRONIC_BURDEN_CAT,0.0022474109284759004,-0.000414580069767388,100,1
MEDDL,RF,locked_test,base_estimator_positive_class_probability,EMPWRKLSW1_A,FDSCAT3_A,0.001482058358644249,-0.0011448232536245683,100,2
MEDDL,RF,locked_test,base_estimator_positive_class_probability,AGEP_A,EMPWRKLSW1_A,0.0013380433833830427,-0.0001028974006814598,100,3
MEDDL,RF,locked_test,base_estimator_positive_class_probability,NOTCOV_A,PHSTAT_A,0.0012166285135526967,-0.00039409330200102904,100,4
MEDDL,RF,locked_test,base_estimator_positive_class_probability,FDSCAT3_A,K6SPD_A,0.001126168094927812,0.00013579259523179832,100,5
MEDDL,RF,locked_test,base_estimator_positive_class_probability,AGEP_A,PHSTAT_A,0.0010713616726619553,-0.0003970224347370289,100,6
MEDDL,RF,locked_test,base_estimator_positive_class_probability,AGEP_A,RATCAT_A,0.0009647964333953811,-0.00010503177516862973,100,7
MEDDL,RF,locked_test,base_estimator_positive_class_probability,EMPWRKLSW1_A,PHSTAT_A,0.000956459145244334,-0.0002911675977721845,100,8
MEDDL,RF,locked_test,base_estimator_positive_class_probability,AGEP_A,DISAB3_A,0.0008734157234857429,-7.496689307524268e-05,100,9
MEDDL,RF,locked_test,base_estimator_positive_class_probability,RATCAT_A,NOTCOV_A,0.0007093847319723472,-0.00014152322715553763,100,10
MEDDL,RF,locked_test,base_estimator_positive_class_probability,NOTCOV_A,FDSCAT3_A,0.0007008112588086124,0.0001510320053421208,100,11
MEDDL,RF,locked_test,base_estimator_positive_class_probability,RATCAT_A,FDSCAT3_A,0.0006724129756128963,-8.107942202842062e-06,100,12
MEDDL,RF,locked_test,base_estimator_positive_class_probability,AGEP_A,NOTCOV_A,0.0006570967945611656,-0.00031473597759273323,100,13
MEDDL,RF,locked_test,base_estimator_positive_class_probability,AGEP_A,CHRONIC_BURDEN_CAT,0.000634671963078426,-0.00035620543521901535,100,14
MEDDL,RF,locked_test,base_estimator_positive_class_probability,RATCAT_A,EMPWRKLSW1_A,0.0006146219723550121,1.303447968677286e-06,100,15
MEDDL,RF,locked_test,base_estimator_positive_class_probability,AGEP_A,FDSCAT3_A,0.0005383791625159143,-8.832559979283703e-05,100,16
MEDDL,RF,locked_test,base_estimator_positive_class_probability,SEX_A,EMPWRKLSW1_A,0.0005327237767383788,-9.017445225675144e-05,100,17
MEDDL,RF,locked_test,base_estimator_positive_class_probability,EMPWRKLSW1_A,DISAB3_A,0.0005271864876839805,-0.00016271398129325592,100,18
MEDDL,RF,locked_test,base_estimator_positive_class_probability,EDUCP_A,NOTCOV_A,0.0005183872776804276,-1.6821938457303994e-05,100,19
MEDDL,RF,locked_test,base_estimator_positive_class_probability,RATCAT_A,PHSTAT_A,0.0005085753224367297,-1.6843900435624535e-05,100,20
MEDDL,RF,locked_test,base_estimator_positive_class_probability,HISPALLP_A,FDSCAT3_A,0.00048805808716004343,-0.0001426846474715306,100,21
MEDDL,RF,locked_test,base_estimator_positive_class_probability,EMPWRKLSW1_A,NOTCOV_A,0.00048330082662978685,-6.470812048461835e-05,100,22
MEDDL,RF,locked_test,base_estimator_positive_class_probability,PHSTAT_A,CHRONIC_BURDEN_CAT,0.0004689831107864799,-3.450021726873253e-05,100,23
MEDDL,RF,locked_test,base_estimator_positive_class_probability,EDUCP_A,RATCAT_A,0.0004465746854120091,-0.00011001080498588859,100,24
MEDDL,RF,locked_test,base_estimator_positive_class_probability,PHSTAT_A,K6SPD_A,0.00043434296925315885,3.371296792087977e-05,100,25
MEDDL,RF,locked_test,base_estimator_positive_class_probability,HISPALLP_A,NOTCOV_A,0.000428907900626651,-0.00011813208419289166,100,26
MEDDL,RF,locked_test,base_estimator_positive_class_probability,FDSCAT3_A,PHSTAT_A,0.00042070139898607367,6.211715443487285e-05,100,27
MEDDL,RF,locked_test,base_estimator_positive_class_probability,EDUCP_A,EMPWRKLSW1_A,0.0004037637388351235,-2.372346962191124e-05,100,28
MEDDL,RF,locked_test,base_estimator_positive_class_probability,EMPWRKLSW1_A,CHRONIC_BURDEN_CAT,0.0004013226238219523,-9.221251579919012e-05,100,29
MEDDL,RF,locked_test,base_estimator_positive_class_probability,AGEP_A,HISPALLP_A,0.0003754687493931979,-7.669085530686472e-05,100,30
MEDDL,RF,locked_test,base_estimator_positive_class_probability,EDUCP_A,K6SPD_A,0.0003752139435849299,0.00010595913255009896,100,31
MEDDL,RF,locked_test,base_estimator_positive_class_probability,EDUCP_A,PHSTAT_A,0.0003670038315998173,3.2147716633623767e-06,100,32
MEDDL,RF,locked_test,base_estimator_positive_class_probability,SEX_A,RATCAT_A,0.00034730824354016113,-0.00010447816127946604,100,33
MEDDL,RF,locked_test,base_estimator_positive_class_probability,HISPALLP_A,RATCAT_A,0.00031688846520099424,-2.9483098030696545e-05,100,34
MEDDL,RF,locked_test,base_estimator_positive_class_probability,DISAB3_A,K6SPD_A,0.0003163047234887143,0.00011158058593647553,100,35
MEDDL,RF,locked_test,base_estimator_positive_class_probability,SEX_A,FDSCAT3_A,0.0003059831358688152,8.230597170767762e-06,100,36
MEDDL,RF,locked_test,base_estimator_positive_class_probability,FDSCAT3_A,CHRONIC_BURDEN_CAT,0.00030320938059612485,3.5611160006087246e-05,100,37
MEDDL,RF,locked_test,base_estimator_positive_class_probability,AGEP_A,SEX_A,0.0003011227095627912,-5.2320887534911745e-06,100,38
MEDDL,RF,locked_test,base_estimator_positive_class_probability,HISPALLP_A,PHSTAT_A,0.00029235148430865643,-9.751584130753476e-07,100,39
MEDDL,RF,locked_test,base_estimator_positive_class_probability,RATCAT_A,CHRONIC_BURDEN_CAT,0.0002875354795137762,-6.305491007475488e-05,100,40
MEDDL,RF,locked_test,base_estimator_positive_class_probability,SEX_A,K6SPD_A,0.0002829590089308636,-8.322599004733557e-06,100,41
MEDDL,RF,locked_test,base_estimator_positive_class_probability,EDUCP_A,FDSCAT3_A,0.0002779135287522202,-0.0001391559617239177,100,42
MEDDL,RF,locked_test,base_estimator_positive_class_probability,EMPWRKLSW1_A,K6SPD_A,0.0002697679752478089,-0.00012150864552222416,100,43
MEDDL,RF,locked_test,base_estimator_positive_class_probability,SEX_A,PHSTAT_A,0.0002545299521829679,1.8252743140520374e-05,100,44
MEDDL,RF,locked_test,base_estimator_positive_class_probability,AGEP_A,EDUCP_A,0.00025386058249038764,5.04214216552039e-05,100,45
MEDDL,RF,locked_test,base_estimator_positive_class_probability,EDUCP_A,CHRONIC_BURDEN_CAT,0.0002525231492613246,3.488395197949768e-05,100,46
MEDDL,RF,locked_test,base_estimator_positive_class_probability,AGEP_A,K6SPD_A,0.00021202220397657017,1.8539749550274997e-05,100,47
MEDDL,RF,locked_test,base_estimator_positive_class_probability,EDUCP_A,DISAB3_A,0.00020366011758657759,-1.6767429971434704e-06,100,48
MEDDL,RF,locked_test,base_estimator_positive_class_probability,RATCAT_A,K6SPD_A,0.00019917995732886013,-1.3191099480594995e-05,100,49
MEDDL,RF,locked_test,base_estimator_positive_class_probability,RATCAT_A,DISAB3_A,0.0001897303192703448,5.984777994298275e-05,100,50
MEDDL,RF,locked_test,base_estimator_positive_class_probability,NOTCOV_A,K6SPD_A,0.00018888485438467906,-1.2668204417120636e-06,100,51
MEDDL,RF,locked_test,base_estimator_positive_class_probability,PHSTAT_A,DISAB3_A,0.0001866316062632094,5.563071799159342e-05,100,52
MEDDL,RF,locked_test,base_estimator_positive_class_probability,HISPALLP_A,EMPWRKLSW1_A,0.00016548729546672937,2.999249827534123e-06,100,53
MEDDL,RF,locked_test,base_estimator_positive_class_probability,HISPALLP_A,EDUCP_A,0.00015814415377181227,-1.0225505111109595e-06,100,54
MEDDL,RF,locked_test,base_estimator_positive_class_probability,FDSCAT3_A,DISAB3_A,0.00015050816653271163,9.886309709208432e-05,100,55
MEDDL,RF,locked_test,base_estimator_positive_class_probability,SEX_A,NOTCOV_A,0.0001466085860294254,-3.8114491922109886e-05,100,56
MEDDL,RF,locked_test,base_estimator_positive_class_probability,DISAB3_A,CHRONIC_BURDEN_CAT,0.0001450868019205594,3.350405848971211e-06,100,57
MEDDL,RF,locked_test,base_estimator_positive_class_probability,SEX_A,EDUCP_A,0.00013717839151051607,-2.2809828182972313e-05,100,58
MEDDL,RF,locked_test,base_estimator_positive_class_probability,K6SPD_A,CHRONIC_BURDEN_CAT,0.00012527490880162896,-7.466332436560141e-05,100,59
MEDDL,RF,locked_test,base_estimator_positive_class_probability,HISPALLP_A,CHRONIC_BURDEN_CAT,0.00011663850963895677,-4.576307483402792e-06,100,60
MEDDL,RF,locked_test,base_estimator_positive_class_probability,SEX_A,HISPALLP_A,0.00010790490771960126,-1.0650074765620505e-05,100,61
MEDDL,RF,locked_test,base_estimator_positive_class_probability,HISPALLP_A,K6SPD_A,9.634720356953513e-05,-1.6045170798998483e-05,100,62
MEDDL,RF,locked_test,base_estimator_positive_class_probability,SEX_A,CHRONIC_BURDEN_CAT,9.553920515350151e-05,-3.1189123559556466e-06,100,63
MEDDL,RF,locked_test,base_estimator_positive_class_probability,HISPALLP_A,DISAB3_A,9.434237027303444e-05,-3.8825419788570396e-05,100,64
MEDDL,RF,locked_test,base_estimator_positive_class_probability,NOTCOV_A,DISAB3_A,8.871552887264622e-05,-7.142000049278217e-05,100,65
MEDDL,RF,locked_test,base_estimator_positive_class_probability,SEX_A,DISAB3_A,8.387082763478257e-05,-5.4590965467748496e-06,100,66
MEDDL,XGBoost,locked_test,base_estimator_raw_margin_log_odds,EDUCP_A,RATCAT_A,0.35593919520499184,0.35593919520499184,100,1
MEDDL,XGBoost,locked_test,base_estimator_raw_margin_log_odds,HISPALLP_A,NOTCOV_A,0.1838892048597336,-0.1838892048597336,100,2
MEDDL,XGBoost,locked_test,base_estimator_raw_margin_log_odds,AGEP_A,HISPALLP_A,0.13487203301861883,0.07202582534402609,100,3
MEDDL,XGBoost,locked_test,base_estimator_raw_margin_log_odds,HISPALLP_A,PHSTAT_A,0.12420876417309046,-0.12420876417309046,100,4
MEDDL,XGBoost,locked_test,base_estimator_raw_margin_log_odds,HISPALLP_A,CHRONIC_BURDEN_CAT,0.10719962682924233,-0.10719962682924233,100,5
MEDDL,XGBoost,locked_test,base_estimator_raw_margin_log_odds,PHSTAT_A,K6SPD_A,0.10506025590642822,0.10506025590642822,100,6
MEDDL,XGBoost,locked_test,base_estimator_raw_margin_log_odds,RATCAT_A,FDSCAT3_A,0.08699384826701134,0.08699384826701134,100,7
MEDDL,XGBoost,locked_test,base_estimator_raw_margin_log_odds,AGEP_A,PHSTAT_A,0.07082551319152117,-0.0026702527329325676,100,8
MEDDL,XGBoost,locked_test,base_estimator_raw_margin_log_odds,RATCAT_A,CHRONIC_BURDEN_CAT,0.06214493975974619,-0.06214493975974619,100,9
MEDDL,XGBoost,locked_test,base_estimator_raw_margin_log_odds,FDSCAT3_A,K6SPD_A,0.06171551888226531,-0.06171551888226531,100,10
MEDDL,XGBoost,locked_test,base_estimator_raw_margin_log_odds,AGEP_A,RATCAT_A,0.060118642731104045,0.010880666344892233,100,11
MEDDL,XGBoost,locked_test,base_estimator_raw_margin_log_odds,EDUCP_A,FDSCAT3_A,0.0558982627117075,-0.0558982627117075,100,12
MEDDL,XGBoost,locked_test,base_estimator_raw_margin_log_odds,EDUCP_A,NOTCOV_A,0.04664486401714384,0.04664486401714384,100,13
MEDDL,XGBoost,locked_test,base_estimator_raw_margin_log_odds,NOTCOV_A,DISAB3_A,0.04648223543772474,-0.04648223543772474,100,14
MEDDL,XGBoost,locked_test,base_estimator_raw_margin_log_odds,AGEP_A,FDSCAT3_A,0.041347227413207295,0.027469665315002202,100,15
MEDDL,XGBoost,locked_test,base_estimator_raw_margin_log_odds,RATCAT_A,PHSTAT_A,0.04026577098295093,-0.04026577098295093,100,16
MEDDL,XGBoost,locked_test,base_estimator_raw_margin_log_odds,EDUCP_A,PHSTAT_A,0.03981441345065832,0.03535415712743997,100,17
MEDDL,XGBoost,locked_test,base_estimator_raw_margin_log_odds,AGEP_A,CHRONIC_BURDEN_CAT,0.0385024916077964,-0.022768484747502954,100,18
MEDDL,XGBoost,locked_test,base_estimator_raw_margin_log_odds,AGEP_A,EDUCP_A,0.03559884389862418,0.003848325302824378,100,19
MEDDL,XGBoost,locked_test,base_estimator_raw_margin_log_odds,HISPALLP_A,EDUCP_A,0.034792673053452745,0.033733791714766995,100,20
MEDDL,XGBoost,locked_test,base_estimator_raw_margin_log_odds,HISPALLP_A,RATCAT_A,0.031325083071133124,-0.029392970217159017,100,21
MEDDL,XGBoost,locked_test,base_estimator_raw_margin_log_odds,AGEP_A,DISAB3_A,0.030598377236165108,0.005794849894009531,100,22
MEDDL,XGBoost,locked_test,base_estimator_raw_margin_log_odds,EDUCP_A,EMPWRKLSW1_A,0.029492287943139673,0.029492287943139673,100,23
MEDDL,XGBoost,locked_test,base_estimator_raw_margin_log_odds,FDSCAT3_A,PHSTAT_A,0.028713259045034648,-0.028713259045034648,100,24
MEDDL,XGBoost,locked_test,base_estimator_raw_margin_log_odds,SEX_A,NOTCOV_A,0.028604866694658993,0.028604866694658993,100,25
MEDDL,XGBoost,locked_test,base_estimator_raw_margin_log_odds,EDUCP_A,K6SPD_A,0.02765459100890439,0.02765459100890439,100,26
MEDDL,XGBoost,locked_test,base_estimator_raw_margin_log_odds,RATCAT_A,DISAB3_A,0.027601935939164834,0.021537571874214335,100,27
MEDDL,XGBoost,locked_test,base_estimator_raw_margin_log_odds,RATCAT_A,EMPWRKLSW1_A,0.026534943408332765,0.026534943408332765,100,28
MEDDL,XGBoost,locked_test,base_estimator_raw_margin_log_odds,HISPALLP_A,EMPWRKLSW1_A,0.026251376285217703,0.026251376285217703,100,29
MEDDL,XGBoost,locked_test,base_estimator_raw_margin_log_odds,NOTCOV_A,K6SPD_A,0.02495265857432969,0.02495265857432969,100,30
MEDDL,XGBoost,locked_test,base_estimator_raw_margin_log_odds,PHSTAT_A,CHRONIC_BURDEN_CAT,0.023144713449291886,0.022651845491491258,100,31
MEDDL,XGBoost,locked_test,base_estimator_raw_margin_log_odds,EMPWRKLSW1_A,NOTCOV_A,0.022682754350826145,-0.022682754350826145,100,32
MEDDL,XGBoost,locked_test,base_estimator_raw_margin_log_odds,SEX_A,PHSTAT_A,0.02257885951548815,0.02257885951548815,100,33
MEDDL,XGBoost,locked_test,base_estimator_raw_margin_log_odds,RATCAT_A,NOTCOV_A,0.02116909196600318,-0.02116909196600318,100,34
MEDDL,XGBoost,locked_test,base_estimator_raw_margin_log_odds,FDSCAT3_A,CHRONIC_BURDEN_CAT,0.020546871069818735,-0.020546871069818735,100,35
MEDDL,XGBoost,locked_test,base_estimator_raw_margin_log_odds,RATCAT_A,K6SPD_A,0.019554764475324192,-0.019554764475324192,100,36
MEDDL,XGBoost,locked_test,base_estimator_raw_margin_log_odds,NOTCOV_A,PHSTAT_A,0.018579144459217788,0.018579144459217788,100,37
MEDDL,XGBoost,locked_test,base_estimator_raw_margin_log_odds,EDUCP_A,CHRONIC_BURDEN_CAT,0.018465315958019347,-0.018465315958019347,100,38
MEDDL,XGBoost,locked_test,base_estimator_raw_margin_log_odds,HISPALLP_A,DISAB3_A,0.018376708252471872,-0.018376708252471872,100,39
MEDDL,XGBoost,locked_test,base_estimator_raw_margin_log_odds,AGEP_A,NOTCOV_A,0.01818966376595199,-0.016161776138469575,100,40
MEDDL,XGBoost,locked_test,base_estimator_raw_margin_log_odds,AGEP_A,SEX_A,0.01782992959022522,0.00691964453086257,100,41
MEDDL,XGBoost,locked_test,base_estimator_raw_margin_log_odds,AGEP_A,K6SPD_A,0.01766935632796958,0.0071487231110222635,100,42
MEDDL,XGBoost,locked_test,base_estimator_raw_margin_log_odds,HISPALLP_A,FDSCAT3_A,0.01604974084533751,-0.01604974084533751,100,43
MEDDL,XGBoost,locked_test,base_estimator_raw_margin_log_odds,EDUCP_A,DISAB3_A,0.016009432998253033,0.016009432998253033,100,44
MEDDL,XGBoost,locked_test,base_estimator_raw_margin_log_odds,SEX_A,HISPALLP_A,0.01566096045600716,-0.01566096045600716,100,45
MEDDL,XGBoost,locked_test,base_estimator_raw_margin_log_odds,HISPALLP_A,K6SPD_A,0.014147705165669322,0.014147705165669322,100,46
MEDDL,XGBoost,locked_test,base_estimator_raw_margin_log_odds,EMPWRKLSW1_A,CHRONIC_BURDEN_CAT,0.013903499949374237,-0.013903499949374237,100,47
MEDDL,XGBoost,locked_test,base_estimator_raw_margin_log_odds,SEX_A,K6SPD_A,0.01189248129085172,-0.01189248129085172,100,48
MEDDL,XGBoost,locked_test,base_estimator_raw_margin_log_odds,DISAB3_A,CHRONIC_BURDEN_CAT,0.011662643370218575,-0.011662643370218575,100,49
MEDDL,XGBoost,locked_test,base_estimator_raw_margin_log_odds,AGEP_A,EMPWRKLSW1_A,0.011192136574536563,0.00310685595497489,100,50
MEDDL,XGBoost,locked_test,base_estimator_raw_margin_log_odds,K6SPD_A,CHRONIC_BURDEN_CAT,0.01102918151533231,-0.01102918151533231,100,51
MEDDL,XGBoost,locked_test,base_estimator_raw_margin_log_odds,SEX_A,DISAB3_A,0.010708906928775831,0.010708906928775831,100,52
MEDDL,XGBoost,locked_test,base_estimator_raw_margin_log_odds,EMPWRKLSW1_A,PHSTAT_A,0.009146676864475012,0.009146676864475012,100,53
MEDDL,XGBoost,locked_test,base_estimator_raw_margin_log_odds,EMPWRKLSW1_A,FDSCAT3_A,0.008231760510243475,0.008231760510243475,100,54
MEDDL,XGBoost,locked_test,base_estimator_raw_margin_log_odds,SEX_A,FDSCAT3_A,0.008069030405022205,-0.00804413692560047,100,55
MEDDL,XGBoost,locked_test,base_estimator_raw_margin_log_odds,FDSCAT3_A,DISAB3_A,0.007741869743331336,0.0074610763398231935,100,56
MEDDL,XGBoost,locked_test,base_estimator_raw_margin_log_odds,PHSTAT_A,DISAB3_A,0.007448374453815632,0.00458194988023024,100,57
MEDDL,XGBoost,locked_test,base_estimator_raw_margin_log_odds,SEX_A,EDUCP_A,0.00701992855174467,-0.0036915467656217517,100,58
MEDDL,XGBoost,locked_test,base_estimator_raw_margin_log_odds,NOTCOV_A,FDSCAT3_A,0.007011027100961655,0.005781243599485606,100,59
MEDDL,XGBoost,locked_test,base_estimator_raw_margin_log_odds,EMPWRKLSW1_A,K6SPD_A,0.00689740153728053,-0.006347486467566341,100,60
MEDDL,XGBoost,locked_test,base_estimator_raw_margin_log_odds,SEX_A,EMPWRKLSW1_A,0.00671440526843071,0.00671440526843071,100,61
MEDDL,XGBoost,locked_test,base_estimator_raw_margin_log_odds,SEX_A,RATCAT_A,0.006595995521638543,0.003802505957428366,100,62
MEDDL,XGBoost,locked_test,base_estimator_raw_margin_log_odds,SEX_A,CHRONIC_BURDEN_CAT,0.006095676333643496,-0.00551799597684294,100,63
MEDDL,XGBoost,locked_test,base_estimator_raw_margin_log_odds,DISAB3_A,K6SPD_A,0.004629403217113577,-0.004440679875551723,100,64
MEDDL,XGBoost,locked_test,base_estimator_raw_margin_log_odds,NOTCOV_A,CHRONIC_BURDEN_CAT,0.0026866858080029487,-0.00201752346009016,100,65
MEDDL,XGBoost,locked_test,base_estimator_raw_margin_log_odds,EMPWRKLSW1_A,DISAB3_A,0.0012720946269109846,0.0012001112895086408,100,66
