Outcome,Model,Split,Explained_output,Aggregation,Rank,Encoded_feature,Feature_construct,Mean_abs_SHAP,Importance_share_pct,Mean_signed_SHAP,N_explained
MEDNG,LR,locked_test,base_estimator_log_odds,WTFA_A,1,AGEP_A,AGEP_A,0.31134094697785253,9.79063931198469,0.08440844617888962,6417
MEDNG,LR,locked_test,base_estimator_log_odds,WTFA_A,2,PHSTAT_A=1,PHSTAT_A,0.2631928499031356,8.276541482602447,-0.03226367503553912,6417
MEDNG,LR,locked_test,base_estimator_log_odds,WTFA_A,3,CHRONIC_BURDEN_CAT=0,CHRONIC_BURDEN_CAT,0.21983236402079226,6.912998133141809,-0.021858238109995723,6417
MEDNG,LR,locked_test,base_estimator_log_odds,WTFA_A,4,FDSCAT3_A=1,FDSCAT3_A,0.20863806586978217,6.560974614837442,0.015265551111163312,6417
MEDNG,LR,locked_test,base_estimator_log_odds,WTFA_A,5,EMPWRKLSW1_A=1,EMPWRKLSW1_A,0.18486478466589915,5.813383834411888,0.02086825146400548,6417
MEDNG,LR,locked_test,base_estimator_log_odds,WTFA_A,6,RATCAT_A=14,RATCAT_A,0.17038698446375702,5.3581050759123325,0.0049810529154963685,6417
MEDNG,LR,locked_test,base_estimator_log_odds,WTFA_A,7,NOTCOV_A=2,NOTCOV_A,0.1620108604153347,5.094703778438995,0.005443195767606407,6417
MEDNG,LR,locked_test,base_estimator_log_odds,WTFA_A,8,PHSTAT_A=2,PHSTAT_A,0.147487839844948,4.638002989463413,0.018366872677491732,6417
MEDNG,LR,locked_test,base_estimator_log_odds,WTFA_A,9,SEX_A=1,SEX_A,0.10772505156243802,3.387595287258537,-0.009237972960364039,6417
MEDNG,LR,locked_test,base_estimator_log_odds,WTFA_A,10,EDUCP_A=4,EDUCP_A,0.10747052658908562,3.3795913217211577,-0.0028829877117892157,6417
MEDNG,LR,locked_test,base_estimator_log_odds,WTFA_A,11,NOTCOV_A=1,NOTCOV_A,0.1072428816540633,3.3724326441632,0.0027714637089977156,6417
MEDNG,LR,locked_test,base_estimator_log_odds,WTFA_A,12,EMPWRKLSW1_A=2,EMPWRKLSW1_A,0.10572877215099911,3.3248189262528336,0.014298519161743059,6417
MEDNG,LR,locked_test,base_estimator_log_odds,WTFA_A,13,DISAB3_A=2,DISAB3_A,0.07494657178515925,2.356820903709978,-0.005608538961087468,6417
MEDNG,LR,locked_test,base_estimator_log_odds,WTFA_A,14,HISPALLP_A=2,HISPALLP_A,0.06675429697429278,2.099201054485466,-0.013262114852492147,6417
MEDNG,LR,locked_test,base_estimator_log_odds,WTFA_A,15,CHRONIC_BURDEN_CAT=1,CHRONIC_BURDEN_CAT,0.056845359320098446,1.7875978571583195,0.0017506041983459016,6417
MEDNG,LR,locked_test,base_estimator_log_odds,WTFA_A,16,EDUCP_A=5,EDUCP_A,0.05308300980301847,1.6692844536535432,0.0022808504149308306,6417
MEDNG,LR,locked_test,base_estimator_log_odds,WTFA_A,17,EDUCP_A=7,EDUCP_A,0.04989034589825564,1.568885771631968,-0.001770726369657474,6417
MEDNG,LR,locked_test,base_estimator_log_odds,WTFA_A,18,PHSTAT_A=5,PHSTAT_A,0.04915377733874284,1.5457231354135752,-0.009928056261485003,6417
MEDNG,LR,locked_test,base_estimator_log_odds,WTFA_A,19,EDUCP_A=1,EDUCP_A,0.047458719959797245,1.492419207448215,-0.004130559557688718,6417
MEDNG,LR,locked_test,base_estimator_log_odds,WTFA_A,20,PHSTAT_A=4,PHSTAT_A,0.04604358767917794,1.4479179946370535,-0.0005306680426029166,6417
MEDNG,LR,locked_test,base_estimator_log_odds,WTFA_A,21,EDUCP_A=8,EDUCP_A,0.0432641937096932,1.360515280264677,-0.0058607680004460466,6417
MEDNG,LR,locked_test,base_estimator_log_odds,WTFA_A,22,K6SPD_A=2,K6SPD_A,0.04313424700129225,1.3564288876327955,0.0016854953009124464,6417
MEDNG,LR,locked_test,base_estimator_log_odds,WTFA_A,23,CHRONIC_BURDEN_CAT=3+,CHRONIC_BURDEN_CAT,0.04158274221021946,1.3076392120451175,0.0034107860869022856,6417
MEDNG,LR,locked_test,base_estimator_log_odds,WTFA_A,24,HISPALLP_A=4,HISPALLP_A,0.039262737917281444,1.2346827780941796,-0.00825873944641541,6417
MEDNG,LR,locked_test,base_estimator_log_odds,WTFA_A,25,EDUCP_A=9,EDUCP_A,0.03787052679628652,1.1909023596683153,-0.0019194901065676627,6417
MEDNG,LR,locked_test,base_estimator_log_odds,WTFA_A,26,RATCAT_A=8,RATCAT_A,0.03658465575762535,1.1504659838447582,-0.00018634676989739176,6417
MEDNG,LR,locked_test,base_estimator_log_odds,WTFA_A,27,FDSCAT3_A=2,FDSCAT3_A,0.034087669995290164,1.071944070156598,-0.0008775493695271519,6417
MEDNG,LR,locked_test,base_estimator_log_odds,WTFA_A,28,FDSCAT3_A=3,FDSCAT3_A,0.03313707017947616,1.0420508613865482,0.0005728893253521505,6417
MEDNG,LR,locked_test,base_estimator_log_odds,WTFA_A,29,K6SPD_A=1,K6SPD_A,0.02829912503562418,0.8899135457703273,0.0007323313382067814,6417
MEDNG,LR,locked_test,base_estimator_log_odds,WTFA_A,30,RATCAT_A=10,RATCAT_A,0.026046904963349864,0.8190887005551605,0.0019455721986370957,6417
MEDNG,LR,locked_test,base_estimator_log_odds,WTFA_A,31,HISPALLP_A=1,HISPALLP_A,0.025494793417817515,0.801726625136683,0.001854212946626137,6417
MEDNG,LR,locked_test,base_estimator_log_odds,WTFA_A,32,RATCAT_A=2,RATCAT_A,0.02413358182871427,0.7589210390884353,-0.0017107155618877813,6417
MEDNG,LR,locked_test,base_estimator_log_odds,WTFA_A,33,CHRONIC_BURDEN_CAT=2,CHRONIC_BURDEN_CAT,0.020316924704655664,0.6388998416137814,-0.0011142586835304876,6417
MEDNG,LR,locked_test,base_estimator_log_odds,WTFA_A,34,EMPWRKLSW1_A=Missing,EMPWRKLSW1_A,0.020182427123586626,0.634670339142733,-0.004004055273654521,6417
MEDNG,LR,locked_test,base_estimator_log_odds,WTFA_A,35,RATCAT_A=3,RATCAT_A,0.01981323573326979,0.6230604954174891,0.0034556757583813513,6417
MEDNG,LR,locked_test,base_estimator_log_odds,WTFA_A,36,EDUCP_A=10,EDUCP_A,0.01739095103671006,0.5468876822839708,-0.0014414986530553058,6417
MEDNG,LR,locked_test,base_estimator_log_odds,WTFA_A,37,RATCAT_A=9,RATCAT_A,0.015851516086539747,0.4984775631278393,2.7942240847635307e-06,6417
MEDNG,LR,locked_test,base_estimator_log_odds,WTFA_A,38,HISPALLP_A=7,HISPALLP_A,0.015424903505092307,0.4850620135464227,-0.0007279761241483478,6417
MEDNG,LR,locked_test,base_estimator_log_odds,WTFA_A,39,RATCAT_A=11,RATCAT_A,0.014298398750418091,0.4496371783510842,-3.097078764478599e-05,6417
MEDNG,LR,locked_test,base_estimator_log_odds,WTFA_A,40,RATCAT_A=7,RATCAT_A,0.01284309705458554,0.4038727707705107,-0.001991338749310846,6417
MEDNG,LR,locked_test,base_estimator_log_odds,WTFA_A,41,RATCAT_A=4,RATCAT_A,0.012097237945959011,0.3804179776216988,-0.0006699573171285873,6417
MEDNG,LR,locked_test,base_estimator_log_odds,WTFA_A,42,HISPALLP_A=5,HISPALLP_A,0.01165846451022396,0.3666200095398847,0.0019014208485451977,6417
MEDNG,LR,locked_test,base_estimator_log_odds,WTFA_A,43,SEX_A=2,SEX_A,0.00854356736483575,0.26866683396032914,-0.0007342116663985049,6417
MEDNG,LR,locked_test,base_estimator_log_odds,WTFA_A,44,RATCAT_A=6,RATCAT_A,0.008383587382938373,0.26363599456994696,0.0005713233067334878,6417
MEDNG,LR,locked_test,base_estimator_log_odds,WTFA_A,45,K6SPD_A=Missing,K6SPD_A,0.008067716859118338,0.2537029151018306,-0.0005066889647489976,6417
MEDNG,LR,locked_test,base_estimator_log_odds,WTFA_A,46,CHRONIC_BURDEN_CAT=Missing/indeterminate,CHRONIC_BURDEN_CAT,0.005952097007196774,0.18717369338364795,-0.0006517529171819557,6417
MEDNG,LR,locked_test,base_estimator_log_odds,WTFA_A,47,DISAB3_A=1,DISAB3_A,0.005301464865848567,0.16671347225771402,-0.0003967289169167283,6417
MEDNG,LR,locked_test,base_estimator_log_odds,WTFA_A,48,EDUCP_A=2,EDUCP_A,0.004757108599490995,0.14959527462627692,-0.001623069203989311,6417
MEDNG,LR,locked_test,base_estimator_log_odds,WTFA_A,49,FDSCAT3_A=Missing,FDSCAT3_A,0.004684571394248873,0.14731422030265293,-0.0014359595883139283,6417
MEDNG,LR,locked_test,base_estimator_log_odds,WTFA_A,50,RATCAT_A=1,RATCAT_A,0.004504097216762996,0.1416389064897961,0.0008179241724206813,6417
MEDNG,LR,locked_test,base_estimator_log_odds,WTFA_A,51,HISPALLP_A=3,HISPALLP_A,0.0032243279858944563,0.10139441226687189,0.000869424493119473,6417
MEDNG,LR,locked_test,base_estimator_log_odds,WTFA_A,52,HISPALLP_A=6,HISPALLP_A,0.0025861606352962896,0.08132616743418694,0.0009546975714870506,6417
MEDNG,LR,locked_test,base_estimator_log_odds,WTFA_A,53,PHSTAT_A=3,PHSTAT_A,0.0025636402276592546,0.08061797536862879,0.00021841534236239856,6417
MEDNG,LR,locked_test,base_estimator_log_odds,WTFA_A,54,EDUCP_A=6,EDUCP_A,0.0025590955278397397,0.08047505964505942,2.6541216478839888e-05,6417
MEDNG,LR,locked_test,base_estimator_log_odds,WTFA_A,55,EDUCP_A=3,EDUCP_A,0.0019863565946334144,0.06246432135513923,0.00022544993372630658,6417
MEDNG,LR,locked_test,base_estimator_log_odds,WTFA_A,56,RATCAT_A=12,RATCAT_A,0.0017906758900786428,0.056310812742771915,3.485397909065566e-05,6417
MEDNG,LR,locked_test,base_estimator_log_odds,WTFA_A,57,EDUCP_A=Missing,EDUCP_A,0.0009128824009880124,0.028707121273604898,-0.0009128824009880124,6417
MEDNG,LR,locked_test,base_estimator_log_odds,WTFA_A,58,RATCAT_A=5,RATCAT_A,0.0006409029728513845,0.02015427107187731,-2.7979032683468014e-05,6417
MEDNG,LR,locked_test,base_estimator_log_odds,WTFA_A,59,RATCAT_A=13,RATCAT_A,0.0003963233191750177,0.01246305282564458,6.2937904535133e-05,6417
MEDNG,LR,locked_test,base_estimator_log_odds,WTFA_A,60,NOTCOV_A=Missing,NOTCOV_A,0.00023895419827920834,0.00751431634722504,6.363176507719545e-05,6417
MEDNG,LR,locked_test,base_estimator_log_odds,WTFA_A,61,PHSTAT_A=Missing,PHSTAT_A,1.3874806288478942e-05,0.00043631660150316695,1.3874806288478942e-05,6417
MEDNG,LR,locked_test,base_estimator_log_odds,WTFA_A,62,SEX_A=Missing,SEX_A,5.465409582715077e-06,0.00017186898940226624,-5.465409582715077e-06,6417
MEDNG,LR,locked_test,base_estimator_log_odds,WTFA_A,63,DISAB3_A=Missing,DISAB3_A,0.0,0.0,0.0,6417
MEDNG,RF,locked_test,base_estimator_positive_class_probability,WTFA_A,1,FDSCAT3_A=1,FDSCAT3_A,0.010521773381554302,11.196075976937927,0.0005733458335622238,6417
MEDNG,RF,locked_test,base_estimator_positive_class_probability,WTFA_A,2,NOTCOV_A=1,NOTCOV_A,0.009548956291827082,10.160914540431046,0.001006705905039916,6417
MEDNG,RF,locked_test,base_estimator_positive_class_probability,WTFA_A,3,AGEP_A,AGEP_A,0.00872115466523717,9.280062086282832,0.002449864701725109,6417
MEDNG,RF,locked_test,base_estimator_positive_class_probability,WTFA_A,4,NOTCOV_A=2,NOTCOV_A,0.008394467657737142,8.932438883994427,0.0011264418922148154,6417
MEDNG,RF,locked_test,base_estimator_positive_class_probability,WTFA_A,5,FDSCAT3_A=3,FDSCAT3_A,0.0055110817657600735,5.864267165527201,-0.00042545182162609775,6417
MEDNG,RF,locked_test,base_estimator_positive_class_probability,WTFA_A,6,RATCAT_A=14,RATCAT_A,0.004486506972088762,4.774031060070904,0.0002520214276323176,6417
MEDNG,RF,locked_test,base_estimator_positive_class_probability,WTFA_A,7,EMPWRKLSW1_A=1,EMPWRKLSW1_A,0.00397620679651911,4.231027582469051,0.00036183900559725836,6417
MEDNG,RF,locked_test,base_estimator_positive_class_probability,WTFA_A,8,FDSCAT3_A=2,FDSCAT3_A,0.003944276866095155,4.197051377698128,-7.488236587522631e-05,6417
MEDNG,RF,locked_test,base_estimator_positive_class_probability,WTFA_A,9,PHSTAT_A=1,PHSTAT_A,0.0038213533832895203,4.066250171196719,-8.322220742288487e-05,6417
MEDNG,RF,locked_test,base_estimator_positive_class_probability,WTFA_A,10,K6SPD_A=1,K6SPD_A,0.0036855502311139397,3.9217438836605343,-0.00016112255638811945,6417
MEDNG,RF,locked_test,base_estimator_positive_class_probability,WTFA_A,11,EMPWRKLSW1_A=2,EMPWRKLSW1_A,0.0036260312559209503,3.8584105515153633,0.0004143101422151437,6417
MEDNG,RF,locked_test,base_estimator_positive_class_probability,WTFA_A,12,K6SPD_A=2,K6SPD_A,0.003402469481110666,3.6205215070028616,0.00012070416738039325,6417
MEDNG,RF,locked_test,base_estimator_positive_class_probability,WTFA_A,13,DISAB3_A=1,DISAB3_A,0.0024645449176936437,2.622488733263149,-0.00013045857086176348,6417
MEDNG,RF,locked_test,base_estimator_positive_class_probability,WTFA_A,14,DISAB3_A=2,DISAB3_A,0.0022708988519550785,2.41643258797067,-0.00012155403852290154,6417
MEDNG,RF,locked_test,base_estimator_positive_class_probability,WTFA_A,15,PHSTAT_A=4,PHSTAT_A,0.002208519020486311,2.3500550575652643,-9.64757382376056e-05,6417
MEDNG,RF,locked_test,base_estimator_positive_class_probability,WTFA_A,16,CHRONIC_BURDEN_CAT=0,CHRONIC_BURDEN_CAT,0.001724214810001749,1.8347135329091713,8.98251499450153e-05,6417
MEDNG,RF,locked_test,base_estimator_positive_class_probability,WTFA_A,17,PHSTAT_A=5,PHSTAT_A,0.0013670503865070567,1.4546597267023045,-0.00021908878475629547,6417
MEDNG,RF,locked_test,base_estimator_positive_class_probability,WTFA_A,18,PHSTAT_A=3,PHSTAT_A,0.0012493511855614088,1.3294176074866848,-5.150912947489498e-06,6417
MEDNG,RF,locked_test,base_estimator_positive_class_probability,WTFA_A,19,PHSTAT_A=2,PHSTAT_A,0.0011943874041962983,1.270931395150806,3.0479914695839874e-05,6417
MEDNG,RF,locked_test,base_estimator_positive_class_probability,WTFA_A,20,EDUCP_A=5,EDUCP_A,0.0010134185330283282,1.07836488021243,-3.4458255428740883e-06,6417
MEDNG,RF,locked_test,base_estimator_positive_class_probability,WTFA_A,21,SEX_A=1,SEX_A,0.0010054996940785114,1.0699385513687854,-4.916892862098555e-05,6417
MEDNG,RF,locked_test,base_estimator_positive_class_probability,WTFA_A,22,SEX_A=2,SEX_A,0.0008651612172892058,0.9206062865839019,-3.588704273830287e-05,6417
MEDNG,RF,locked_test,base_estimator_positive_class_probability,WTFA_A,23,CHRONIC_BURDEN_CAT=2,CHRONIC_BURDEN_CAT,0.0007774731498585227,0.8272986064407514,-9.687537705216431e-06,6417
MEDNG,RF,locked_test,base_estimator_positive_class_probability,WTFA_A,24,HISPALLP_A=1,HISPALLP_A,0.0006940647555152774,0.7385448682336067,4.142954384603306e-05,6417
MEDNG,RF,locked_test,base_estimator_positive_class_probability,WTFA_A,25,EDUCP_A=4,EDUCP_A,0.00069170823706057,0.7360373289906296,5.371511522246156e-06,6417
MEDNG,RF,locked_test,base_estimator_positive_class_probability,WTFA_A,26,RATCAT_A=8,RATCAT_A,0.000686502049034656,0.7304974951076317,-8.237593623898666e-06,6417
MEDNG,RF,locked_test,base_estimator_positive_class_probability,WTFA_A,27,EDUCP_A=7,EDUCP_A,0.0004170286498998899,0.4437545154721138,-1.2804002963580088e-05,6417
MEDNG,RF,locked_test,base_estimator_positive_class_probability,WTFA_A,28,CHRONIC_BURDEN_CAT=1,CHRONIC_BURDEN_CAT,0.0004107371013386689,0.43705976420256887,9.818186368768366e-06,6417
MEDNG,RF,locked_test,base_estimator_positive_class_probability,WTFA_A,29,HISPALLP_A=2,HISPALLP_A,0.0003591430203625417,0.38215920422836464,4.595602785853175e-05,6417
MEDNG,RF,locked_test,base_estimator_positive_class_probability,WTFA_A,30,FDSCAT3_A=Missing,FDSCAT3_A,0.0003585261196807437,0.3815027686016723,0.00014748559118919275,6417
MEDNG,RF,locked_test,base_estimator_positive_class_probability,WTFA_A,31,EMPWRKLSW1_A=Missing,EMPWRKLSW1_A,0.0003404272481800444,0.36224400555190855,0.0001480652057074061,6417
MEDNG,RF,locked_test,base_estimator_positive_class_probability,WTFA_A,32,HISPALLP_A=4,HISPALLP_A,0.0003368946488709115,0.3584850146644535,1.435481442768267e-06,6417
MEDNG,RF,locked_test,base_estimator_positive_class_probability,WTFA_A,33,EDUCP_A=10,EDUCP_A,0.0002918151071335095,0.3105164873074292,5.705983013091732e-05,6417
MEDNG,RF,locked_test,base_estimator_positive_class_probability,WTFA_A,34,CHRONIC_BURDEN_CAT=3+,CHRONIC_BURDEN_CAT,0.0002846871949474133,0.3029317728777894,0.00011849179229380015,6417
MEDNG,RF,locked_test,base_estimator_positive_class_probability,WTFA_A,35,RATCAT_A=1,RATCAT_A,0.0002636105848872487,0.2805044387191214,-2.706706783219531e-05,6417
MEDNG,RF,locked_test,base_estimator_positive_class_probability,WTFA_A,36,RATCAT_A=10,RATCAT_A,0.000251399692012282,0.26751099365841985,2.0885626659376153e-07,6417
MEDNG,RF,locked_test,base_estimator_positive_class_probability,WTFA_A,37,RATCAT_A=7,RATCAT_A,0.00023341968557084292,0.24837871330185057,-1.908022702769168e-05,6417
MEDNG,RF,locked_test,base_estimator_positive_class_probability,WTFA_A,38,EDUCP_A=3,EDUCP_A,0.00022863833351113557,0.24329094159344064,-2.2814582583453676e-05,6417
MEDNG,RF,locked_test,base_estimator_positive_class_probability,WTFA_A,39,EDUCP_A=1,EDUCP_A,0.00021941109661180442,0.23347236428372334,8.19738406932929e-05,6417
MEDNG,RF,locked_test,base_estimator_positive_class_probability,WTFA_A,40,RATCAT_A=9,RATCAT_A,0.00019572170818343165,0.20826480819282459,-1.1459150463815418e-06,6417
MEDNG,RF,locked_test,base_estimator_positive_class_probability,WTFA_A,41,HISPALLP_A=7,HISPALLP_A,0.00019312195953922941,0.20549845101272632,3.347605707969251e-06,6417
MEDNG,RF,locked_test,base_estimator_positive_class_probability,WTFA_A,42,HISPALLP_A=3,HISPALLP_A,0.0001809624821691637,0.1925597164916258,1.994549425669082e-05,6417
MEDNG,RF,locked_test,base_estimator_positive_class_probability,WTFA_A,43,RATCAT_A=6,RATCAT_A,0.00016815355690212775,0.17892991329475547,-1.2231759507137289e-05,6417
MEDNG,RF,locked_test,base_estimator_positive_class_probability,WTFA_A,44,RATCAT_A=5,RATCAT_A,0.00015540899457866408,0.16536859783091284,8.372685061027019e-06,6417
MEDNG,RF,locked_test,base_estimator_positive_class_probability,WTFA_A,45,RATCAT_A=3,RATCAT_A,0.00013969837544684872,0.14865114165067383,1.3340513412415071e-05,6417
MEDNG,RF,locked_test,base_estimator_positive_class_probability,WTFA_A,46,K6SPD_A=Missing,K6SPD_A,0.0001383112023585244,0.1471750696306026,5.90235807646388e-05,6417
MEDNG,RF,locked_test,base_estimator_positive_class_probability,WTFA_A,47,EDUCP_A=8,EDUCP_A,0.00013238182896725944,0.14086570403443632,1.3018278602812564e-05,6417
MEDNG,RF,locked_test,base_estimator_positive_class_probability,WTFA_A,48,RATCAT_A=11,RATCAT_A,0.00013179884387881633,0.14024535752943806,8.08776998936866e-06,6417
MEDNG,RF,locked_test,base_estimator_positive_class_probability,WTFA_A,49,EDUCP_A=9,EDUCP_A,0.00012834715624391964,0.1365724636542754,1.088489331238976e-05,6417
MEDNG,RF,locked_test,base_estimator_positive_class_probability,WTFA_A,50,RATCAT_A=4,RATCAT_A,0.0001111935923606508,0.11831958958562995,2.3216960562297495e-05,6417
MEDNG,RF,locked_test,base_estimator_positive_class_probability,WTFA_A,51,RATCAT_A=2,RATCAT_A,8.493149141130307e-05,0.09037444508571338,2.970669998732544e-05,6417
MEDNG,RF,locked_test,base_estimator_positive_class_probability,WTFA_A,52,RATCAT_A=12,RATCAT_A,7.037113316554678e-05,0.07488096587272157,1.358867636699541e-05,6417
MEDNG,RF,locked_test,base_estimator_positive_class_probability,WTFA_A,53,HISPALLP_A=6,HISPALLP_A,5.889570615128268e-05,0.06267012003329832,6.302365590328321e-07,6417
MEDNG,RF,locked_test,base_estimator_positive_class_probability,WTFA_A,54,CHRONIC_BURDEN_CAT=Missing/indeterminate,CHRONIC_BURDEN_CAT,5.118677206264558e-05,0.054467148098082785,-4.298786265760513e-06,6417
MEDNG,RF,locked_test,base_estimator_positive_class_probability,WTFA_A,55,EDUCP_A=2,EDUCP_A,4.771213773432036e-05,0.05076983695847915,1.2583391808790437e-05,6417
MEDNG,RF,locked_test,base_estimator_positive_class_probability,WTFA_A,56,EDUCP_A=6,EDUCP_A,4.0336467975063575e-05,0.04292148706432435,1.5193030234670494e-06,6417
MEDNG,RF,locked_test,base_estimator_positive_class_probability,WTFA_A,57,RATCAT_A=13,RATCAT_A,3.9322184137101434e-05,0.04184220142489854,9.01770460602746e-06,6417
MEDNG,RF,locked_test,base_estimator_positive_class_probability,WTFA_A,58,HISPALLP_A=5,HISPALLP_A,3.5759726437212e-05,0.03805143862986316,1.4789475167070662e-05,6417
MEDNG,RF,locked_test,base_estimator_positive_class_probability,WTFA_A,59,NOTCOV_A=Missing,NOTCOV_A,1.3779511197411238e-05,0.014662590487050865,2.4226074865448325e-06,6417
MEDNG,RF,locked_test,base_estimator_positive_class_probability,WTFA_A,60,EDUCP_A=Missing,EDUCP_A,1.1574740718903614e-05,0.01231652420203127,2.0648843107622263e-06,6417
MEDNG,RF,locked_test,base_estimator_positive_class_probability,WTFA_A,61,SEX_A=Missing,SEX_A,0.0,0.0,0.0,6417
MEDNG,RF,locked_test,base_estimator_positive_class_probability,WTFA_A,62,PHSTAT_A=Missing,PHSTAT_A,0.0,0.0,0.0,6417
MEDNG,RF,locked_test,base_estimator_positive_class_probability,WTFA_A,63,DISAB3_A=Missing,DISAB3_A,0.0,0.0,0.0,6417
MEDNG,XGBoost,locked_test,base_estimator_raw_margin_log_odds,WTFA_A,1,NOTCOV_A=1,NOTCOV_A,0.6272489907538115,7.713419081212212,0.6272489907538115,6417
MEDNG,XGBoost,locked_test,base_estimator_raw_margin_log_odds,WTFA_A,2,HISPALLP_A=5,HISPALLP_A,0.5911045383787356,7.268942784335553,-0.5911045383787356,6417
MEDNG,XGBoost,locked_test,base_estimator_raw_margin_log_odds,WTFA_A,3,K6SPD_A=1,K6SPD_A,0.5767863801520621,7.092869236986018,0.5767863801520621,6417
MEDNG,XGBoost,locked_test,base_estimator_raw_margin_log_odds,WTFA_A,4,FDSCAT3_A=3,FDSCAT3_A,0.45767926615497845,5.628182805670878,0.45767926615497845,6417
MEDNG,XGBoost,locked_test,base_estimator_raw_margin_log_odds,WTFA_A,5,PHSTAT_A=1,PHSTAT_A,0.33930266926505004,4.1724797042240125,-0.33930266926505004,6417
MEDNG,XGBoost,locked_test,base_estimator_raw_margin_log_odds,WTFA_A,6,PHSTAT_A=5,PHSTAT_A,0.3024782143834454,3.719641266656098,0.3024782143834454,6417
MEDNG,XGBoost,locked_test,base_estimator_raw_margin_log_odds,WTFA_A,7,DISAB3_A=1,DISAB3_A,0.24999085805770702,3.074192678020206,0.24999085805770702,6417
MEDNG,XGBoost,locked_test,base_estimator_raw_margin_log_odds,WTFA_A,8,PHSTAT_A=4,PHSTAT_A,0.24313136091538617,2.9898399298690896,0.24313136091538617,6417
MEDNG,XGBoost,locked_test,base_estimator_raw_margin_log_odds,WTFA_A,9,HISPALLP_A=4,HISPALLP_A,0.237476968909169,2.9203066251745784,-0.237476968909169,6417
MEDNG,XGBoost,locked_test,base_estimator_raw_margin_log_odds,WTFA_A,10,CHRONIC_BURDEN_CAT=Missing/indeterminate,CHRONIC_BURDEN_CAT,0.22655229504113952,2.7859635028868732,0.22655229504113952,6417
MEDNG,XGBoost,locked_test,base_estimator_raw_margin_log_odds,WTFA_A,11,RATCAT_A=14,RATCAT_A,0.2131915411384733,2.6216633675158225,-0.2131915411384733,6417
MEDNG,XGBoost,locked_test,base_estimator_raw_margin_log_odds,WTFA_A,12,EDUCP_A=4,EDUCP_A,0.2090870209859868,2.5711891785890915,-0.2090870209859868,6417
MEDNG,XGBoost,locked_test,base_estimator_raw_margin_log_odds,WTFA_A,13,AGEP_A,AGEP_A,0.20544406987966365,2.5263910059500776,-0.0572385921594168,6417
MEDNG,XGBoost,locked_test,base_estimator_raw_margin_log_odds,WTFA_A,14,EDUCP_A=7,EDUCP_A,0.2000810675373772,2.460440984173456,0.2000810675373772,6417
MEDNG,XGBoost,locked_test,base_estimator_raw_margin_log_odds,WTFA_A,15,EDUCP_A=10,EDUCP_A,0.1687951082223957,2.0757106472394846,-0.1687951082223957,6417
MEDNG,XGBoost,locked_test,base_estimator_raw_margin_log_odds,WTFA_A,16,HISPALLP_A=7,HISPALLP_A,0.16470186317433172,2.0253751107568023,0.16470186317433172,6417
MEDNG,XGBoost,locked_test,base_estimator_raw_margin_log_odds,WTFA_A,17,PHSTAT_A=2,PHSTAT_A,0.1637748525992075,2.013975457406933,-0.1637748525992075,6417
MEDNG,XGBoost,locked_test,base_estimator_raw_margin_log_odds,WTFA_A,18,FDSCAT3_A=2,FDSCAT3_A,0.15255717976762007,1.876029262289143,0.15255717976762007,6417
MEDNG,XGBoost,locked_test,base_estimator_raw_margin_log_odds,WTFA_A,19,RATCAT_A=8,RATCAT_A,0.14721717652613853,1.8103620655239825,0.14721717652613853,6417
MEDNG,XGBoost,locked_test,base_estimator_raw_margin_log_odds,WTFA_A,20,RATCAT_A=10,RATCAT_A,0.1447777996688936,1.7803645106864243,0.1447777996688936,6417
MEDNG,XGBoost,locked_test,base_estimator_raw_margin_log_odds,WTFA_A,21,EMPWRKLSW1_A=Missing,EMPWRKLSW1_A,0.13895569449266124,1.7087688001772603,-0.13895569449266124,6417
MEDNG,XGBoost,locked_test,base_estimator_raw_margin_log_odds,WTFA_A,22,CHRONIC_BURDEN_CAT=3+,CHRONIC_BURDEN_CAT,0.13233363145705876,1.6273358315655118,0.13233363145705876,6417
MEDNG,XGBoost,locked_test,base_estimator_raw_margin_log_odds,WTFA_A,23,FDSCAT3_A=1,FDSCAT3_A,0.13198348594808695,1.623030015071717,-0.13198348594808695,6417
MEDNG,XGBoost,locked_test,base_estimator_raw_margin_log_odds,WTFA_A,24,CHRONIC_BURDEN_CAT=2,CHRONIC_BURDEN_CAT,0.12532523014581234,1.5411519760315324,0.12532523014581234,6417
MEDNG,XGBoost,locked_test,base_estimator_raw_margin_log_odds,WTFA_A,25,RATCAT_A=11,RATCAT_A,0.12052346934172084,1.4821036651443598,0.12052346934172084,6417
MEDNG,XGBoost,locked_test,base_estimator_raw_margin_log_odds,WTFA_A,26,EDUCP_A=Missing,EDUCP_A,0.11805202989541545,1.451711829582723,-0.11805202989541545,6417
MEDNG,XGBoost,locked_test,base_estimator_raw_margin_log_odds,WTFA_A,27,EMPWRKLSW1_A=1,EMPWRKLSW1_A,0.11548390225028922,1.4201309979306873,0.11548390225028922,6417
MEDNG,XGBoost,locked_test,base_estimator_raw_margin_log_odds,WTFA_A,28,NOTCOV_A=2,NOTCOV_A,0.1131242093028606,1.3911133336939958,-0.1131242093028606,6417
MEDNG,XGBoost,locked_test,base_estimator_raw_margin_log_odds,WTFA_A,29,PHSTAT_A=3,PHSTAT_A,0.11140950314901496,1.3700272142092118,0.11140950314901496,6417
MEDNG,XGBoost,locked_test,base_estimator_raw_margin_log_odds,WTFA_A,30,RATCAT_A=2,RATCAT_A,0.10550982189119226,1.2974775335274291,-0.10550982189119226,6417
MEDNG,XGBoost,locked_test,base_estimator_raw_margin_log_odds,WTFA_A,31,CHRONIC_BURDEN_CAT=0,CHRONIC_BURDEN_CAT,0.09724031050161426,1.1957855294191144,-0.09724031050161426,6417
MEDNG,XGBoost,locked_test,base_estimator_raw_margin_log_odds,WTFA_A,32,EDUCP_A=5,EDUCP_A,0.09700672384004397,1.1929130627606865,0.09700672384004397,6417
MEDNG,XGBoost,locked_test,base_estimator_raw_margin_log_odds,WTFA_A,33,RATCAT_A=9,RATCAT_A,0.09009176687264463,1.107878312917567,0.09009176687264463,6417
MEDNG,XGBoost,locked_test,base_estimator_raw_margin_log_odds,WTFA_A,34,RATCAT_A=7,RATCAT_A,0.07730812654958633,0.950675070427324,0.07730812654958633,6417
MEDNG,XGBoost,locked_test,base_estimator_raw_margin_log_odds,WTFA_A,35,RATCAT_A=3,RATCAT_A,0.0771222105165598,0.9483888199944192,-0.0771222105165598,6417
MEDNG,XGBoost,locked_test,base_estimator_raw_margin_log_odds,WTFA_A,36,EDUCP_A=2,EDUCP_A,0.07097622468523644,0.8728102776882489,0.07090659155063245,6417
MEDNG,XGBoost,locked_test,base_estimator_raw_margin_log_odds,WTFA_A,37,EDUCP_A=9,EDUCP_A,0.06601664496529588,0.8118212328105388,0.06513516973045376,6417
MEDNG,XGBoost,locked_test,base_estimator_raw_margin_log_odds,WTFA_A,38,SEX_A=1,SEX_A,0.061465637429443186,0.755856490127414,-0.061465637429443186,6417
MEDNG,XGBoost,locked_test,base_estimator_raw_margin_log_odds,WTFA_A,39,HISPALLP_A=3,HISPALLP_A,0.06032346784592554,0.7418109790315769,0.06032346784592554,6417
MEDNG,XGBoost,locked_test,base_estimator_raw_margin_log_odds,WTFA_A,40,RATCAT_A=6,RATCAT_A,0.05757349585285482,0.7079939673554653,0.05757349585285482,6417
MEDNG,XGBoost,locked_test,base_estimator_raw_margin_log_odds,WTFA_A,41,EMPWRKLSW1_A=2,EMPWRKLSW1_A,0.05451817453502442,0.6704220077356255,-0.05451817453502442,6417
MEDNG,XGBoost,locked_test,base_estimator_raw_margin_log_odds,WTFA_A,42,RATCAT_A=4,RATCAT_A,0.04547752804546718,0.559247185349319,-0.04547752804546718,6417
MEDNG,XGBoost,locked_test,base_estimator_raw_margin_log_odds,WTFA_A,43,EDUCP_A=8,EDUCP_A,0.04206943075424376,0.5173370618349582,-0.04206943075424376,6417
MEDNG,XGBoost,locked_test,base_estimator_raw_margin_log_odds,WTFA_A,44,HISPALLP_A=6,HISPALLP_A,0.04136760080936586,0.5087065043236875,-0.04136760080936586,6417
MEDNG,XGBoost,locked_test,base_estimator_raw_margin_log_odds,WTFA_A,45,RATCAT_A=13,RATCAT_A,0.040702974518874335,0.500533448349868,-0.040702974518874335,6417
MEDNG,XGBoost,locked_test,base_estimator_raw_margin_log_odds,WTFA_A,46,EDUCP_A=3,EDUCP_A,0.03413255143042184,0.41973550754935707,0.03413255143042184,6417
MEDNG,XGBoost,locked_test,base_estimator_raw_margin_log_odds,WTFA_A,47,RATCAT_A=5,RATCAT_A,0.02967730649151733,0.3649483786264057,0.016363552000387447,6417
MEDNG,XGBoost,locked_test,base_estimator_raw_margin_log_odds,WTFA_A,48,RATCAT_A=12,RATCAT_A,0.02817930893589906,0.3465271725352981,0.0012190658591751118,6417
MEDNG,XGBoost,locked_test,base_estimator_raw_margin_log_odds,WTFA_A,49,HISPALLP_A=1,HISPALLP_A,0.027738305362382663,0.3411040543972264,0.017250205755300636,6417
MEDNG,XGBoost,locked_test,base_estimator_raw_margin_log_odds,WTFA_A,50,FDSCAT3_A=Missing,FDSCAT3_A,0.026338154399685777,0.3238860894240748,0.026338154399685777,6417
MEDNG,XGBoost,locked_test,base_estimator_raw_margin_log_odds,WTFA_A,51,SEX_A=2,SEX_A,0.025286542034592824,0.31095418040147366,0.025286542034592824,6417
MEDNG,XGBoost,locked_test,base_estimator_raw_margin_log_odds,WTFA_A,52,RATCAT_A=1,RATCAT_A,0.024401698694003746,0.30007306682808865,0.024401698694003746,6417
MEDNG,XGBoost,locked_test,base_estimator_raw_margin_log_odds,WTFA_A,53,EDUCP_A=1,EDUCP_A,0.022554448971448825,0.2773570298670798,-0.013969509934760206,6417
MEDNG,XGBoost,locked_test,base_estimator_raw_margin_log_odds,WTFA_A,54,K6SPD_A=2,K6SPD_A,0.01832306868586717,0.22532281392446546,-0.01832306868586717,6417
MEDNG,XGBoost,locked_test,base_estimator_raw_margin_log_odds,WTFA_A,55,NOTCOV_A=Missing,NOTCOV_A,0.01679272314748472,0.2065038175600055,0.01679272314748472,6417
MEDNG,XGBoost,locked_test,base_estimator_raw_margin_log_odds,WTFA_A,56,CHRONIC_BURDEN_CAT=1,CHRONIC_BURDEN_CAT,0.016659906894947746,0.20487054683065348,-0.014889424477821137,6417
MEDNG,XGBoost,locked_test,base_estimator_raw_margin_log_odds,WTFA_A,57,DISAB3_A=2,DISAB3_A,0.013861368251079132,0.1704563003458818,-0.013861368251079132,6417
MEDNG,XGBoost,locked_test,base_estimator_raw_margin_log_odds,WTFA_A,58,K6SPD_A=Missing,K6SPD_A,0.013571686140628291,0.16689401558946945,0.013571686140628291,6417
MEDNG,XGBoost,locked_test,base_estimator_raw_margin_log_odds,WTFA_A,59,EDUCP_A=6,EDUCP_A,0.01159212771064151,0.14255094929312603,-0.002664852481421371,6417
MEDNG,XGBoost,locked_test,base_estimator_raw_margin_log_odds,WTFA_A,60,HISPALLP_A=2,HISPALLP_A,0.009469271987453039,0.11644572460041816,-0.004570972189945416,6417
MEDNG,XGBoost,locked_test,base_estimator_raw_margin_log_odds,WTFA_A,61,SEX_A=Missing,SEX_A,0.0,0.0,0.0,6417
MEDNG,XGBoost,locked_test,base_estimator_raw_margin_log_odds,WTFA_A,62,PHSTAT_A=Missing,PHSTAT_A,0.0,0.0,0.0,6417
MEDNG,XGBoost,locked_test,base_estimator_raw_margin_log_odds,WTFA_A,63,DISAB3_A=Missing,DISAB3_A,0.0,0.0,0.0,6417
MEDDL,LR,locked_test,base_estimator_log_odds,WTFA_A,1,AGEP_A,AGEP_A,0.36098579792469776,10.819084801849352,0.10240968418037086,6419
MEDDL,LR,locked_test,base_estimator_log_odds,WTFA_A,2,PHSTAT_A=1,PHSTAT_A,0.30365904430706475,9.100947932283987,-0.00447909480620135,6419
MEDDL,LR,locked_test,base_estimator_log_odds,WTFA_A,3,FDSCAT3_A=1,FDSCAT3_A,0.2052066534009441,6.150236928466777,-0.007632512094697122,6419
MEDDL,LR,locked_test,base_estimator_log_odds,WTFA_A,4,RATCAT_A=14,RATCAT_A,0.20009140752325527,5.996928185432598,0.01936822395510245,6419
MEDDL,LR,locked_test,base_estimator_log_odds,WTFA_A,5,CHRONIC_BURDEN_CAT=0,CHRONIC_BURDEN_CAT,0.16855354604793077,5.051708734329176,-0.028098321040350673,6419
MEDDL,LR,locked_test,base_estimator_log_odds,WTFA_A,6,SEX_A=1,SEX_A,0.1390343606948877,4.166990910381145,-0.009636382213827815,6419
MEDDL,LR,locked_test,base_estimator_log_odds,WTFA_A,7,EMPWRKLSW1_A=1,EMPWRKLSW1_A,0.1363976213032877,4.087965344161922,0.015991548306816837,6419
MEDDL,LR,locked_test,base_estimator_log_odds,WTFA_A,8,EMPWRKLSW1_A=2,EMPWRKLSW1_A,0.1307467847845432,3.918604444511136,0.015107199303259955,6419
MEDDL,LR,locked_test,base_estimator_log_odds,WTFA_A,9,NOTCOV_A=2,NOTCOV_A,0.12922877322366613,3.873108206427158,0.03347252178913461,6419
MEDDL,LR,locked_test,base_estimator_log_odds,WTFA_A,10,HISPALLP_A=2,HISPALLP_A,0.12525549903267297,3.7540254318125132,-0.015416393384719099,6419
MEDDL,LR,locked_test,base_estimator_log_odds,WTFA_A,11,PHSTAT_A=2,PHSTAT_A,0.12049492659991543,3.6113465864079246,-0.003696221158878055,6419
MEDDL,LR,locked_test,base_estimator_log_odds,WTFA_A,12,EDUCP_A=4,EDUCP_A,0.11859095022025218,3.554282618709694,-0.007049090685172629,6419
MEDDL,LR,locked_test,base_estimator_log_odds,WTFA_A,13,NOTCOV_A=1,NOTCOV_A,0.09785606376900785,2.9328385171344693,0.025180534962154683,6419
MEDDL,LR,locked_test,base_estimator_log_odds,WTFA_A,14,EDUCP_A=9,EDUCP_A,0.08760212866157349,2.625518411696043,-0.008945101552683233,6419
MEDDL,LR,locked_test,base_estimator_log_odds,WTFA_A,15,HISPALLP_A=4,HISPALLP_A,0.0749529154171657,2.246409561556538,7.91976281562373e-05,6419
MEDDL,LR,locked_test,base_estimator_log_odds,WTFA_A,16,EDUCP_A=1,EDUCP_A,0.07351225632832215,2.2032316500088798,-0.016289057776213787,6419
MEDDL,LR,locked_test,base_estimator_log_odds,WTFA_A,17,DISAB3_A=2,DISAB3_A,0.07241626099194645,2.1703836361677546,-0.006181594633953715,6419
MEDDL,LR,locked_test,base_estimator_log_odds,WTFA_A,18,PHSTAT_A=4,PHSTAT_A,0.06627696305375688,1.9863830871185995,-0.013410186091674206,6419
MEDDL,LR,locked_test,base_estimator_log_odds,WTFA_A,19,EDUCP_A=8,EDUCP_A,0.059909453940950555,1.7955428339450634,-0.0044481910968596,6419
MEDDL,LR,locked_test,base_estimator_log_odds,WTFA_A,20,RATCAT_A=8,RATCAT_A,0.038106795144712775,1.1420965881969436,0.0018686192430584123,6419
MEDDL,LR,locked_test,base_estimator_log_odds,WTFA_A,21,FDSCAT3_A=3,FDSCAT3_A,0.03736272958107397,1.119796241542244,-0.0015163380587437224,6419
MEDDL,LR,locked_test,base_estimator_log_odds,WTFA_A,22,PHSTAT_A=5,PHSTAT_A,0.03598355568492731,1.0784610992050923,-0.0019735114842927455,6419
MEDDL,LR,locked_test,base_estimator_log_odds,WTFA_A,23,K6SPD_A=1,K6SPD_A,0.03560165211269291,1.067015088980072,-0.00014029941573863162,6419
MEDDL,LR,locked_test,base_estimator_log_odds,WTFA_A,24,RATCAT_A=10,RATCAT_A,0.03394312045963915,1.017307331212042,0.0003880558054220291,6419
MEDDL,LR,locked_test,base_estimator_log_odds,WTFA_A,25,CHRONIC_BURDEN_CAT=2,CHRONIC_BURDEN_CAT,0.03310007460624343,0.9920404519271165,-0.004218622897137714,6419
MEDDL,LR,locked_test,base_estimator_log_odds,WTFA_A,26,K6SPD_A=2,K6SPD_A,0.03226037945582357,0.9668739963703548,0.0012887636201114445,6419
MEDDL,LR,locked_test,base_estimator_log_odds,WTFA_A,27,SEX_A=2,SEX_A,0.03126675276468167,0.9370940673685835,0.0020473635415336282,6419
MEDDL,LR,locked_test,base_estimator_log_odds,WTFA_A,28,EDUCP_A=7,EDUCP_A,0.030657018921262585,0.918819769054264,-0.0014380118918786073,6419
MEDDL,LR,locked_test,base_estimator_log_odds,WTFA_A,29,CHRONIC_BURDEN_CAT=1,CHRONIC_BURDEN_CAT,0.027187052123575337,0.8148215916755205,0.0008534956651546792,6419
MEDDL,LR,locked_test,base_estimator_log_odds,WTFA_A,30,EDUCP_A=5,EDUCP_A,0.023356285236720987,0.7000098953615309,0.0006251766730614326,6419
MEDDL,LR,locked_test,base_estimator_log_odds,WTFA_A,31,FDSCAT3_A=2,FDSCAT3_A,0.022374542681722676,0.6705861451276597,-0.001372890417933323,6419
MEDDL,LR,locked_test,base_estimator_log_odds,WTFA_A,32,HISPALLP_A=3,HISPALLP_A,0.01933181478014076,0.5793927203851302,-0.0009388046248915904,6419
MEDDL,LR,locked_test,base_estimator_log_odds,WTFA_A,33,PHSTAT_A=3,PHSTAT_A,0.0193036076124858,0.5785473249689298,0.001742628422494154,6419
MEDDL,LR,locked_test,base_estimator_log_odds,WTFA_A,34,RATCAT_A=11,RATCAT_A,0.01904086391915563,0.5706726486918227,0.005832837399408775,6419
MEDDL,LR,locked_test,base_estimator_log_odds,WTFA_A,35,RATCAT_A=3,RATCAT_A,0.018290835113190896,0.5481935780408077,-0.0011371774709746157,6419
MEDDL,LR,locked_test,base_estimator_log_odds,WTFA_A,36,EMPWRKLSW1_A=Missing,EMPWRKLSW1_A,0.01814564595768636,0.5438421221255251,0.0006961440169331605,6419
MEDDL,LR,locked_test,base_estimator_log_odds,WTFA_A,37,RATCAT_A=9,RATCAT_A,0.01806047060617342,0.5412893365136157,-0.0010850362410060863,6419
MEDDL,LR,locked_test,base_estimator_log_odds,WTFA_A,38,RATCAT_A=2,RATCAT_A,0.01731340826759269,0.5188991736877118,0.0007588499131490008,6419
MEDDL,LR,locked_test,base_estimator_log_odds,WTFA_A,39,K6SPD_A=Missing,K6SPD_A,0.015419997728141156,0.4621518741850464,-0.0020475525283325273,6419
MEDDL,LR,locked_test,base_estimator_log_odds,WTFA_A,40,HISPALLP_A=7,HISPALLP_A,0.014146681960829365,0.42398939980163075,-0.0006705428425858438,6419
MEDDL,LR,locked_test,base_estimator_log_odds,WTFA_A,41,RATCAT_A=13,RATCAT_A,0.01245502230937264,0.37328876467915123,-0.001372874569343064,6419
MEDDL,LR,locked_test,base_estimator_log_odds,WTFA_A,42,RATCAT_A=6,RATCAT_A,0.011586740559912123,0.3472655417897259,-0.0008901427379599647,6419
MEDDL,LR,locked_test,base_estimator_log_odds,WTFA_A,43,RATCAT_A=7,RATCAT_A,0.0115253355469479,0.3454251756414234,0.0009801616098510434,6419
MEDDL,LR,locked_test,base_estimator_log_odds,WTFA_A,44,FDSCAT3_A=Missing,FDSCAT3_A,0.009516321344782317,0.2852131253438567,-0.0001515900296426176,6419
MEDDL,LR,locked_test,base_estimator_log_odds,WTFA_A,45,HISPALLP_A=5,HISPALLP_A,0.009478235521377065,0.28407165729846934,0.0033512285648596906,6419
MEDDL,LR,locked_test,base_estimator_log_odds,WTFA_A,46,CHRONIC_BURDEN_CAT=3+,CHRONIC_BURDEN_CAT,0.008916624666884618,0.26723965034605085,0.0011121881984917947,6419
MEDDL,LR,locked_test,base_estimator_log_odds,WTFA_A,47,HISPALLP_A=1,HISPALLP_A,0.008784353451461453,0.263275357277642,0.0017616130011361315,6419
MEDDL,LR,locked_test,base_estimator_log_odds,WTFA_A,48,EDUCP_A=3,EDUCP_A,0.008427470905881598,0.25257925081825783,0.0015095655012049853,6419
MEDDL,LR,locked_test,base_estimator_log_odds,WTFA_A,49,RATCAT_A=4,RATCAT_A,0.008271042703603215,0.24789095007185644,0.0012786063425283228,6419
MEDDL,LR,locked_test,base_estimator_log_odds,WTFA_A,50,EDUCP_A=2,EDUCP_A,0.007918621640386458,0.23732855844642364,-0.0021400640830111627,6419
MEDDL,LR,locked_test,base_estimator_log_odds,WTFA_A,51,RATCAT_A=5,RATCAT_A,0.007060115684272465,0.21159832530293693,-0.00046388281809625056,6419
MEDDL,LR,locked_test,base_estimator_log_odds,WTFA_A,52,RATCAT_A=12,RATCAT_A,0.006914051822387872,0.20722065361252692,-0.00035465077635476224,6419
MEDDL,LR,locked_test,base_estimator_log_odds,WTFA_A,53,EDUCP_A=10,EDUCP_A,0.00611285266177873,0.18320795917514346,-0.0010571513276302444,6419
MEDDL,LR,locked_test,base_estimator_log_odds,WTFA_A,54,RATCAT_A=1,RATCAT_A,0.0027475583348846515,0.08234691446045739,-0.00013499284164454316,6419
MEDDL,LR,locked_test,base_estimator_log_odds,WTFA_A,55,HISPALLP_A=6,HISPALLP_A,0.0024594369657152775,0.07371164530530172,0.00044631977088978455,6419
MEDDL,LR,locked_test,base_estimator_log_odds,WTFA_A,56,DISAB3_A=1,DISAB3_A,0.0017987091955913468,0.053909010916347685,0.00015354164461670245,6419
MEDDL,LR,locked_test,base_estimator_log_odds,WTFA_A,57,NOTCOV_A=Missing,NOTCOV_A,0.0005774705836584327,0.01730733799249716,-0.0001536675040127216,6419
MEDDL,LR,locked_test,base_estimator_log_odds,WTFA_A,58,CHRONIC_BURDEN_CAT=Missing/indeterminate,CHRONIC_BURDEN_CAT,0.00036456739752719746,0.010926428719666854,-3.999322384007789e-05,6419
MEDDL,LR,locked_test,base_estimator_log_odds,WTFA_A,59,EDUCP_A=6,EDUCP_A,0.00025251056517188245,0.007567979775557235,-1.6370113614540167e-05,6419
MEDDL,LR,locked_test,base_estimator_log_odds,WTFA_A,60,EDUCP_A=Missing,EDUCP_A,0.00022561743463094794,0.006761967290904667,-6.534794140517305e-05,6419
MEDDL,LR,locked_test,base_estimator_log_odds,WTFA_A,61,SEX_A=Missing,SEX_A,8.815412616212407e-05,0.0026420622973646734,-8.043572139873327e-05,6419
MEDDL,LR,locked_test,base_estimator_log_odds,WTFA_A,62,PHSTAT_A=Missing,PHSTAT_A,5.950485479904115e-05,0.0017834166160931731,-3.99024533009142e-05,6419
MEDDL,LR,locked_test,base_estimator_log_odds,WTFA_A,63,DISAB3_A=Missing,DISAB3_A,0.0,0.0,0.0,6419
MEDDL,RF,locked_test,base_estimator_positive_class_probability,WTFA_A,1,FDSCAT3_A=1,FDSCAT3_A,0.013863592235200362,10.522016164336817,0.00018755398277997648,6419
MEDDL,RF,locked_test,base_estimator_positive_class_probability,WTFA_A,2,AGEP_A,AGEP_A,0.01340702874123266,10.175499303333307,0.003802050209823459,6419
MEDDL,RF,locked_test,base_estimator_positive_class_probability,WTFA_A,3,NOTCOV_A=2,NOTCOV_A,0.012952093163861561,9.8302179781457,0.0015787590731661718,6419
MEDDL,RF,locked_test,base_estimator_positive_class_probability,WTFA_A,4,NOTCOV_A=1,NOTCOV_A,0.010788442962059691,8.188077758562066,0.0008377077069851237,6419
MEDDL,RF,locked_test,base_estimator_positive_class_probability,WTFA_A,5,PHSTAT_A=1,PHSTAT_A,0.006720835172114751,5.100895577358475,-0.0002475823592695793,6419
MEDDL,RF,locked_test,base_estimator_positive_class_probability,WTFA_A,6,FDSCAT3_A=3,FDSCAT3_A,0.0065683411569268935,4.985157573416233,-0.0008485777256838519,6419
MEDDL,RF,locked_test,base_estimator_positive_class_probability,WTFA_A,7,EMPWRKLSW1_A=1,EMPWRKLSW1_A,0.0061734581044520075,4.685454163890544,0.000487971767744549,6419
MEDDL,RF,locked_test,base_estimator_positive_class_probability,WTFA_A,8,RATCAT_A=14,RATCAT_A,0.005907632138229689,4.483700890565763,0.000341045594124777,6419
MEDDL,RF,locked_test,base_estimator_positive_class_probability,WTFA_A,9,K6SPD_A=1,K6SPD_A,0.0054645239197108845,4.147396146549467,-0.00021418862719712228,6419
MEDDL,RF,locked_test,base_estimator_positive_class_probability,WTFA_A,10,EMPWRKLSW1_A=2,EMPWRKLSW1_A,0.005021642330039809,3.8112634064668325,0.0006766498137273076,6419
MEDDL,RF,locked_test,base_estimator_positive_class_probability,WTFA_A,11,K6SPD_A=2,K6SPD_A,0.0036366717683530753,2.760115739255612,9.788060252530159e-05,6419
MEDDL,RF,locked_test,base_estimator_positive_class_probability,WTFA_A,12,FDSCAT3_A=2,FDSCAT3_A,0.0032840674381859913,2.4925005065879158,-0.00010532969718425668,6419
MEDDL,RF,locked_test,base_estimator_positive_class_probability,WTFA_A,13,DISAB3_A=1,DISAB3_A,0.00296089850896585,2.2472257870652235,-0.00011543725166549798,6419
MEDDL,RF,locked_test,base_estimator_positive_class_probability,WTFA_A,14,DISAB3_A=2,DISAB3_A,0.002798326747945694,2.123839101399763,-2.1144295581979048e-05,6419
MEDDL,RF,locked_test,base_estimator_positive_class_probability,WTFA_A,15,CHRONIC_BURDEN_CAT=0,CHRONIC_BURDEN_CAT,0.0026931959063553135,2.0440482076820694,0.00025575924871785386,6419
MEDDL,RF,locked_test,base_estimator_positive_class_probability,WTFA_A,16,PHSTAT_A=4,PHSTAT_A,0.0026723249858916997,2.0282078570170268,-0.00011211309760461516,6419
MEDDL,RF,locked_test,base_estimator_positive_class_probability,WTFA_A,17,HISPALLP_A=2,HISPALLP_A,0.0019138842602731308,1.4525759833106235,-0.0001569877087345031,6419
MEDDL,RF,locked_test,base_estimator_positive_class_probability,WTFA_A,18,PHSTAT_A=3,PHSTAT_A,0.001762287639718595,1.3375190727442832,-1.4246762244468625e-05,6419
MEDDL,RF,locked_test,base_estimator_positive_class_probability,WTFA_A,19,SEX_A=1,SEX_A,0.0016201694940066744,1.2296560166865909,-7.577038031584216e-05,6419
MEDDL,RF,locked_test,base_estimator_positive_class_probability,WTFA_A,20,SEX_A=2,SEX_A,0.0015749249636707332,1.1953168878759606,-7.727133152150151e-05,6419
MEDDL,RF,locked_test,base_estimator_positive_class_probability,WTFA_A,21,PHSTAT_A=2,PHSTAT_A,0.00140701977687623,1.0678823052977156,0.00023175703252014914,6419
MEDDL,RF,locked_test,base_estimator_positive_class_probability,WTFA_A,22,CHRONIC_BURDEN_CAT=2,CHRONIC_BURDEN_CAT,0.0013834372058433692,1.049983899935334,-6.560242786972114e-05,6419
MEDDL,RF,locked_test,base_estimator_positive_class_probability,WTFA_A,23,EDUCP_A=4,EDUCP_A,0.0013714310166239422,1.040871592324458,-1.784974659937192e-05,6419
MEDDL,RF,locked_test,base_estimator_positive_class_probability,WTFA_A,24,RATCAT_A=8,RATCAT_A,0.0012603710592156369,0.9565806923011816,-3.570512134480578e-05,6419
MEDDL,RF,locked_test,base_estimator_positive_class_probability,WTFA_A,25,PHSTAT_A=5,PHSTAT_A,0.0011687941731214164,0.8870768105210713,-0.0001514612446458573,6419
MEDDL,RF,locked_test,base_estimator_positive_class_probability,WTFA_A,26,EDUCP_A=5,EDUCP_A,0.0010028599662182775,0.7611381376554521,-2.8900309257967208e-05,6419
MEDDL,RF,locked_test,base_estimator_positive_class_probability,WTFA_A,27,HISPALLP_A=4,HISPALLP_A,0.0009639449964992971,0.7316029397449034,4.276159396870264e-06,6419
MEDDL,RF,locked_test,base_estimator_positive_class_probability,WTFA_A,28,EDUCP_A=1,EDUCP_A,0.0009411304853754467,0.714287466903955,4.0448131488718144e-05,6419
MEDDL,RF,locked_test,base_estimator_positive_class_probability,WTFA_A,29,RATCAT_A=10,RATCAT_A,0.0008579219535923788,0.6511348942100479,-1.0351088691243902e-05,6419
MEDDL,RF,locked_test,base_estimator_positive_class_probability,WTFA_A,30,FDSCAT3_A=Missing,FDSCAT3_A,0.0008053335984249955,0.6112220409077022,0.00028514591220022805,6419
MEDDL,RF,locked_test,base_estimator_positive_class_probability,WTFA_A,31,EMPWRKLSW1_A=Missing,EMPWRKLSW1_A,0.0006926612364772081,0.5257073782159879,0.00029978856151525275,6419
MEDDL,RF,locked_test,base_estimator_positive_class_probability,WTFA_A,32,CHRONIC_BURDEN_CAT=1,CHRONIC_BURDEN_CAT,0.0006574226285458979,0.4989624194800737,3.310191651697771e-05,6419
MEDDL,RF,locked_test,base_estimator_positive_class_probability,WTFA_A,33,CHRONIC_BURDEN_CAT=3+,CHRONIC_BURDEN_CAT,0.000622197627667607,0.47222778805539245,0.00017760284446946526,6419
MEDDL,RF,locked_test,base_estimator_positive_class_probability,WTFA_A,34,EDUCP_A=9,EDUCP_A,0.0006174889210233635,0.46865403266910427,-4.83579150075825e-05,6419
MEDDL,RF,locked_test,base_estimator_positive_class_probability,WTFA_A,35,RATCAT_A=9,RATCAT_A,0.0005608318447992233,0.42565315225220773,1.9212225159858513e-05,6419
MEDDL,RF,locked_test,base_estimator_positive_class_probability,WTFA_A,36,RATCAT_A=11,RATCAT_A,0.0005363902833024931,0.4071028010310251,4.214619587254327e-05,6419
MEDDL,RF,locked_test,base_estimator_positive_class_probability,WTFA_A,37,EDUCP_A=8,EDUCP_A,0.0005316443029142206,0.40350075608381175,4.583771108047157e-05,6419
MEDDL,RF,locked_test,base_estimator_positive_class_probability,WTFA_A,38,RATCAT_A=7,RATCAT_A,0.0004653551051473563,0.35318940830391327,-8.022355356471587e-05,6419
MEDDL,RF,locked_test,base_estimator_positive_class_probability,WTFA_A,39,HISPALLP_A=3,HISPALLP_A,0.00044977491815305186,0.3413645524789401,2.200588284581687e-05,6419
MEDDL,RF,locked_test,base_estimator_positive_class_probability,WTFA_A,40,EDUCP_A=7,EDUCP_A,0.00043550301189681606,0.33053263923622905,-2.9618267553724445e-05,6419
MEDDL,RF,locked_test,base_estimator_positive_class_probability,WTFA_A,41,RATCAT_A=6,RATCAT_A,0.0003502350733552849,0.2658170437100092,-3.9515219077158016e-05,6419
MEDDL,RF,locked_test,base_estimator_positive_class_probability,WTFA_A,42,K6SPD_A=Missing,K6SPD_A,0.0003343513965802152,0.25376184899993703,0.0001336178547348967,6419
MEDDL,RF,locked_test,base_estimator_positive_class_probability,WTFA_A,43,HISPALLP_A=1,HISPALLP_A,0.00032936173863723007,0.24997486070427022,1.4993134368968553e-05,6419
MEDDL,RF,locked_test,base_estimator_positive_class_probability,WTFA_A,44,HISPALLP_A=7,HISPALLP_A,0.0003108997339630598,0.2359627988726728,-3.579507570262309e-06,6419
MEDDL,RF,locked_test,base_estimator_positive_class_probability,WTFA_A,45,RATCAT_A=5,RATCAT_A,0.0002015710121871812,0.1529858504572932,3.144279797701557e-06,6419
MEDDL,RF,locked_test,base_estimator_positive_class_probability,WTFA_A,46,RATCAT_A=1,RATCAT_A,0.00019865226915870727,0.15077061931055108,2.367911137861589e-06,6419
MEDDL,RF,locked_test,base_estimator_positive_class_probability,WTFA_A,47,RATCAT_A=3,RATCAT_A,0.00019226567267386271,0.1459234000394875,6.414437948357697e-05,6419
MEDDL,RF,locked_test,base_estimator_positive_class_probability,WTFA_A,48,RATCAT_A=4,RATCAT_A,0.00019157641310959023,0.14540027441997563,1.2720295740565648e-05,6419
MEDDL,RF,locked_test,base_estimator_positive_class_probability,WTFA_A,49,EDUCP_A=3,EDUCP_A,0.0001553276998148718,0.1178886785252969,-1.4981062996521063e-05,6419
MEDDL,RF,locked_test,base_estimator_positive_class_probability,WTFA_A,50,EDUCP_A=6,EDUCP_A,0.00013940732245453367,0.10580562926318056,-7.999389955881114e-06,6419
MEDDL,RF,locked_test,base_estimator_positive_class_probability,WTFA_A,51,RATCAT_A=2,RATCAT_A,0.00013141000779814434,0.09973592722216404,5.921561450598686e-05,6419
MEDDL,RF,locked_test,base_estimator_positive_class_probability,WTFA_A,52,EDUCP_A=10,EDUCP_A,0.0001282185410909399,0.09731370766236733,5.1913313705826956e-05,6419
MEDDL,RF,locked_test,base_estimator_positive_class_probability,WTFA_A,53,RATCAT_A=12,RATCAT_A,0.00012488908591382268,0.09478675933629693,9.806461413051012e-06,6419
MEDDL,RF,locked_test,base_estimator_positive_class_probability,WTFA_A,54,RATCAT_A=13,RATCAT_A,0.00011293478137301683,0.0857138305110828,1.4622567060786146e-05,6419
MEDDL,RF,locked_test,base_estimator_positive_class_probability,WTFA_A,55,HISPALLP_A=6,HISPALLP_A,9.917227271750551e-05,0.07526853350015103,-3.2153772005107567e-06,6419
MEDDL,RF,locked_test,base_estimator_positive_class_probability,WTFA_A,56,EDUCP_A=2,EDUCP_A,7.957991129002196e-05,0.06039856761107339,1.7687320528129705e-05,6419
MEDDL,RF,locked_test,base_estimator_positive_class_probability,WTFA_A,57,HISPALLP_A=5,HISPALLP_A,6.656652310489584e-05,0.05052182870288319,2.9581756241723604e-05,6419
MEDDL,RF,locked_test,base_estimator_positive_class_probability,WTFA_A,58,EDUCP_A=Missing,EDUCP_A,4.2571584157854e-05,0.032310449488915684,6.546880669368976e-06,6419
MEDDL,RF,locked_test,base_estimator_positive_class_probability,WTFA_A,59,CHRONIC_BURDEN_CAT=Missing/indeterminate,CHRONIC_BURDEN_CAT,3.336688229985172e-05,0.025324379782401308,-1.25204798222068e-07,6419
MEDDL,RF,locked_test,base_estimator_positive_class_probability,WTFA_A,60,NOTCOV_A=Missing,NOTCOV_A,1.973099204063486e-05,0.014975182021210148,1.0333194664140712e-05,6419
MEDDL,RF,locked_test,base_estimator_positive_class_probability,WTFA_A,61,SEX_A=Missing,SEX_A,0.0,0.0,0.0,6419
MEDDL,RF,locked_test,base_estimator_positive_class_probability,WTFA_A,62,PHSTAT_A=Missing,PHSTAT_A,0.0,0.0,0.0,6419
MEDDL,RF,locked_test,base_estimator_positive_class_probability,WTFA_A,63,DISAB3_A=Missing,DISAB3_A,0.0,0.0,0.0,6419
MEDDL,XGBoost,locked_test,base_estimator_raw_margin_log_odds,WTFA_A,1,HISPALLP_A=4,HISPALLP_A,0.6215463383218031,7.801828132632917,-0.6215463383218031,6419
MEDDL,XGBoost,locked_test,base_estimator_raw_margin_log_odds,WTFA_A,2,K6SPD_A=1,K6SPD_A,0.6212080515997999,7.797581860550054,0.6212080515997999,6419
MEDDL,XGBoost,locked_test,base_estimator_raw_margin_log_odds,WTFA_A,3,PHSTAT_A=1,PHSTAT_A,0.5896320070860873,7.401230281889792,-0.5896320070860873,6419
MEDDL,XGBoost,locked_test,base_estimator_raw_margin_log_odds,WTFA_A,4,NOTCOV_A=1,NOTCOV_A,0.5645213469962121,7.086034065229371,0.5645213469962121,6419
MEDDL,XGBoost,locked_test,base_estimator_raw_margin_log_odds,WTFA_A,5,PHSTAT_A=5,PHSTAT_A,0.45271574924226654,5.682618094188852,0.45271574924226654,6419
MEDDL,XGBoost,locked_test,base_estimator_raw_margin_log_odds,WTFA_A,6,HISPALLP_A=5,HISPALLP_A,0.4365765199842528,5.480033853721504,-0.4365765199842528,6419
MEDDL,XGBoost,locked_test,base_estimator_raw_margin_log_odds,WTFA_A,7,FDSCAT3_A=3,FDSCAT3_A,0.2942293274053628,3.6932510135846397,0.2942293274053628,6419
MEDDL,XGBoost,locked_test,base_estimator_raw_margin_log_odds,WTFA_A,8,DISAB3_A=1,DISAB3_A,0.2433004443756357,3.0539770481748785,0.2433004443756357,6419
MEDDL,XGBoost,locked_test,base_estimator_raw_margin_log_odds,WTFA_A,9,RATCAT_A=11,RATCAT_A,0.23457057987930058,2.9443972819977065,0.23457057987930058,6419
MEDDL,XGBoost,locked_test,base_estimator_raw_margin_log_odds,WTFA_A,10,AGEP_A,AGEP_A,0.22851424610953994,2.868376441277912,-0.02360938044260045,6419
MEDDL,XGBoost,locked_test,base_estimator_raw_margin_log_odds,WTFA_A,11,CHRONIC_BURDEN_CAT=0,CHRONIC_BURDEN_CAT,0.2108110868326974,2.6461613020889785,-0.2108110868326974,6419
MEDDL,XGBoost,locked_test,base_estimator_raw_margin_log_odds,WTFA_A,12,CHRONIC_BURDEN_CAT=2,CHRONIC_BURDEN_CAT,0.20222608261073277,2.5383998636762914,0.20222608261073277,6419
MEDDL,XGBoost,locked_test,base_estimator_raw_margin_log_odds,WTFA_A,13,RATCAT_A=10,RATCAT_A,0.17514939062941307,2.1985254501146696,0.17514939062941307,6419
MEDDL,XGBoost,locked_test,base_estimator_raw_margin_log_odds,WTFA_A,14,PHSTAT_A=4,PHSTAT_A,0.16818121320924198,2.111058886034099,0.16818121320924198,6419
MEDDL,XGBoost,locked_test,base_estimator_raw_margin_log_odds,WTFA_A,15,EDUCP_A=9,EDUCP_A,0.15847529580078368,1.9892274234036877,0.15847529580078368,6419
MEDDL,XGBoost,locked_test,base_estimator_raw_margin_log_odds,WTFA_A,16,EDUCP_A=1,EDUCP_A,0.152320852450475,1.911975083054007,-0.152320852450475,6419
MEDDL,XGBoost,locked_test,base_estimator_raw_margin_log_odds,WTFA_A,17,FDSCAT3_A=1,FDSCAT3_A,0.14028243166124574,1.7608653681460666,-0.14028243166124574,6419
MEDDL,XGBoost,locked_test,base_estimator_raw_margin_log_odds,WTFA_A,18,EDUCP_A=10,EDUCP_A,0.12688780885066497,1.5927322159956476,0.12688780885066497,6419
MEDDL,XGBoost,locked_test,base_estimator_raw_margin_log_odds,WTFA_A,19,RATCAT_A=6,RATCAT_A,0.12464243582843125,1.5645476490003414,0.12464243582843125,6419
MEDDL,XGBoost,locked_test,base_estimator_raw_margin_log_odds,WTFA_A,20,PHSTAT_A=2,PHSTAT_A,0.11949270866465501,1.4999067947557274,-0.11949270866465501,6419
MEDDL,XGBoost,locked_test,base_estimator_raw_margin_log_odds,WTFA_A,21,RATCAT_A=7,RATCAT_A,0.11556708575669351,1.450631248665091,0.11556708575669351,6419
MEDDL,XGBoost,locked_test,base_estimator_raw_margin_log_odds,WTFA_A,22,RATCAT_A=2,RATCAT_A,0.11502956766742778,1.4438841672456177,-0.11502956766742778,6419
MEDDL,XGBoost,locked_test,base_estimator_raw_margin_log_odds,WTFA_A,23,EMPWRKLSW1_A=1,EMPWRKLSW1_A,0.10287044964082107,1.2912594259526056,0.10287044964082107,6419
MEDDL,XGBoost,locked_test,base_estimator_raw_margin_log_odds,WTFA_A,24,EDUCP_A=5,EDUCP_A,0.10056674704072086,1.262342689344987,0.10056674704072086,6419
MEDDL,XGBoost,locked_test,base_estimator_raw_margin_log_odds,WTFA_A,25,FDSCAT3_A=2,FDSCAT3_A,0.09887203877122104,1.24107022446443,0.09887203877122104,6419
MEDDL,XGBoost,locked_test,base_estimator_raw_margin_log_odds,WTFA_A,26,SEX_A=1,SEX_A,0.09060965135138199,1.1373583648002552,-0.09060965135138199,6419
MEDDL,XGBoost,locked_test,base_estimator_raw_margin_log_odds,WTFA_A,27,EDUCP_A=4,EDUCP_A,0.09020085764685219,1.132227068824713,-0.09020085764685219,6419
MEDDL,XGBoost,locked_test,base_estimator_raw_margin_log_odds,WTFA_A,28,RATCAT_A=8,RATCAT_A,0.08776297143199578,1.101626020950182,0.08776297143199578,6419
MEDDL,XGBoost,locked_test,base_estimator_raw_margin_log_odds,WTFA_A,29,PHSTAT_A=3,PHSTAT_A,0.08729539173441779,1.0957568263078943,0.08729539173441779,6419
MEDDL,XGBoost,locked_test,base_estimator_raw_margin_log_odds,WTFA_A,30,EDUCP_A=7,EDUCP_A,0.08011151881505231,1.005582790378578,0.08011151881505231,6419
MEDDL,XGBoost,locked_test,base_estimator_raw_margin_log_odds,WTFA_A,31,RATCAT_A=13,RATCAT_A,0.07979070101139166,1.001555793175429,-0.07979070101139166,6419
MEDDL,XGBoost,locked_test,base_estimator_raw_margin_log_odds,WTFA_A,32,EDUCP_A=Missing,EDUCP_A,0.0754510788089531,0.947083609049305,-0.0754510788089531,6419
MEDDL,XGBoost,locked_test,base_estimator_raw_margin_log_odds,WTFA_A,33,HISPALLP_A=7,HISPALLP_A,0.07378331634896743,0.9261493757079952,0.07378331634896743,6419
MEDDL,XGBoost,locked_test,base_estimator_raw_margin_log_odds,WTFA_A,34,RATCAT_A=9,RATCAT_A,0.07096595893041978,0.8907850963092052,0.07096595893041978,6419
MEDDL,XGBoost,locked_test,base_estimator_raw_margin_log_odds,WTFA_A,35,CHRONIC_BURDEN_CAT=1,CHRONIC_BURDEN_CAT,0.06809572671400034,0.8547571172630852,-0.06809572671400034,6419
MEDDL,XGBoost,locked_test,base_estimator_raw_margin_log_odds,WTFA_A,36,RATCAT_A=14,RATCAT_A,0.06744464124180016,0.8465845054390414,-0.06744464124180016,6419
MEDDL,XGBoost,locked_test,base_estimator_raw_margin_log_odds,WTFA_A,37,RATCAT_A=4,RATCAT_A,0.05998193490377016,0.7529104723640112,0.05998193490377016,6419
MEDDL,XGBoost,locked_test,base_estimator_raw_margin_log_odds,WTFA_A,38,CHRONIC_BURDEN_CAT=Missing/indeterminate,CHRONIC_BURDEN_CAT,0.05764753674714096,0.7236084363157728,0.05764753674714096,6419
MEDDL,XGBoost,locked_test,base_estimator_raw_margin_log_odds,WTFA_A,39,RATCAT_A=3,RATCAT_A,0.0574078365135893,0.7205996501477593,-0.0574078365135893,6419
MEDDL,XGBoost,locked_test,base_estimator_raw_margin_log_odds,WTFA_A,40,RATCAT_A=1,RATCAT_A,0.05451835362268183,0.6843300311071082,-0.05451835362268183,6419
MEDDL,XGBoost,locked_test,base_estimator_raw_margin_log_odds,WTFA_A,41,EMPWRKLSW1_A=Missing,EMPWRKLSW1_A,0.04536543595104271,0.5694399799822394,-0.04536543595104271,6419
MEDDL,XGBoost,locked_test,base_estimator_raw_margin_log_odds,WTFA_A,42,HISPALLP_A=6,HISPALLP_A,0.04207853493764656,0.5281818545386353,0.034743525326323924,6419
MEDDL,XGBoost,locked_test,base_estimator_raw_margin_log_odds,WTFA_A,43,EMPWRKLSW1_A=2,EMPWRKLSW1_A,0.04114269344152194,0.5164349033268173,-0.04114269344152194,6419
MEDDL,XGBoost,locked_test,base_estimator_raw_margin_log_odds,WTFA_A,44,EDUCP_A=3,EDUCP_A,0.03762456019127936,0.4722742844416606,-0.03762456019127936,6419
MEDDL,XGBoost,locked_test,base_estimator_raw_margin_log_odds,WTFA_A,45,NOTCOV_A=2,NOTCOV_A,0.03703444247460317,0.46486695739351097,-0.03703444247460317,6419
MEDDL,XGBoost,locked_test,base_estimator_raw_margin_log_odds,WTFA_A,46,EDUCP_A=8,EDUCP_A,0.03121506241474245,0.3918204276881139,0.02782205388061932,6419
MEDDL,XGBoost,locked_test,base_estimator_raw_margin_log_odds,WTFA_A,47,EDUCP_A=6,EDUCP_A,0.030062395731087353,0.37735182445513504,0.02319717167889518,6419
MEDDL,XGBoost,locked_test,base_estimator_raw_margin_log_odds,WTFA_A,48,RATCAT_A=12,RATCAT_A,0.029586860097050485,0.3713827646136508,0.029586860097050485,6419
MEDDL,XGBoost,locked_test,base_estimator_raw_margin_log_odds,WTFA_A,49,CHRONIC_BURDEN_CAT=3+,CHRONIC_BURDEN_CAT,0.02653595297068678,0.3330869022121722,-0.014352086810110102,6419
MEDDL,XGBoost,locked_test,base_estimator_raw_margin_log_odds,WTFA_A,50,HISPALLP_A=2,HISPALLP_A,0.022410562987283746,0.28130382242201846,0.020917432008147885,6419
MEDDL,XGBoost,locked_test,base_estimator_raw_margin_log_odds,WTFA_A,51,SEX_A=2,SEX_A,0.019500746456220804,0.24477896969077548,0.019500746456220804,6419
MEDDL,XGBoost,locked_test,base_estimator_raw_margin_log_odds,WTFA_A,52,NOTCOV_A=Missing,NOTCOV_A,0.018018896255259365,0.22617836041452397,-0.018018896255259365,6419
MEDDL,XGBoost,locked_test,base_estimator_raw_margin_log_odds,WTFA_A,53,FDSCAT3_A=Missing,FDSCAT3_A,0.016034306553973535,0.20126722055481353,0.016034306553973535,6419
MEDDL,XGBoost,locked_test,base_estimator_raw_margin_log_odds,WTFA_A,54,RATCAT_A=5,RATCAT_A,0.012969398025568237,0.16279560853402364,0.001589294981748997,6419
MEDDL,XGBoost,locked_test,base_estimator_raw_margin_log_odds,WTFA_A,55,HISPALLP_A=1,HISPALLP_A,0.012114869500510208,0.15206932108627538,0.01171842301703389,6419
MEDDL,XGBoost,locked_test,base_estimator_raw_margin_log_odds,WTFA_A,56,K6SPD_A=Missing,K6SPD_A,0.012107771762529907,0.1519802282408372,0.012107771762529907,6419
MEDDL,XGBoost,locked_test,base_estimator_raw_margin_log_odds,WTFA_A,57,HISPALLP_A=3,HISPALLP_A,0.011475188317004944,0.14403985916898324,-0.0035131526379100645,6419
MEDDL,XGBoost,locked_test,base_estimator_raw_margin_log_odds,WTFA_A,58,DISAB3_A=2,DISAB3_A,0.010727150245122755,0.13465027047114211,-0.010727150245122755,6419
MEDDL,XGBoost,locked_test,base_estimator_raw_margin_log_odds,WTFA_A,59,K6SPD_A=2,K6SPD_A,0.006698801599612573,0.08408528142229171,0.006698801599612573,6419
MEDDL,XGBoost,locked_test,base_estimator_raw_margin_log_odds,WTFA_A,60,EDUCP_A=2,EDUCP_A,0.004714689456678956,0.05918013601216218,0.002656556804376442,6419
MEDDL,XGBoost,locked_test,base_estimator_raw_margin_log_odds,WTFA_A,61,SEX_A=Missing,SEX_A,0.0,0.0,0.0,6419
MEDDL,XGBoost,locked_test,base_estimator_raw_margin_log_odds,WTFA_A,62,PHSTAT_A=Missing,PHSTAT_A,0.0,0.0,0.0,6419
MEDDL,XGBoost,locked_test,base_estimator_raw_margin_log_odds,WTFA_A,63,DISAB3_A=Missing,DISAB3_A,0.0,0.0,0.0,6419
