Outcome,Model,Evaluation_weighting,Axis,Metric,Point_estimate,CI95_lower,CI95_upper,Valid_replicates,Requested_replicates
MEDNG,LR,Unweighted,Race_ethnicity,AUPRC,0.13667640418444302,0.03410987944656783,0.28654952215189644,400,400
MEDNG,LR,Unweighted,Race_ethnicity,AUROC,0.0890551387403371,0.01655158496758824,0.20051459257655693,400,400
MEDNG,LR,Unweighted,Race_ethnicity,Recall,0.2272404298783196,0.13094031531531536,0.36530844075253566,400,400
MEDNG,LR,Unweighted,Race_ethnicity,FNR,0.2272404298783196,0.1309403153153153,0.3653084407525356,400,400
MEDNG,LR,Unweighted,Race_ethnicity,FPR,0.1011905746566877,0.07561914996601926,0.12915844715795044,400,400
MEDNG,LR,Unweighted,Race_ethnicity,Brier,0.012762437022544516,0.00466503634762738,0.028147360817558194,400,400
MEDNG,LR,Unweighted,Race_ethnicity,Calibration_abs_error,0.006938563474386351,0.0026749957155512453,0.026144255484178067,400,400
MEDNG,LR,WTFA_A,Race_ethnicity,AUPRC,0.1827313845595372,0.03745857589193204,0.36812020332154355,400,400
MEDNG,LR,WTFA_A,Race_ethnicity,AUROC,0.09695666749314125,0.017341650298058547,0.2179399372981795,400,400
MEDNG,LR,WTFA_A,Race_ethnicity,Recall,0.2644073092222457,0.15324383150121845,0.41566082657380726,400,400
MEDNG,LR,WTFA_A,Race_ethnicity,FNR,0.2644073092222456,0.15324383150121842,0.4156608265738072,400,400
MEDNG,LR,WTFA_A,Race_ethnicity,FPR,0.10559472617182622,0.07478293025426545,0.13864388886695256,400,400
MEDNG,LR,WTFA_A,Race_ethnicity,Brier,0.018204323248499972,0.003720212905658827,0.037963647592886694,400,400
MEDNG,LR,WTFA_A,Race_ethnicity,Calibration_abs_error,0.022658755144570664,0.007116250660817942,0.04201270570278091,400,400
MEDNG,LR,Unweighted,Poverty,AUPRC,0.05778618502905197,0.0216001740255351,0.17196068752046875,400,400
MEDNG,LR,Unweighted,Poverty,AUROC,0.10764148738536472,0.04664523485336504,0.18302569499129542,400,400
MEDNG,LR,Unweighted,Poverty,Recall,0.15322383791888972,0.07002443183751236,0.26283570950504087,400,400
MEDNG,LR,Unweighted,Poverty,FNR,0.15322383791888972,0.07002443183751225,0.2628357095050408,400,400
MEDNG,LR,Unweighted,Poverty,FPR,0.1051936553870819,0.08715206398141502,0.1286362866540482,400,400
MEDNG,LR,Unweighted,Poverty,Brier,0.05165433040959081,0.03605452433037613,0.06968064127512788,400,400
MEDNG,LR,Unweighted,Poverty,Calibration_abs_error,0.015542391856578755,0.003168492949086628,0.03784010347718401,400,400
MEDNG,LR,WTFA_A,Poverty,AUPRC,0.1262138636736183,0.047708938588840066,0.27387774099893847,400,400
MEDNG,LR,WTFA_A,Poverty,AUROC,0.06757238654158848,0.02002836356041763,0.16896809601148777,400,400
MEDNG,LR,WTFA_A,Poverty,Recall,0.1612524082800042,0.06550736109770915,0.30026317784393997,400,400
MEDNG,LR,WTFA_A,Poverty,FNR,0.1612524082800043,0.06550736109770931,0.3002631778439399,400,400
MEDNG,LR,WTFA_A,Poverty,FPR,0.1187022193604928,0.09328527625359054,0.15047836180581975,400,400
MEDNG,LR,WTFA_A,Poverty,Brier,0.046711238777060946,0.03289896958746524,0.0656866495810731,400,400
MEDNG,LR,WTFA_A,Poverty,Calibration_abs_error,0.0032829289725594263,0.0016864661238210495,0.02877884714939446,400,400
MEDNG,LR,Unweighted,Insurance,AUPRC,0.30910069864641815,0.20639822946204192,0.406517498358314,400,400
MEDNG,LR,Unweighted,Insurance,AUROC,0.027219277120943408,0.0019622898622345063,0.08942334108223438,400,400
MEDNG,LR,Unweighted,Insurance,Recall,0.5608228046361075,0.48054515566290923,0.6506944012581379,400,400
MEDNG,LR,Unweighted,Insurance,FNR,0.5608228046361072,0.48054515566290923,0.6506944012581379,400,400
MEDNG,LR,Unweighted,Insurance,FPR,0.5319706555136792,0.47622859800580647,0.5847416590556482,400,400
MEDNG,LR,Unweighted,Insurance,Brier,0.11854709820793227,0.09813990652242367,0.14015282446739888,400,400
MEDNG,LR,Unweighted,Insurance,Calibration_abs_error,0.020504870022677486,0.0011932619117354217,0.05709787873516079,400,400
MEDNG,LR,WTFA_A,Insurance,AUPRC,0.32158248175734383,0.19390072601816796,0.4488978398853862,400,400
MEDNG,LR,WTFA_A,Insurance,AUROC,0.008414716290430668,0.0010847292646448624,0.0753040752560594,400,400
MEDNG,LR,WTFA_A,Insurance,Recall,0.5839163307149564,0.4981311938000626,0.6582610161222424,400,400
MEDNG,LR,WTFA_A,Insurance,FNR,0.5839163307149564,0.4981311938000625,0.6582610161222424,400,400
MEDNG,LR,WTFA_A,Insurance,FPR,0.5258310428223345,0.4640737661927074,0.5877378636475238,400,400
MEDNG,LR,WTFA_A,Insurance,Brier,0.11602873720419479,0.09179858152524042,0.14089947860144444,400,400
MEDNG,LR,WTFA_A,Insurance,Calibration_abs_error,0.009931798489779015,0.0004324843392802249,0.048509419480137865,400,400
MEDNG,LR,Unweighted,Sex,AUPRC,0.021696160549108834,0.0012249460039513009,0.10768959972191908,400,400
MEDNG,LR,Unweighted,Sex,AUROC,0.004838910487820258,0.0008855945975320581,0.045860025556312835,400,400
MEDNG,LR,Unweighted,Sex,Recall,0.036604042190634345,0.0017251185076408596,0.12212500785564642,400,400
MEDNG,LR,Unweighted,Sex,FNR,0.0366040421906344,0.0017251185076408054,0.12212500785564631,400,400
MEDNG,LR,Unweighted,Sex,FPR,0.027815682325159866,0.013833947719985175,0.03963110778271831,400,400
MEDNG,LR,Unweighted,Sex,Brier,0.010479423445356253,0.0019514558721627766,0.01779846138929398,400,400
MEDNG,LR,Unweighted,Sex,Calibration_abs_error,0.0007415094653118459,0.00015355456853185045,0.00845468291011198,400,400
MEDNG,LR,WTFA_A,Sex,AUPRC,0.03669478572379653,0.002389832826398791,0.1533670279283584,400,400
MEDNG,LR,WTFA_A,Sex,AUROC,0.03306360586875623,0.0014807079251581733,0.08395262738943962,400,400
MEDNG,LR,WTFA_A,Sex,Recall,0.035615146842504886,0.0021646554270350316,0.13954609692471398,400,400
MEDNG,LR,WTFA_A,Sex,FNR,0.03561514684250472,0.002164655427035195,0.13954609692471412,400,400
MEDNG,LR,WTFA_A,Sex,FPR,0.030516606816232875,0.011135950785791233,0.04968493202045038,400,400
MEDNG,LR,WTFA_A,Sex,Brier,0.01657151694989554,0.005925108688204135,0.02705885521512382,400,400
MEDNG,LR,WTFA_A,Sex,Calibration_abs_error,0.001983870587886065,0.00011369430134685421,0.01160043828790147,400,400
MEDNG,LR,Unweighted,Age,AUPRC,0.23898942676267754,0.12804531703933772,0.346754560729735,400,400
MEDNG,LR,Unweighted,Age,AUROC,0.0411383236007663,0.02632671658087571,0.13036993314851314,400,400
MEDNG,LR,Unweighted,Age,Recall,0.39370485036119707,0.2669673157724629,0.549962370986238,400,400
MEDNG,LR,Unweighted,Age,FNR,0.39370485036119707,0.26696731577246285,0.549962370986238,400,400
MEDNG,LR,Unweighted,Age,FPR,0.14295619990246033,0.12123126137959105,0.16551444102858157,400,400
MEDNG,LR,Unweighted,Age,Brier,0.05218142716839629,0.041959620717513475,0.06556469470017978,400,400
MEDNG,LR,Unweighted,Age,Calibration_abs_error,0.01926466771882747,0.007686384248181688,0.03693607933606611,400,400
MEDNG,LR,WTFA_A,Age,AUPRC,0.22846064122615514,0.08986927692591293,0.3933014915908193,400,400
MEDNG,LR,WTFA_A,Age,AUROC,0.05007708115847054,0.025844661582088837,0.1534230243080222,400,400
MEDNG,LR,WTFA_A,Age,Recall,0.3879908652194198,0.1993246928445947,0.5993793069886859,400,400
MEDNG,LR,WTFA_A,Age,FNR,0.3879908652194196,0.19932469284459486,0.599379306988686,400,400
MEDNG,LR,WTFA_A,Age,FPR,0.1409854495058941,0.11687634355058686,0.17011258751469754,400,400
MEDNG,LR,WTFA_A,Age,Brier,0.04489308121715287,0.03342338748270629,0.06244822066172986,400,400
MEDNG,LR,WTFA_A,Age,Calibration_abs_error,0.016618408807731896,0.006607793372287401,0.03469067620159596,400,400
MEDNG,RF,Unweighted,Race_ethnicity,AUPRC,0.16930124241967304,0.02694755302748616,0.32437822344488737,400,400
MEDNG,RF,Unweighted,Race_ethnicity,AUROC,0.06565953526336032,0.014598102221209983,0.16427243404061315,400,400
MEDNG,RF,Unweighted,Race_ethnicity,Recall,0.3137490007993605,0.218734387490008,0.43211485305235303,400,400
MEDNG,RF,Unweighted,Race_ethnicity,FNR,0.3137490007993605,0.21873438749000798,0.4321148530523531,400,400
MEDNG,RF,Unweighted,Race_ethnicity,FPR,0.19720103885791798,0.16527451603239812,0.22717423374914705,400,400
MEDNG,RF,Unweighted,Race_ethnicity,Brier,0.013028261158066969,0.004292106483962272,0.030726808104140933,400,400
MEDNG,RF,Unweighted,Race_ethnicity,Calibration_abs_error,0.004237516125369482,0.0020715939364467036,0.02581133995576739,400,400
MEDNG,RF,WTFA_A,Race_ethnicity,AUPRC,0.25771230344814433,0.054476743884906954,0.4315338731079479,400,400
MEDNG,RF,WTFA_A,Race_ethnicity,AUROC,0.07539380926525552,0.018579306944941462,0.1823622814455861,400,400
MEDNG,RF,WTFA_A,Race_ethnicity,Recall,0.3298180811402823,0.2221048914111263,0.4594226730308645,400,400
MEDNG,RF,WTFA_A,Race_ethnicity,FNR,0.32981808114028227,0.2221048914111264,0.45942267303086465,400,400
MEDNG,RF,WTFA_A,Race_ethnicity,FPR,0.21378194888706753,0.17527845175154302,0.24899200686456818,400,400
MEDNG,RF,WTFA_A,Race_ethnicity,Brier,0.01894262456558468,0.0049403936129132926,0.040020147638013336,400,400
MEDNG,RF,WTFA_A,Race_ethnicity,Calibration_abs_error,0.017091093214922123,0.004430863658938856,0.03741962823021231,400,400
MEDNG,RF,Unweighted,Poverty,AUPRC,0.08474085729153702,0.0269042550105543,0.19012013396516084,400,400
MEDNG,RF,Unweighted,Poverty,AUROC,0.08392570887018369,0.030283787012927117,0.15060443036320434,400,400
MEDNG,RF,Unweighted,Poverty,Recall,0.3095512082853855,0.20664509738620232,0.4174145828377686,400,400
MEDNG,RF,Unweighted,Poverty,FNR,0.3095512082853855,0.20664509738620232,0.41741458283776856,400,400
MEDNG,RF,Unweighted,Poverty,FPR,0.2555343010361609,0.21357923843969145,0.29051261172443954,400,400
MEDNG,RF,Unweighted,Poverty,Brier,0.04900494533623339,0.033331680378264554,0.0669226287262557,400,400
MEDNG,RF,Unweighted,Poverty,Calibration_abs_error,0.009148701809744142,0.0037953801501041644,0.03199923782472953,400,400
MEDNG,RF,WTFA_A,Poverty,AUPRC,0.1872445777802778,0.08627379984577405,0.32602216190701594,400,400
MEDNG,RF,WTFA_A,Poverty,AUROC,0.052060730992363524,0.011060782478318208,0.1518068846552025,400,400
MEDNG,RF,WTFA_A,Poverty,Recall,0.3048894938925393,0.20884189942739642,0.41347923343923443,400,400
MEDNG,RF,WTFA_A,Poverty,FNR,0.3048894938925393,0.2088418994273964,0.4134792334392344,400,400
MEDNG,RF,WTFA_A,Poverty,FPR,0.2740695131259965,0.22067099541055873,0.32246868146599283,400,400
MEDNG,RF,WTFA_A,Poverty,Brier,0.04446524092316563,0.032165546293750326,0.06335181127698543,400,400
MEDNG,RF,WTFA_A,Poverty,Calibration_abs_error,0.011672033678089652,0.0026753248006786538,0.034099107251407336,400,400
MEDNG,RF,Unweighted,Insurance,AUPRC,0.34324636528642044,0.2512877744255848,0.43342105566033295,400,400
MEDNG,RF,Unweighted,Insurance,AUROC,0.010082558365980265,0.0007836785484785975,0.06716291361017371,400,400
MEDNG,RF,Unweighted,Insurance,Recall,0.6401273885350318,0.5875887194201148,0.6958021880459375,400,400
MEDNG,RF,Unweighted,Insurance,FNR,0.6401273885350318,0.5875887194201148,0.6958021880459374,400,400
MEDNG,RF,Unweighted,Insurance,FPR,0.8956740313751795,0.877415132605865,0.9109549571522808,400,400
MEDNG,RF,Unweighted,Insurance,Brier,0.12804764028632903,0.10627551418104743,0.14867641027779765,400,400
MEDNG,RF,Unweighted,Insurance,Calibration_abs_error,0.061856421958697755,0.027328436685546995,0.09982187496533174,400,400
MEDNG,RF,WTFA_A,Insurance,AUPRC,0.358802518717767,0.2412509629528649,0.47467699023143,400,400
MEDNG,RF,WTFA_A,Insurance,AUROC,0.018240019942947105,0.002016861413998261,0.07412596612161387,400,400
MEDNG,RF,WTFA_A,Insurance,Recall,0.6412700822306338,0.572028610888718,0.7040734805898503,400,400
MEDNG,RF,WTFA_A,Insurance,FNR,0.6412700822306336,0.5720286108887183,0.7040734805898504,400,400
MEDNG,RF,WTFA_A,Insurance,FPR,0.8833307762196521,0.860675570162541,0.9017743570195671,400,400
MEDNG,RF,WTFA_A,Insurance,Brier,0.12619490244661713,0.10172746402027974,0.15360405222297752,400,400
MEDNG,RF,WTFA_A,Insurance,Calibration_abs_error,0.05394723581265538,0.014392927186868701,0.09299913822518335,400,400
MEDNG,RF,Unweighted,Sex,AUPRC,0.013219541537568102,0.0016549579467018502,0.10047104172761918,400,400
MEDNG,RF,Unweighted,Sex,AUROC,0.010101218035935666,0.0007194908579106374,0.04904781614362006,400,400
MEDNG,RF,Unweighted,Sex,Recall,0.026983887319082855,0.0017045438634377575,0.12371359779765675,400,400
MEDNG,RF,Unweighted,Sex,FNR,0.026983887319082855,0.0017045438634378644,0.12371359779765675,400,400
MEDNG,RF,Unweighted,Sex,FPR,0.011202335742514002,0.0004035228603786731,0.02607475783098025,400,400
MEDNG,RF,Unweighted,Sex,Brier,0.010615628891604188,0.0019498913184346947,0.01837654750984161,400,400
MEDNG,RF,Unweighted,Sex,Calibration_abs_error,0.000613828484185612,0.00020442694135167067,0.010247419469227885,400,400
MEDNG,RF,WTFA_A,Sex,AUPRC,0.0288947749832007,0.0019942990148992634,0.1505832326362481,400,400
MEDNG,RF,WTFA_A,Sex,AUROC,0.025128479592848252,0.001335134885503464,0.07062348077386545,400,400
MEDNG,RF,WTFA_A,Sex,Recall,0.043766406390520096,0.0017598813917409392,0.1343980607332684,400,400
MEDNG,RF,WTFA_A,Sex,FNR,0.04376640639052015,0.0017598813917408865,0.1343980607332688,400,400
MEDNG,RF,WTFA_A,Sex,FPR,0.00992748281082148,0.0004993714166615912,0.033410594685971996,400,400
MEDNG,RF,WTFA_A,Sex,Brier,0.015360556529772272,0.004751800753343753,0.025714466613866675,400,400
MEDNG,RF,WTFA_A,Sex,Calibration_abs_error,0.004330482689642971,0.0002639888906355404,0.015200978200261967,400,400
MEDNG,RF,Unweighted,Age,AUPRC,0.25010540363106415,0.13681909970557624,0.3589731125259834,400,400
MEDNG,RF,Unweighted,Age,AUROC,0.04243093970891387,0.017459511009199798,0.1625565708275846,400,400
MEDNG,RF,Unweighted,Age,Recall,0.3080495356037151,0.1573857445435067,0.5000764525993883,400,400
MEDNG,RF,Unweighted,Age,FNR,0.30804953560371523,0.15738574454350665,0.5000764525993883,400,400
MEDNG,RF,Unweighted,Age,FPR,0.17811984812535345,0.15172395129299263,0.2056801495916463,400,400
MEDNG,RF,Unweighted,Age,Brier,0.05211552381968239,0.042442576175143056,0.06489366249267725,400,400
MEDNG,RF,Unweighted,Age,Calibration_abs_error,0.017630950547579502,0.006618233795546956,0.02796296125802123,400,400
MEDNG,RF,WTFA_A,Age,AUPRC,0.2556160064518844,0.10752282317385536,0.41152379721407456,400,400
MEDNG,RF,WTFA_A,Age,AUROC,0.03339389956735783,0.023396652759616558,0.16920599782957413,400,400
MEDNG,RF,WTFA_A,Age,Recall,0.30679260472921405,0.11326617372132419,0.5276370902276022,400,400
MEDNG,RF,WTFA_A,Age,FNR,0.30679260472921377,0.11326617372132414,0.5276370902276023,400,400
MEDNG,RF,WTFA_A,Age,FPR,0.1731382050972647,0.14479577024047316,0.2032491453073958,400,400
MEDNG,RF,WTFA_A,Age,Brier,0.04518621437715596,0.03487172233703479,0.06379386010153518,400,400
MEDNG,RF,WTFA_A,Age,Calibration_abs_error,0.00952616843652539,0.004275687719194929,0.024646727075412735,400,400
MEDNG,XGBoost,Unweighted,Race_ethnicity,AUPRC,0.1077327126419422,0.02246147252902617,0.2523369305992006,400,400
MEDNG,XGBoost,Unweighted,Race_ethnicity,AUROC,0.08219852483334666,0.02421839029269785,0.17385207216206988,400,400
MEDNG,XGBoost,Unweighted,Race_ethnicity,Recall,0.13660762211486854,0.04603987000634113,0.3089516939219735,400,400
MEDNG,XGBoost,Unweighted,Race_ethnicity,FNR,0.13660762211486854,0.04603987000634113,0.3089516939219736,400,400
MEDNG,XGBoost,Unweighted,Race_ethnicity,FPR,0.07274900332500703,0.04950906134586903,0.0942034296418997,400,400
MEDNG,XGBoost,Unweighted,Race_ethnicity,Brier,0.014786572359045562,0.005310677625797275,0.030781710818981286,400,400
MEDNG,XGBoost,Unweighted,Race_ethnicity,Calibration_abs_error,0.008505047122488833,0.0026786232426664718,0.02654368068641299,400,400
MEDNG,XGBoost,WTFA_A,Race_ethnicity,AUPRC,0.15239078617505644,0.03521489023388641,0.3078927193560391,400,400
MEDNG,XGBoost,WTFA_A,Race_ethnicity,AUROC,0.07885137221112293,0.019583541195512248,0.17978293140227197,400,400
MEDNG,XGBoost,WTFA_A,Race_ethnicity,Recall,0.1553611732653944,0.05883171371447565,0.34455653190261354,400,400
MEDNG,XGBoost,WTFA_A,Race_ethnicity,FNR,0.15536117326539456,0.05883171371447571,0.3445565319026137,400,400
MEDNG,XGBoost,WTFA_A,Race_ethnicity,FPR,0.07196094343086595,0.04424586616657038,0.10148966820326838,400,400
MEDNG,XGBoost,WTFA_A,Race_ethnicity,Brier,0.01945060799648289,0.0057949048699738335,0.040406975457225484,400,400
MEDNG,XGBoost,WTFA_A,Race_ethnicity,Calibration_abs_error,0.019669734018875715,0.004499362093225755,0.03852564242394644,400,400
MEDNG,XGBoost,Unweighted,Poverty,AUPRC,0.04568938485591778,0.016091037533697335,0.1683339753075731,400,400
MEDNG,XGBoost,Unweighted,Poverty,AUROC,0.07877975381951208,0.024363528843936524,0.13987297607688623,400,400
MEDNG,XGBoost,Unweighted,Poverty,Recall,0.15409561669630717,0.06607009721610882,0.26356895463870783,400,400
MEDNG,XGBoost,Unweighted,Poverty,FNR,0.15409561669630711,0.06607009721610892,0.2635689546387079,400,400
MEDNG,XGBoost,Unweighted,Poverty,FPR,0.07848036539468498,0.06420892128102675,0.0990442317487955,400,400
MEDNG,XGBoost,Unweighted,Poverty,Brier,0.04819136907708145,0.034288682915816944,0.0654764901588362,400,400
MEDNG,XGBoost,Unweighted,Poverty,Calibration_abs_error,0.0117754310084437,0.0022237076875849878,0.03315229179899598,400,400
MEDNG,XGBoost,WTFA_A,Poverty,AUPRC,0.10673831866280842,0.037097135402673224,0.2590782748823804,400,400
MEDNG,XGBoost,WTFA_A,Poverty,AUROC,0.06287518272509396,0.020705774710999415,0.14437884440502416,400,400
MEDNG,XGBoost,WTFA_A,Poverty,Recall,0.1896488686568205,0.09837233214863114,0.31363384389888904,400,400
MEDNG,XGBoost,WTFA_A,Poverty,FNR,0.1896488686568208,0.09837233214863092,0.313633843898889,400,400
MEDNG,XGBoost,WTFA_A,Poverty,FPR,0.09074255733889025,0.06555987882044752,0.12289582931654529,400,400
MEDNG,XGBoost,WTFA_A,Poverty,Brier,0.04446118515744817,0.03245337337402675,0.06539844161827536,400,400
MEDNG,XGBoost,WTFA_A,Poverty,Calibration_abs_error,0.003909046771790124,0.0021210883993277637,0.031405880120072276,400,400
MEDNG,XGBoost,Unweighted,Insurance,AUPRC,0.30456092029162857,0.2169921462179585,0.40186252382495513,400,400
MEDNG,XGBoost,Unweighted,Insurance,AUROC,0.04888440180975928,0.0012516006782931051,0.1078875568176631,400,400
MEDNG,XGBoost,Unweighted,Insurance,Recall,0.5043332985277227,0.410038517768781,0.5954222803364346,400,400
MEDNG,XGBoost,Unweighted,Insurance,FNR,0.5043332985277227,0.41003851776878086,0.5954222803364345,400,400
MEDNG,XGBoost,Unweighted,Insurance,FPR,0.38684858165423386,0.342438455608364,0.4315813855629791,400,400
MEDNG,XGBoost,Unweighted,Insurance,Brier,0.11954944614650595,0.09894367941350493,0.14186737728951096,400,400
MEDNG,XGBoost,Unweighted,Insurance,Calibration_abs_error,0.021373804479055965,0.0012540143575715305,0.059014510104484746,400,400
MEDNG,XGBoost,WTFA_A,Insurance,AUPRC,0.3048856737664632,0.1967157951967182,0.410047120550589,400,400
MEDNG,XGBoost,WTFA_A,Insurance,AUROC,0.03779797665847828,0.0011537876876753454,0.1077427254725557,400,400
MEDNG,XGBoost,WTFA_A,Insurance,Recall,0.46893608046449126,0.35431533955304784,0.5724091103570523,400,400
MEDNG,XGBoost,WTFA_A,Insurance,FNR,0.468936080464491,0.3543153395530476,0.5724091103570521,400,400
MEDNG,XGBoost,WTFA_A,Insurance,FPR,0.36729135458573725,0.3096651032427114,0.42133534258936073,400,400
MEDNG,XGBoost,WTFA_A,Insurance,Brier,0.11985074031970622,0.09630076230337996,0.14745454870266894,400,400
MEDNG,XGBoost,WTFA_A,Insurance,Calibration_abs_error,0.022150602514444784,0.00089460136663394,0.058726840059203304,400,400
MEDNG,XGBoost,Unweighted,Sex,AUPRC,0.01733859414754757,0.0011142812218996115,0.10161656977867141,400,400
MEDNG,XGBoost,Unweighted,Sex,AUROC,0.011065455479452146,0.0009395793621875426,0.04961239167621702,400,400
MEDNG,XGBoost,Unweighted,Sex,Recall,0.06158193309031296,0.0031672259108541396,0.15330722059995036,400,400
MEDNG,XGBoost,Unweighted,Sex,FNR,0.06158193309031301,0.0031672259108540854,0.15330722059995036,400,400
MEDNG,XGBoost,Unweighted,Sex,FPR,0.0226755369869205,0.010479662181698905,0.03474294287815,400,400
MEDNG,XGBoost,Unweighted,Sex,Brier,0.010382283980868282,0.0017934661657907447,0.017904173352604948,400,400
MEDNG,XGBoost,Unweighted,Sex,Calibration_abs_error,0.000137334086034821,0.00011887052684943171,0.008696010014159278,400,400
MEDNG,XGBoost,WTFA_A,Sex,AUPRC,0.014268597894361745,0.001492174284998471,0.12132715224838263,400,400
MEDNG,XGBoost,WTFA_A,Sex,AUROC,0.02074284820697636,0.001202060923478013,0.060049732447362815,400,400
MEDNG,XGBoost,WTFA_A,Sex,Recall,0.0008145646848329857,0.0026755533425972576,0.13194694112056596,400,400
MEDNG,XGBoost,WTFA_A,Sex,FNR,0.0008145646848329857,0.0026755533425972117,0.13194694112056596,400,400
MEDNG,XGBoost,WTFA_A,Sex,FPR,0.024925108953811184,0.008301221280373338,0.04200962879994928,400,400
MEDNG,XGBoost,WTFA_A,Sex,Brier,0.015450158931609045,0.005268476735178891,0.02581486815767367,400,400
MEDNG,XGBoost,WTFA_A,Sex,Calibration_abs_error,0.0016601177538577636,0.00011058795323220761,0.011209981287085996,400,400
MEDNG,XGBoost,Unweighted,Age,AUPRC,0.25969167409789573,0.1712835391733347,0.35357846096681544,400,400
MEDNG,XGBoost,Unweighted,Age,AUROC,0.04082048962185991,0.020211224409082525,0.1504185982604033,400,400
MEDNG,XGBoost,Unweighted,Age,Recall,0.4602604400538841,0.35905806085384834,0.5656680028718438,400,400
MEDNG,XGBoost,Unweighted,Age,FNR,0.4602604400538841,0.35905806085384834,0.5656680028718439,400,400
MEDNG,XGBoost,Unweighted,Age,FPR,0.09784236067583953,0.08410091999967739,0.11467944417764522,400,400
MEDNG,XGBoost,Unweighted,Age,Brier,0.0508049953139183,0.04024538326678644,0.06382824230638254,400,400
MEDNG,XGBoost,Unweighted,Age,Calibration_abs_error,0.009910044716597392,0.00311430378257011,0.022242176047916017,400,400
MEDNG,XGBoost,WTFA_A,Age,AUPRC,0.25575114488155226,0.13624736054605735,0.38055824541538325,400,400
MEDNG,XGBoost,WTFA_A,Age,AUROC,0.05869613916274741,0.026125677768607018,0.15474896781333536,400,400
MEDNG,XGBoost,WTFA_A,Age,Recall,0.4872761569904958,0.37573382513634657,0.6003193661622992,400,400
MEDNG,XGBoost,WTFA_A,Age,FNR,0.4872761569904958,0.3757338251363465,0.6003193661622989,400,400
MEDNG,XGBoost,WTFA_A,Age,FPR,0.10869977548143359,0.08655285142325667,0.13151689896992758,400,400
MEDNG,XGBoost,WTFA_A,Age,Brier,0.044134216774941316,0.03325212591591134,0.06140906004561118,400,400
MEDNG,XGBoost,WTFA_A,Age,Calibration_abs_error,0.008024258976973835,0.0028425051805492565,0.02241647282934278,400,400
MEDDL,LR,Unweighted,Race_ethnicity,AUPRC,0.03065658425883705,0.013481176635275463,0.19328573072220342,400,400
MEDDL,LR,Unweighted,Race_ethnicity,AUROC,0.05317670882097558,0.017995257749642165,0.14154853959028688,400,400
MEDDL,LR,Unweighted,Race_ethnicity,Recall,0.11372734934681844,0.029222264213490324,0.24630111426710308,400,400
MEDDL,LR,Unweighted,Race_ethnicity,FNR,0.11372734934681833,0.02922226421349038,0.24630111426710308,400,400
MEDDL,LR,Unweighted,Race_ethnicity,FPR,0.08100764735624137,0.05787082178594963,0.10580662077552581,400,400
MEDDL,LR,Unweighted,Race_ethnicity,Brier,0.016151363370292174,0.003727588261248297,0.034401230427987754,400,400
MEDDL,LR,Unweighted,Race_ethnicity,Calibration_abs_error,0.0048813875048071415,0.0018483740408453402,0.02571878010141261,400,400
MEDDL,LR,WTFA_A,Race_ethnicity,AUPRC,0.1119292398125395,0.03267011387432892,0.31312237355583633,400,400
MEDDL,LR,WTFA_A,Race_ethnicity,AUROC,0.07409245532025432,0.024529908901647284,0.16412296638612722,400,400
MEDDL,LR,WTFA_A,Race_ethnicity,Recall,0.1650479196493121,0.05310537662584436,0.33706048764054614,400,400
MEDDL,LR,WTFA_A,Race_ethnicity,FNR,0.1650479196493121,0.05310537662584463,0.337060487640546,400,400
MEDDL,LR,WTFA_A,Race_ethnicity,FPR,0.09087735283231653,0.061083879287327426,0.12449554164009555,400,400
MEDDL,LR,WTFA_A,Race_ethnicity,Brier,0.021814236880180818,0.0055036513540752865,0.044822274596220395,400,400
MEDDL,LR,WTFA_A,Race_ethnicity,Calibration_abs_error,0.0028292007139196496,0.0016812301811169013,0.029240790976613286,400,400
MEDDL,LR,Unweighted,Poverty,AUPRC,0.06293628557083142,0.012742983629240683,0.1614963671357738,400,400
MEDDL,LR,Unweighted,Poverty,AUROC,0.072523787157181,0.022925838096474055,0.14619751058269712,400,400
MEDDL,LR,Unweighted,Poverty,Recall,0.16443053070960045,0.08294275343301553,0.27626348266006723,400,400
MEDDL,LR,Unweighted,Poverty,FNR,0.1644305307096005,0.08294275343301559,0.27626348266006723,400,400
MEDDL,LR,Unweighted,Poverty,FPR,0.09023004698061905,0.07357754487064572,0.11380377992082301,400,400
MEDDL,LR,Unweighted,Poverty,Brier,0.03997584817969932,0.02581833425915001,0.056666345904199215,400,400
MEDDL,LR,Unweighted,Poverty,Calibration_abs_error,0.015549715200274206,0.0018480909216825668,0.037861964459021555,400,400
MEDDL,LR,WTFA_A,Poverty,AUPRC,0.1252423506058617,0.0324702355313356,0.24720868740765192,400,400
MEDDL,LR,WTFA_A,Poverty,AUROC,0.04742059856312453,0.01025204304563221,0.1338459297299069,400,400
MEDDL,LR,WTFA_A,Poverty,Recall,0.19089716307843546,0.09929587700589962,0.31896150780190424,400,400
MEDDL,LR,WTFA_A,Poverty,FNR,0.19089716307843552,0.09929587700589951,0.3189615078019043,400,400
MEDDL,LR,WTFA_A,Poverty,FPR,0.09534958841699909,0.07259924338546336,0.12809606020027012,400,400
MEDDL,LR,WTFA_A,Poverty,Brier,0.04452340515580506,0.0273073553551594,0.07087505524070714,400,400
MEDDL,LR,WTFA_A,Poverty,Calibration_abs_error,0.02172831412988492,0.0027645783842736964,0.055966256430436886,400,400
MEDDL,LR,Unweighted,Insurance,AUPRC,0.30711851013466995,0.21242021728170976,0.3935368739921441,400,400
MEDDL,LR,Unweighted,Insurance,AUROC,0.028581342659882214,0.0021688582195021236,0.08408381697587797,400,400
MEDDL,LR,Unweighted,Insurance,Recall,0.5489991900960314,0.4825227864474812,0.6240623949042474,400,400
MEDDL,LR,Unweighted,Insurance,FNR,0.5489991900960315,0.4825227864474812,0.6240623949042474,400,400
MEDDL,LR,Unweighted,Insurance,FPR,0.5006658273077831,0.44299344332947105,0.5525518227137245,400,400
MEDDL,LR,Unweighted,Insurance,Brier,0.12043575744294069,0.09980306981430435,0.14091473735153462,400,400
MEDDL,LR,Unweighted,Insurance,Calibration_abs_error,0.030910673487234225,0.002718076765284589,0.0644744294950448,400,400
MEDDL,LR,WTFA_A,Insurance,AUPRC,0.2925774956277476,0.1751820415475156,0.4008967760902189,400,400
MEDDL,LR,WTFA_A,Insurance,AUROC,0.009509890226418904,0.0010716679936481315,0.07691079555554785,400,400
MEDDL,LR,WTFA_A,Insurance,Recall,0.5353060035649277,0.4488256898713934,0.6139849039229132,400,400
MEDDL,LR,WTFA_A,Insurance,FNR,0.5353060035649275,0.44882568987139354,0.6139849039229134,400,400
MEDDL,LR,WTFA_A,Insurance,FPR,0.49472332621264603,0.4335200269678467,0.5549580761673452,400,400
MEDDL,LR,WTFA_A,Insurance,Brier,0.1139324679746982,0.08985001885670271,0.13789891233973803,400,400
MEDDL,LR,WTFA_A,Insurance,Calibration_abs_error,0.02449860554413312,0.0004886187519769209,0.06414372062975567,400,400
MEDDL,LR,Unweighted,Sex,AUPRC,0.06702848140156481,0.006464819375311145,0.14715592013895962,400,400
MEDDL,LR,Unweighted,Sex,AUROC,0.016293096950617092,0.0007716139319592587,0.06294635758558148,400,400
MEDDL,LR,Unweighted,Sex,Recall,0.04512195121951218,0.003093034297365298,0.13669793700682764,400,400
MEDDL,LR,Unweighted,Sex,FNR,0.045121951219512124,0.0030930342973652463,0.13669793700682775,400,400
MEDDL,LR,Unweighted,Sex,FPR,0.024529808928326277,0.010834932621496702,0.03837501574873841,400,400
MEDDL,LR,Unweighted,Sex,Brier,0.019241492089682066,0.010954983317331262,0.029156795958975197,400,400
MEDDL,LR,Unweighted,Sex,Calibration_abs_error,0.0013357980077049192,0.00028521348476180034,0.012064080705133392,400,400
MEDDL,LR,WTFA_A,Sex,AUPRC,0.061549813081766935,0.004359451139466062,0.16448794747480397,400,400
MEDDL,LR,WTFA_A,Sex,AUROC,0.013848625006229964,0.001279439292409901,0.07473515605283616,400,400
MEDDL,LR,WTFA_A,Sex,Recall,0.011228599044118603,0.0015142636731576746,0.13331523152700825,400,400
MEDDL,LR,WTFA_A,Sex,FNR,0.011228599044118437,0.0015142636731574595,0.13331523152700794,400,400
MEDDL,LR,WTFA_A,Sex,FPR,0.023687218211615735,0.005339244156246798,0.04231317241020227,400,400
MEDDL,LR,WTFA_A,Sex,Brier,0.021400697791874333,0.010330167652813112,0.03347505004623183,400,400
MEDDL,LR,WTFA_A,Sex,Calibration_abs_error,0.002376424683659159,0.00022862279819907823,0.017054895414573328,400,400
MEDDL,LR,Unweighted,Age,AUPRC,0.28899489067521544,0.19236673983963795,0.3735396642253316,400,400
MEDDL,LR,Unweighted,Age,AUROC,0.0704172184763312,0.03727801107527512,0.15066628955316533,400,400
MEDDL,LR,Unweighted,Age,Recall,0.45992479715020784,0.30859942856511957,0.5882778745644599,400,400
MEDDL,LR,Unweighted,Age,FNR,0.4599247971502078,0.3085994285651196,0.5882778745644598,400,400
MEDDL,LR,Unweighted,Age,FPR,0.1474141943397607,0.12434476097195127,0.16860329380905983,400,400
MEDDL,LR,Unweighted,Age,Brier,0.06693396695190144,0.05710790769141714,0.08324499056177237,400,400
MEDDL,LR,Unweighted,Age,Calibration_abs_error,0.030896720930371963,0.013507784167526144,0.04479771074538797,400,400
MEDDL,LR,WTFA_A,Age,AUPRC,0.23567433458569872,0.0916477070003821,0.3912423099852119,400,400
MEDDL,LR,WTFA_A,Age,AUROC,0.11432035424611287,0.07342507008061612,0.2167859118095272,400,400
MEDDL,LR,WTFA_A,Age,Recall,0.40542486874407535,0.23822443987403522,0.6238726881452655,400,400
MEDDL,LR,WTFA_A,Age,FNR,0.4054248687440754,0.23822443987403544,0.6238726881452655,400,400
MEDDL,LR,WTFA_A,Age,FPR,0.1378606803726552,0.1150919466745556,0.16250125902197685,400,400
MEDDL,LR,WTFA_A,Age,Brier,0.06386781570120847,0.0503214131840058,0.08189533393886024,400,400
MEDDL,LR,WTFA_A,Age,Calibration_abs_error,0.032471337524487554,0.01024005069035745,0.0511079280197987,400,400
MEDDL,RF,Unweighted,Race_ethnicity,AUPRC,0.014494663187165968,0.01226996070314488,0.16360809213525082,400,400
MEDDL,RF,Unweighted,Race_ethnicity,AUROC,0.05722826814612192,0.018336085234678477,0.1323492346674227,400,400
MEDDL,RF,Unweighted,Race_ethnicity,Recall,0.12478929624947332,0.049883864275096126,0.231072495172066,400,400
MEDDL,RF,Unweighted,Race_ethnicity,FNR,0.12478929624947321,0.04988386427509607,0.23107249517206593,400,400
MEDDL,RF,Unweighted,Race_ethnicity,FPR,0.1998209094179647,0.1658316723971119,0.23266387417300627,400,400
MEDDL,RF,Unweighted,Race_ethnicity,Brier,0.015817491814526463,0.004126541119734026,0.03253921307074425,400,400
MEDDL,RF,Unweighted,Race_ethnicity,Calibration_abs_error,0.013684094885119624,0.0036932029173140377,0.03415250968037751,400,400
MEDDL,RF,WTFA_A,Race_ethnicity,AUPRC,0.043417814833348,0.01604593008717706,0.21633694609170773,400,400
MEDDL,RF,WTFA_A,Race_ethnicity,AUROC,0.07574426687182978,0.022189477457615358,0.15399395780254152,400,400
MEDDL,RF,WTFA_A,Race_ethnicity,Recall,0.15457919405170384,0.05216661602005874,0.2581349384307147,400,400
MEDDL,RF,WTFA_A,Race_ethnicity,FNR,0.15457919405170367,0.052166616020058516,0.25813493843071467,400,400
MEDDL,RF,WTFA_A,Race_ethnicity,FPR,0.22320810627414703,0.18536463327958175,0.262587441435591,400,400
MEDDL,RF,WTFA_A,Race_ethnicity,Brier,0.018719814109622923,0.00561341253153833,0.038723607822041185,400,400
MEDDL,RF,WTFA_A,Race_ethnicity,Calibration_abs_error,0.011377630900143751,0.0027879722668413026,0.03444246705748434,400,400
MEDDL,RF,Unweighted,Poverty,AUPRC,0.06705461088516401,0.018829727040289464,0.1675088787069418,400,400
MEDDL,RF,Unweighted,Poverty,AUROC,0.0651795501021506,0.019436547555680667,0.13098258805777496,400,400
MEDDL,RF,Unweighted,Poverty,Recall,0.21325283243887894,0.14807184312329136,0.2928251154626097,400,400
MEDDL,RF,Unweighted,Poverty,FNR,0.21325283243887894,0.1480718431232914,0.2928251154626097,400,400
MEDDL,RF,Unweighted,Poverty,FPR,0.3035644339992166,0.26273473389500657,0.34437602651461835,400,400
MEDDL,RF,Unweighted,Poverty,Brier,0.03771609468931679,0.02433198340644367,0.05316731789626822,400,400
MEDDL,RF,Unweighted,Poverty,Calibration_abs_error,0.003791530939546567,0.0015965451675633879,0.024566329212409106,400,400
MEDDL,RF,WTFA_A,Poverty,AUPRC,0.1666571298917996,0.06991664327070998,0.286201476061776,400,400
MEDDL,RF,WTFA_A,Poverty,AUROC,0.038246128505447285,0.010160685421303928,0.1251814260774929,400,400
MEDDL,RF,WTFA_A,Poverty,Recall,0.20351529237314392,0.12945411085726127,0.30309809748202804,400,400
MEDDL,RF,WTFA_A,Poverty,FNR,0.203515292373144,0.12945411085726125,0.30309809748202776,400,400
MEDDL,RF,WTFA_A,Poverty,FPR,0.2885416557867161,0.23909117130917865,0.33915548179679894,400,400
MEDDL,RF,WTFA_A,Poverty,Brier,0.04033546734347959,0.02398784340607555,0.06548574344698875,400,400
MEDDL,RF,WTFA_A,Poverty,Calibration_abs_error,0.00158644932653762,0.0019039730187052622,0.034490521411092906,400,400
MEDDL,RF,Unweighted,Insurance,AUPRC,0.35257080738545515,0.2604802020613398,0.438971939358299,400,400
MEDDL,RF,Unweighted,Insurance,AUROC,0.013610262946518237,0.0006921103649651096,0.06577516009432985,400,400
MEDDL,RF,Unweighted,Insurance,Recall,0.4418604651162791,0.3982628066252009,0.4925680202478877,400,400
MEDDL,RF,Unweighted,Insurance,FNR,0.4418604651162791,0.3982628066252009,0.4925680202478877,400,400
MEDDL,RF,Unweighted,Insurance,FPR,0.8197076340010828,0.8101158761703121,0.8291337859102695,400,400
MEDDL,RF,Unweighted,Insurance,Brier,0.11712480196228608,0.09984376651360864,0.13350051540321514,400,400
MEDDL,RF,Unweighted,Insurance,Calibration_abs_error,0.012907471905016218,0.00029895652549637755,0.04476921463137763,400,400
MEDDL,RF,WTFA_A,Insurance,AUPRC,0.3381388327035941,0.22688477492779727,0.4356800626087413,400,400
MEDDL,RF,WTFA_A,Insurance,AUROC,0.0035203895680757658,0.001290414824810346,0.06734233443246201,400,400
MEDDL,RF,WTFA_A,Insurance,Recall,0.4310319630072028,0.38198468799755847,0.4936495861050212,400,400
MEDDL,RF,WTFA_A,Insurance,FNR,0.4310319630072028,0.38198468799755836,0.4936495861050212,400,400
MEDDL,RF,WTFA_A,Insurance,FPR,0.8078942429192184,0.7945577858351768,0.8213263201484776,400,400
MEDDL,RF,WTFA_A,Insurance,Brier,0.11033696745668353,0.09028553819558173,0.13024245800920842,400,400
MEDDL,RF,WTFA_A,Insurance,Calibration_abs_error,0.0077664727998011385,0.000529748954132588,0.0466254267708607,400,400
MEDDL,RF,Unweighted,Sex,AUPRC,0.05740449358273381,0.0037900133913464753,0.13844447667992715,400,400
MEDDL,RF,Unweighted,Sex,AUROC,0.01097211736210868,0.001149789071011656,0.05221005764628943,400,400
MEDDL,RF,Unweighted,Sex,Recall,0.042870544090056195,0.0020224971652202666,0.1259407395515936,400,400
MEDDL,RF,Unweighted,Sex,FNR,0.042870544090056306,0.002022497165220319,0.12594073955159354,400,400
MEDDL,RF,Unweighted,Sex,FPR,0.031802638311680204,0.010070008363086306,0.05364083914260181,400,400
MEDDL,RF,Unweighted,Sex,Brier,0.020219067476329185,0.012367266457272895,0.029899837249684563,400,400
MEDDL,RF,Unweighted,Sex,Calibration_abs_error,0.0007799185036953121,0.00027859317166364504,0.014139212444489487,400,400
MEDDL,RF,WTFA_A,Sex,AUPRC,0.04370599304999634,0.001856304022758626,0.14837228402816563,400,400
MEDDL,RF,WTFA_A,Sex,AUROC,0.008918435705123517,0.0008692902428176692,0.05841021884829672,400,400
MEDDL,RF,WTFA_A,Sex,Recall,0.05093700232249454,0.0033678842854863974,0.1489556447745807,400,400
MEDDL,RF,WTFA_A,Sex,FNR,0.050937002322494485,0.0033678842854863392,0.1489556447745806,400,400
MEDDL,RF,WTFA_A,Sex,FPR,0.03130928027829491,0.0036945665766288465,0.05897975490211766,400,400
MEDDL,RF,WTFA_A,Sex,Brier,0.02258192173259342,0.012290411886134799,0.03420513265742218,400,400
MEDDL,RF,WTFA_A,Sex,Calibration_abs_error,0.000373882588341104,0.000376260453197339,0.01883237165914798,400,400
MEDDL,RF,Unweighted,Age,AUPRC,0.28525033579665404,0.1915579747366214,0.3765755875461336,400,400
MEDDL,RF,Unweighted,Age,AUROC,0.05450573081869048,0.030381083637454384,0.1556306701702074,400,400
MEDDL,RF,Unweighted,Age,Recall,0.26459528992677617,0.10680946950400592,0.4199879570569224,400,400
MEDDL,RF,Unweighted,Age,FNR,0.26459528992677617,0.10680946950400592,0.41998795705692243,400,400
MEDDL,RF,Unweighted,Age,FPR,0.24058253335424423,0.22071196662825546,0.27301802085101023,400,400
MEDDL,RF,Unweighted,Age,Brier,0.0686772563374749,0.0589451323162867,0.08205868758858106,400,400
MEDDL,RF,Unweighted,Age,Calibration_abs_error,0.010257910439708771,0.004992896804001586,0.027908144484498493,400,400
MEDDL,RF,WTFA_A,Age,AUPRC,0.25632678926286073,0.11702523449900928,0.39632320906916385,400,400
MEDDL,RF,WTFA_A,Age,AUROC,0.07983153511848817,0.04129573983587436,0.19438643390889931,400,400
MEDDL,RF,WTFA_A,Age,Recall,0.21457920493784965,0.06819206737876544,0.4563953245068311,400,400
MEDDL,RF,WTFA_A,Age,FNR,0.2145792049378497,0.06819206737876536,0.4563953245068313,400,400
MEDDL,RF,WTFA_A,Age,FPR,0.26622523239170715,0.23410380338587478,0.3009315802684128,400,400
MEDDL,RF,WTFA_A,Age,Brier,0.06108876939418238,0.049564359695479426,0.07970365420595865,400,400
MEDDL,RF,WTFA_A,Age,Calibration_abs_error,0.009900877574833752,0.005408449017710008,0.031210182108045312,400,400
MEDDL,XGBoost,Unweighted,Race_ethnicity,AUPRC,0.06186950230063187,0.019734532545126776,0.17371879719202574,400,400
MEDDL,XGBoost,Unweighted,Race_ethnicity,AUROC,0.06839651146680226,0.02699563852131186,0.14522024779145792,400,400
MEDDL,XGBoost,Unweighted,Race_ethnicity,Recall,0.04899320251378736,0.020837229173726157,0.20670585541909076,400,400
MEDDL,XGBoost,Unweighted,Race_ethnicity,FNR,0.04899320251378736,0.020837229173726268,0.2067058554190907,400,400
MEDDL,XGBoost,Unweighted,Race_ethnicity,FPR,0.08843106440697741,0.06319108703882294,0.12263201647865482,400,400
MEDDL,XGBoost,Unweighted,Race_ethnicity,Brier,0.0186889352645912,0.005384993129323654,0.035287898200662034,400,400
MEDDL,XGBoost,Unweighted,Race_ethnicity,Calibration_abs_error,0.003365235933204036,0.0010589716693047133,0.025002407156630678,400,400
MEDDL,XGBoost,WTFA_A,Race_ethnicity,AUPRC,0.07505705478470487,0.02752865386337492,0.2062591425087365,400,400
MEDDL,XGBoost,WTFA_A,Race_ethnicity,AUROC,0.07576691177153239,0.027637131262001353,0.15309744021227442,400,400
MEDDL,XGBoost,WTFA_A,Race_ethnicity,Recall,0.06079169426338282,0.020136201639232278,0.24726136905900067,400,400
MEDDL,XGBoost,WTFA_A,Race_ethnicity,FNR,0.06079169426338299,0.020136201639232278,0.24726136905900045,400,400
MEDDL,XGBoost,WTFA_A,Race_ethnicity,FPR,0.09625739609310598,0.06418377078810354,0.1446359650446629,400,400
MEDDL,XGBoost,WTFA_A,Race_ethnicity,Brier,0.021571903357571184,0.006977720676393273,0.041770464546504744,400,400
MEDDL,XGBoost,WTFA_A,Race_ethnicity,Calibration_abs_error,0.005406225842657819,0.002133646942993785,0.03077624825909043,400,400
MEDDL,XGBoost,Unweighted,Poverty,AUPRC,0.022453552089734985,0.012764159340317272,0.13949575396385655,400,400
MEDDL,XGBoost,Unweighted,Poverty,AUROC,0.08216152285320477,0.02528359388138667,0.14857226114271113,400,400
MEDDL,XGBoost,Unweighted,Poverty,Recall,0.17091532498509243,0.0886438309887437,0.26746538727132013,400,400
MEDDL,XGBoost,Unweighted,Poverty,FNR,0.17091532498509243,0.08864383098874365,0.2674653872713201,400,400
MEDDL,XGBoost,Unweighted,Poverty,FPR,0.0986252424216369,0.0808308885149627,0.1273404650474827,400,400
MEDDL,XGBoost,Unweighted,Poverty,Brier,0.039905591117556975,0.02596966425805903,0.05602235532549478,400,400
MEDDL,XGBoost,Unweighted,Poverty,Calibration_abs_error,0.011671395866015455,0.0020693579746123595,0.03437434972657633,400,400
MEDDL,XGBoost,WTFA_A,Poverty,AUPRC,0.09367625720844147,0.027214051873059048,0.21842097735050417,400,400
MEDDL,XGBoost,WTFA_A,Poverty,AUROC,0.08269486524744762,0.01811938157244785,0.17457657497587806,400,400
MEDDL,XGBoost,WTFA_A,Poverty,Recall,0.17991641627724586,0.09440955858396434,0.3066330695884145,400,400
MEDDL,XGBoost,WTFA_A,Poverty,FNR,0.1799164162772457,0.09440955858396412,0.3066330695884147,400,400
MEDDL,XGBoost,WTFA_A,Poverty,FPR,0.09634738258705586,0.07418332147434775,0.13556079072488958,400,400
MEDDL,XGBoost,WTFA_A,Poverty,Brier,0.0464252842344151,0.027342969327706666,0.0763919142435103,400,400
MEDDL,XGBoost,WTFA_A,Poverty,Calibration_abs_error,0.02675257764928847,0.0054495261020271624,0.06379004082191067,400,400
MEDDL,XGBoost,Unweighted,Insurance,AUPRC,0.2920084765722206,0.20303084013002543,0.38810579884229124,400,400
MEDDL,XGBoost,Unweighted,Insurance,AUROC,0.054671533268534134,0.008567412724704631,0.11261668298765067,400,400
MEDDL,XGBoost,Unweighted,Insurance,Recall,0.5455281730880481,0.479804959943831,0.612055387445273,400,400
MEDDL,XGBoost,Unweighted,Insurance,FNR,0.5455281730880481,0.479804959943831,0.612055387445273,400,400
MEDDL,XGBoost,Unweighted,Insurance,FPR,0.57487006489547,0.523987131644037,0.6226881310696117,400,400
MEDDL,XGBoost,Unweighted,Insurance,Brier,0.12303672573912527,0.10269609948648672,0.14043146905865836,400,400
MEDDL,XGBoost,Unweighted,Insurance,Calibration_abs_error,0.039866143134853094,0.00898335051400602,0.07311095753264524,400,400
MEDDL,XGBoost,WTFA_A,Insurance,AUPRC,0.26165963145664034,0.15503680474052467,0.36658469151818956,400,400
MEDDL,XGBoost,WTFA_A,Insurance,AUROC,0.06240468215966333,0.003493382751878478,0.1203636082597851,400,400
MEDDL,XGBoost,WTFA_A,Insurance,Recall,0.5396609617164836,0.46153327060021815,0.6169233582928514,400,400
MEDDL,XGBoost,WTFA_A,Insurance,FNR,0.5396609617164835,0.4615332706002182,0.6169233582928515,400,400
MEDDL,XGBoost,WTFA_A,Insurance,FPR,0.5712104262160433,0.5126009294491739,0.6289727125019763,400,400
MEDDL,XGBoost,WTFA_A,Insurance,Brier,0.12026894298735141,0.09575873775159828,0.1444888024919032,400,400
MEDDL,XGBoost,WTFA_A,Insurance,Calibration_abs_error,0.04377549099940106,0.003120674541898424,0.08481066128926297,400,400
MEDDL,XGBoost,Unweighted,Sex,AUPRC,0.046803324921487255,0.004157998736033365,0.13059722026255052,400,400
MEDDL,XGBoost,Unweighted,Sex,AUROC,0.0018477934005688423,0.0003581238017642402,0.04600237388294943,400,400
MEDDL,XGBoost,Unweighted,Sex,Recall,0.012961225766103812,0.0011740339509514032,0.10409291133457847,400,400
MEDDL,XGBoost,Unweighted,Sex,FNR,0.012961225766103812,0.001174033950951406,0.10409291133457843,400,400
MEDDL,XGBoost,Unweighted,Sex,FPR,0.03459196026308235,0.018973510281167564,0.05017996234144539,400,400
MEDDL,XGBoost,Unweighted,Sex,Brier,0.020114633295207372,0.01220470917939024,0.029718891677401594,400,400
MEDDL,XGBoost,Unweighted,Sex,Calibration_abs_error,0.00021462203320468665,0.000295066394775859,0.012115790825246102,400,400
MEDDL,XGBoost,WTFA_A,Sex,AUPRC,0.0370907875630489,0.0017730522100902662,0.13748822346209252,400,400
MEDDL,XGBoost,WTFA_A,Sex,AUROC,0.00553568634925139,0.0007912275600014812,0.05056754524290162,400,400
MEDDL,XGBoost,WTFA_A,Sex,Recall,0.05638022396723341,0.002405224375578968,0.15893589026888114,400,400
MEDDL,XGBoost,WTFA_A,Sex,FNR,0.05638022396723352,0.0024052243755789157,0.15893589026888114,400,400
MEDDL,XGBoost,WTFA_A,Sex,FPR,0.03234263002987181,0.009416439261771464,0.05090552271408331,400,400
MEDDL,XGBoost,WTFA_A,Sex,Brier,0.022539806762645553,0.011127996997887647,0.03439139536207855,400,400
MEDDL,XGBoost,WTFA_A,Sex,Calibration_abs_error,0.006160470809601665,0.00015003296293813925,0.0198511711391082,400,400
MEDDL,XGBoost,Unweighted,Age,AUPRC,0.2838952285962248,0.1873144253505351,0.37676049949109053,400,400
MEDDL,XGBoost,Unweighted,Age,AUROC,0.06013632283793913,0.035314196223150296,0.14861448865568117,400,400
MEDDL,XGBoost,Unweighted,Age,Recall,0.22640015832178906,0.11229491796718687,0.37753642913952434,400,400
MEDDL,XGBoost,Unweighted,Age,FNR,0.22640015832178906,0.11229491796718692,0.37753642913952434,400,400
MEDDL,XGBoost,Unweighted,Age,FPR,0.14735573549926123,0.13028130624889533,0.17259944983776188,400,400
MEDDL,XGBoost,Unweighted,Age,Brier,0.0680542880052528,0.0579236500074621,0.08280061406168739,400,400
MEDDL,XGBoost,Unweighted,Age,Calibration_abs_error,0.006289255212327455,0.004812232343859727,0.02841473116502135,400,400
MEDDL,XGBoost,WTFA_A,Age,AUPRC,0.24472213643684826,0.10519086751091573,0.3772275915324375,400,400
MEDDL,XGBoost,WTFA_A,Age,AUROC,0.07699315920860128,0.042011448852681973,0.1799204759621779,400,400
MEDDL,XGBoost,WTFA_A,Age,Recall,0.21304181342756429,0.0867473876502687,0.42318290811024484,400,400
MEDDL,XGBoost,WTFA_A,Age,FNR,0.21304181342756423,0.08674738765026892,0.4231829081102447,400,400
MEDDL,XGBoost,WTFA_A,Age,FPR,0.1453016520082934,0.12487027432958746,0.1739154733498503,400,400
MEDDL,XGBoost,WTFA_A,Age,Brier,0.061756888782882456,0.049777308127252506,0.08045292601105279,400,400
MEDDL,XGBoost,WTFA_A,Age,Calibration_abs_error,0.008799308535128253,0.005328039465532422,0.03329935605443376,400,400
