Outcome,Model,Selected_probability,Locked_threshold,Split,Equity_domain,Axis,Group,Group_order,N,Positive_N,Negative_N,Eligible_for_comparison,Exclusion_reason,Evaluation_weighting,Weighted_denominator,Observed_prevalence,Mean_predicted_probability,Calibration_signed_error,Calibration_abs_error,Calibration_intercept,Calibration_slope,ECE_5bin,Predicted_positive_rate,AUROC,AUPRC,Recall,FNR,FPR,Specificity,Precision,F1,Brier
MEDNG,LR,Raw,0.1349999999999999,locked_test,Race/ethnicity,Race_ethnicity,Hispanic,1,935,81,854,True,,Unweighted,935.0,0.08663101604278074,0.09814075430450958,0.011509738261728839,0.011509738261728839,-0.059009436315941695,1.0589130721423872,0.012796341015755332,0.20427807486631017,0.8088154508919536,0.3638029734523118,0.6049382716049383,0.3950617283950617,0.16627634660421545,0.8337236533957846,0.25654450261780104,0.3602941176470588,0.06660641609963934
MEDNG,LR,Raw,0.1349999999999999,locked_test,Race/ethnicity,Race_ethnicity,Hispanic,1,935,81,854,True,,WTFA_A,9073456.936,0.09746459957188691,0.10452825116157972,0.007063651589692813,0.007063651589692813,0.07657806041715624,1.099911785217121,0.00992958826036185,0.22750750387206112,0.8181354134445673,0.39887050472079794,0.6708407194042006,0.3291592805957995,0.17963204734341873,0.8203679526565814,0.2873892991679748,0.4023928294172759,0.07246169104639391
MEDNG,LR,Raw,0.1349999999999999,locked_test,Race/ethnicity,Race_ethnicity,NH White,2,4242,278,3964,True,,Unweighted,4242.0,0.06553512494106553,0.060963950153723044,-0.004571174787342487,0.004571174787342487,0.12046958927821891,1.0134074617315956,0.008107401932353962,0.08557284299858557,0.7953360822946083,0.2958220261969692,0.3776978417266187,0.6223021582733813,0.06508577194752775,0.9349142280524723,0.2892561983471074,0.3276131045241809,0.053843979077094824
MEDNG,LR,Raw,0.1349999999999999,locked_test,Race/ethnicity,Race_ethnicity,NH White,2,4242,278,3964,True,,WTFA_A,30279142.281999998,0.06770372574980987,0.06505106998276192,-0.0026526557670479567,0.0026526557670479567,0.12157960942490575,1.0316018410683736,0.007007344511989198,0.09654177482225948,0.7943634602355492,0.3235964951293482,0.40643341018195495,0.5935665898180451,0.07403732117159251,0.9259626788284074,0.2850274525114127,0.3350722673397661,0.05425736779789394
MEDNG,LR,Raw,0.1349999999999999,locked_test,Race/ethnicity,Race_ethnicity,NH Black,3,670,46,624,True,,Unweighted,670.0,0.06865671641791045,0.07768667718483244,0.009029960766921988,0.009029960766921988,-0.7067479044568965,0.7349705727146122,0.022670239032419146,0.13432835820895522,0.7197603121516165,0.22712656926786876,0.4782608695652174,0.5217391304347826,0.10897435897435898,0.8910256410256411,0.24444444444444444,0.32352941176470584,0.060004942265926745
MEDNG,LR,Raw,0.1349999999999999,locked_test,Race/ethnicity,Race_ethnicity,NH Black,3,670,46,624,True,,WTFA_A,6129295.214,0.06195130855056251,0.08726271946218113,0.02531141091161862,0.02531141091161862,-0.9828811319462601,0.7111024238432908,0.03595626758393783,0.16019952893722703,0.7211787459514261,0.21613912016126074,0.5414458580943384,0.45855414190566146,0.13502097564178261,0.8649790243582173,0.20938438234340956,0.30198652228866923,0.056884194057348424
MEDNG,LR,Raw,0.1349999999999999,locked_test,Income/poverty,Poverty,<100% FPL,1,697,80,617,True,,Unweighted,697.0,0.11477761836441894,0.09531106928317615,-0.01946654908124279,0.01946654908124279,-0.4774896560327938,0.6366162057799956,0.0275460239748374,0.18651362984218078,0.7022183954619126,0.29081489828916063,0.4625,0.5375,0.1507293354943274,0.8492706645056726,0.2846153846153846,0.35238095238095235,0.09447436596534341
MEDNG,LR,Raw,0.1349999999999999,locked_test,Income/poverty,Poverty,<100% FPL,1,697,80,617,True,,WTFA_A,5201217.494,0.11443945608631761,0.10589156563511627,-0.008547890451201343,0.008547890451201343,-0.40961626788563316,0.714115611180517,0.02650237164891621,0.2127177950693865,0.7324062957294626,0.3138111367413718,0.5637515516183365,0.43624844838166366,0.16735431038898235,0.8326456896110174,0.3032911323379209,0.3944000672894466,0.09092158360177273
MEDNG,LR,Raw,0.1349999999999999,locked_test,Income/poverty,Poverty,100-199% FPL,2,1156,121,1035,True,,Unweighted,1156.0,0.1046712802768166,0.09948054549992229,-0.005190734776894315,0.005190734776894315,-0.2455698083925791,0.8275545679095556,0.017651203862882447,0.20069204152249134,0.7796782049746477,0.346944171179613,0.5371900826446281,0.4628099173553719,0.16135265700483092,0.8386473429951691,0.2801724137931034,0.3682719546742209,0.08192938826402298
MEDNG,LR,Raw,0.1349999999999999,locked_test,Income/poverty,Poverty,100-199% FPL,2,1156,121,1035,True,,WTFA_A,8601421.037999999,0.11857618927083152,0.1133112277921896,-0.005264961478641916,0.005264961478641916,-0.17513937219727063,0.8586698926319756,0.016621997161728658,0.23665184124893204,0.786945542585398,0.40423690814453456,0.5874898014065127,0.41251019859348714,0.18945430941390842,0.8105456905860914,0.2943661943157446,0.3922117395090314,0.08731571071557796
MEDNG,LR,Raw,0.1349999999999999,locked_test,Income/poverty,Poverty,>=200% FPL,3,4564,237,4327,True,,Unweighted,4564.0,0.051928133216476775,0.05585229044114081,0.003924157224664035,0.003924157224664035,0.24977236343934128,1.141710535409557,0.006554572105288054,0.07318141980718668,0.8098598828472773,0.28915798615056104,0.38396624472573837,0.6160337552742616,0.05615900161774902,0.943840998382251,0.27245508982035926,0.318739054290718,0.042820035555752596
MEDNG,LR,Raw,0.1349999999999999,locked_test,Income/poverty,Poverty,>=200% FPL,3,4564,237,4327,True,,WTFA_A,36447248.961,0.053208068627487205,0.06049037370525141,0.007282305077764208,0.007282305077764208,0.11940418296334593,1.1189764170150753,0.0073998592904046395,0.08966677645539184,0.7999786822710511,0.27802304447091625,0.42623739312650855,0.5737626068734915,0.07075209005341562,0.9292479099465842,0.2529283349040564,0.31747041897992173,0.044210344824711784
MEDNG,LR,Raw,0.1349999999999999,locked_test,Insurance,Insurance,Uninsured,1,471,122,349,True,,Unweighted,471.0,0.25902335456475584,0.23715894252522296,-0.021864412039532877,0.021864412039532877,0.04764333681866965,0.9138090014288037,0.027900559940241737,0.6518046709129511,0.7317393959321715,0.513065584557025,0.8442622950819673,0.1557377049180328,0.5845272206303725,0.4154727793696275,0.3355048859934853,0.48018648018648014,0.16520087614748638
MEDNG,LR,Raw,0.1349999999999999,locked_test,Insurance,Insurance,Uninsured,1,471,122,349,True,,WTFA_A,4739806.264,0.2565312791864777,0.2409444131342238,-0.015586866052253928,0.015586866052253928,0.07052694465577147,0.9709506709204514,0.015586866052253935,0.6610192586977011,0.7574544628117319,0.5184241656933047,0.8808703135345298,0.11912968646547012,0.5851604219384688,0.41483957806153116,0.34185204947523046,0.4925522442599901,0.16111119162319568
MEDNG,LR,Raw,0.1349999999999999,locked_test,Insurance,Insurance,Insured,2,5927,314,5613,True,,Unweighted,5927.0,0.05297789775603172,0.05433743977288711,0.0013595420168553904,0.0013595420168553904,-0.17039342941163835,0.9435562876549017,0.0020013476000324327,0.06478825712839548,0.7589586730531149,0.20396488591060685,0.28343949044585987,0.7165605095541401,0.05255656511669339,0.9474434348833066,0.23177083333333334,0.2550143266475645,0.046653777939554116
MEDNG,LR,Raw,0.1349999999999999,locked_test,Insurance,Insurance,Insured,2,5927,314,5613,True,,WTFA_A,45336881.842,0.050953311986709264,0.05660837954918418,0.005655067562474914,0.005655067562474914,-0.2814089316656104,0.9354672523593062,0.006731184710808255,0.07143713968435385,0.7490397465213012,0.1968416839359609,0.29695398281957336,0.7030460171804266,0.059329379116134395,0.9406706208838658,0.211805637783893,0.2472544013967228,0.04508245441900089
MEDNG,LR,Raw,0.1349999999999999,locked_test,Demographic (sex/age),Sex,Male,1,2958,179,2779,True,,Unweighted,2958.0,0.06051386071670047,0.059109156836268266,-0.0014047038804322065,0.0014047038804322065,0.04964076747034939,1.0089878572503634,0.006153262630977782,0.09026369168356999,0.7899539844926333,0.2868951783072135,0.41899441340782123,0.5810055865921788,0.06908960057574667,0.9309103994242534,0.2808988764044944,0.33632286995515703,0.04983020670322434
MEDNG,LR,Raw,0.1349999999999999,locked_test,Demographic (sex/age),Sex,Male,1,2958,179,2779,True,,WTFA_A,24662417.391999997,0.060919929223457216,0.06540774305419446,0.004487813830737243,0.004487813830737243,0.18356082008070423,1.1249627227355257,0.005741056854591801,0.11040307787845748,0.8124179110214489,0.34076769477818636,0.5160967560449605,0.4839032439550394,0.08408494918058164,0.9159150508194183,0.28477990337667686,0.3670327573927282,0.04798761229116536
MEDNG,LR,Raw,0.1349999999999999,locked_test,Demographic (sex/age),Sex,Female,2,3458,259,3199,True,,Unweighted,3458.0,0.07489878542510121,0.07556197984022157,0.0006631944151203606,0.0006631944151203606,-0.08898268631215295,0.9625687861365994,0.003718076389186744,0.12377096587622903,0.7947928949804536,0.30859133885632234,0.4555984555984556,0.5444015444015444,0.09690528290090654,0.9030947170990935,0.2757009345794392,0.3435225618631732,0.060309630148580595
MEDNG,LR,Raw,0.1349999999999999,locked_test,Demographic (sex/age),Sex,Female,2,3458,259,3199,True,,WTFA_A,25582858.346,0.08021008459052192,0.0827140278333731,0.002503943242851178,0.002503943242851178,-0.2292878309896433,0.905003359404607,0.009016216570988835,0.14394882601442363,0.7793543051526927,0.30407290905438983,0.48048160920245564,0.5195183907975441,0.11460155599681451,0.8853984440031856,0.26773035658142447,0.3438584744573503,0.0645591292410609
MEDNG,LR,Raw,0.1349999999999999,locked_test,Demographic (sex/age),Age,18-34,1,1295,114,1181,True,,Unweighted,1295.0,0.08803088803088803,0.1059039192156948,0.017873031184806765,0.017873031184806765,-0.3495935152594305,0.9392804057333635,0.0190844969729611,0.2023166023166023,0.7876316532228114,0.3480922694061638,0.5701754385964912,0.4298245614035088,0.1668077900084674,0.8331922099915327,0.2480916030534351,0.3457446808510638,0.06939773594942908
MEDNG,LR,Raw,0.1349999999999999,locked_test,Demographic (sex/age),Age,18-34,1,1295,114,1181,True,,WTFA_A,14117624.929,0.08234558247910229,0.10363924692537159,0.021293664446269303,0.021293664446269303,-0.35430153927538394,0.9715253744034225,0.02129366444626931,0.20085155507817076,0.7985737841990175,0.3470128800249038,0.5950776736104131,0.40492232638958714,0.16547573304844262,0.8345242669515572,0.2439713132153104,0.3460629445369908,0.06477602033350163
MEDNG,LR,Raw,0.1349999999999999,locked_test,Demographic (sex/age),Age,35-49,2,1422,131,1291,True,,Unweighted,1422.0,0.09212376933895922,0.08462458042791982,-0.0074991889110394006,0.0074991889110394006,0.14062469121736298,1.0154158312344286,0.007721578347040438,0.15541490857946555,0.7796695856812579,0.3668163425946563,0.5038167938931297,0.4961832061068702,0.12006196746707978,0.8799380325329202,0.2986425339366516,0.37499999999999994,0.07049675979542044
MEDNG,LR,Raw,0.1349999999999999,locked_test,Demographic (sex/age),Age,35-49,2,1422,131,1291,True,,WTFA_A,12564871.543,0.09079530054054291,0.0861200449020055,-0.004675255638537407,0.004675255638537407,0.16860861358946203,1.0506868203733175,0.006831276972892679,0.16133822316149085,0.7862338712563064,0.3875040718921604,0.5344169812074789,0.465583018792521,0.12408170877895774,0.8759182912210424,0.3007504946557783,0.3848956672659339,0.06840255502795523
MEDNG,LR,Raw,0.1349999999999999,locked_test,Demographic (sex/age),Age,50-64,3,1524,146,1378,True,,Unweighted,1524.0,0.09580052493438321,0.06903666830451634,-0.02676385662986687,0.02676385662986687,0.051470236585565085,0.8465464535283985,0.02676385662986687,0.10958005249343832,0.7464933296220451,0.2933561321538491,0.3767123287671233,0.6232876712328768,0.08127721335268505,0.918722786647315,0.32934131736526945,0.3514376996805112,0.07942271112384622
MEDNG,LR,Raw,0.1349999999999999,locked_test,Demographic (sex/age),Age,50-64,3,1524,146,1378,True,,WTFA_A,11722892.652,0.08642849338274397,0.06725570787833177,-0.019172785504412204,0.019172785504412204,0.05839130283948912,0.8915119209972606,0.020149285736706248,0.10797627877143849,0.7485819602295043,0.2884476247308694,0.4124134266957016,0.5875865733042983,0.07917498206477891,0.9208250179352211,0.330112053551828,0.3667016063973443,0.07147267454823641
MEDNG,LR,Raw,0.1349999999999999,locked_test,Demographic (sex/age),Age,65-74,4,1166,34,1132,True,,Unweighted,1166.0,0.029159519725557463,0.038437613302616185,0.009278093577058721,0.009278093577058721,0.11027773879334538,1.146204541581234,0.009278093577058725,0.02830188679245283,0.7871804198711286,0.12782691583197875,0.17647058823529413,0.8235294117647058,0.023851590106007067,0.976148409893993,0.18181818181818182,0.17910447761194032,0.027241283955449926
MEDNG,LR,Raw,0.1349999999999999,locked_test,Demographic (sex/age),Age,65-74,4,1166,34,1132,True,,WTFA_A,6372953.367000001,0.0290827058236028,0.03739474475788735,0.00831203893428455,0.00831203893428455,0.30568751834293967,1.2063464485320832,0.014608465457648384,0.029800684559128047,0.7986590413879748,0.15904343066600526,0.2070868083909933,0.7929131916090068,0.024490283542548546,0.9755097164574515,0.2020975295528674,0.2045617512591586,0.02657959333108354
MEDNG,RF,Raw,0.1099999999999999,locked_test,Race/ethnicity,Race_ethnicity,Hispanic,1,935,81,854,True,,Unweighted,935.0,0.08663101604278074,0.09659358788903806,0.009962571846257318,0.009962571846257318,1.2492114265987875,1.7422002553532498,0.030175828988315202,0.33689839572192515,0.8204672275710526,0.40168540363942007,0.7777777777777778,0.2222222222222222,0.29508196721311475,0.7049180327868853,0.2,0.3181818181818182,0.06769464001074443
MEDNG,RF,Raw,0.1099999999999999,locked_test,Race/ethnicity,Race_ethnicity,Hispanic,1,935,81,854,True,,WTFA_A,9073456.936,0.09746459957188691,0.10125211001701698,0.0037875104451300656,0.0037875104451300656,1.5221566201563592,1.868470075055106,0.03995294345377737,0.36800563991787927,0.828808186494288,0.4615145677068986,0.8020162739356084,0.19798372606439157,0.32113692691846274,0.6788630730815374,0.21241031796880647,0.3358676381757783,0.07351282801084892
MEDNG,RF,Raw,0.1099999999999999,locked_test,Race/ethnicity,Race_ethnicity,NH White,2,4242,278,3964,True,,Unweighted,4242.0,0.06553512494106553,0.059810069220177696,-0.005725055720887835,0.005725055720887835,1.219100244402677,1.4617902315230629,0.02191530564270783,0.12187647336162187,0.8118207754684243,0.2979241618882363,0.46402877697841727,0.5359712230215827,0.09788092835519677,0.9021190716448032,0.2495164410058027,0.32452830188679244,0.054666378852677465
MEDNG,RF,Raw,0.1099999999999999,locked_test,Race/ethnicity,Race_ethnicity,NH White,2,4242,278,3964,True,,WTFA_A,30279142.281999998,0.06770372574980987,0.06305951100159858,-0.004644214748211292,0.004644214748211292,1.1859008439596108,1.4672117658530863,0.023531406771802103,0.13205622298545136,0.8101180790899718,0.3139119152619033,0.47219819279532604,0.5278018072046738,0.10735497803139521,0.8926450219686048,0.24209065064728294,0.3200799474266925,0.05597701124207111
MEDNG,RF,Raw,0.1099999999999999,locked_test,Race/ethnicity,Race_ethnicity,NH Black,3,670,46,624,True,,Unweighted,670.0,0.06865671641791045,0.07771843707955729,0.009061720661646844,0.009061720661646844,0.3592410570489068,1.2307261941285335,0.010271959100891985,0.21194029850746268,0.7548076923076923,0.23238416121974703,0.5434782608695652,0.45652173913043476,0.1875,0.8125,0.176056338028169,0.26595744680851063,0.05905603924644374
MEDNG,RF,Raw,0.1099999999999999,locked_test,Race/ethnicity,Race_ethnicity,NH Black,3,670,46,624,True,,WTFA_A,6129295.214,0.06195130855056251,0.0828299122106147,0.02087860366005219,0.02087860366005219,0.1380241892290396,1.2243206601458456,0.0208786036600522,0.23555445309637518,0.7534143772290325,0.20380226425875428,0.5975459584585932,0.4024540415414065,0.211647541178268,0.7883524588217318,0.15715582345821325,0.248860753759395,0.05457020344526424
MEDNG,RF,Raw,0.1099999999999999,locked_test,Income/poverty,Poverty,<100% FPL,1,697,80,617,True,,Unweighted,697.0,0.11477761836441894,0.10241454814683627,-0.012363070217582664,0.012363070217582664,0.3296752640929988,1.0993426268753141,0.0342194006752042,0.3701578192252511,0.7262662074554295,0.3158665426328716,0.625,0.375,0.3371150729335494,0.6628849270664505,0.1937984496124031,0.2958579881656805,0.09333301123976302
MEDNG,RF,Raw,0.1099999999999999,locked_test,Income/poverty,Poverty,<100% FPL,1,697,80,617,True,,WTFA_A,5201217.494,0.11443945608631761,0.10900392153874315,-0.005435534547574464,0.005435534547574464,0.5901521312587286,1.2903154729323936,0.04248201199498853,0.41183144301713753,0.7533938699451108,0.3465957034346774,0.6986864709052023,0.30131352909479775,0.37476166434107294,0.625238335658927,0.19415054644560703,0.3038636559288147,0.09014362030359567
MEDNG,RF,Raw,0.1099999999999999,locked_test,Income/poverty,Poverty,100-199% FPL,2,1156,121,1035,True,,Unweighted,1156.0,0.1046712802768166,0.09105821516008858,-0.013613065116728024,0.013613065116728024,0.907674612223628,1.3744097553416998,0.025869866943232588,0.30190311418685123,0.7902543218748752,0.36311950081202693,0.7272727272727273,0.2727272727272727,0.25217391304347825,0.7478260869565218,0.2521489971346705,0.37446808510638296,0.08185549334841036
MEDNG,RF,Raw,0.1099999999999999,locked_test,Income/poverty,Poverty,100-199% FPL,2,1156,121,1035,True,,WTFA_A,8601421.037999999,0.11857618927083152,0.1014686210451674,-0.017107568225664116,0.017107568225664116,1.0884360528870745,1.4791229107529442,0.026430787385076752,0.3502303691089236,0.7908643521923607,0.4431342883950979,0.7598152488910276,0.24018475110897242,0.2951297312133624,0.7048702687866376,0.25724781375354144,0.38436320974155197,0.08871540172545588
MEDNG,RF,Raw,0.1099999999999999,locked_test,Income/poverty,Poverty,>=200% FPL,3,4564,237,4327,True,,Unweighted,4564.0,0.051928133216476775,0.05639249652346066,0.004464363306983882,0.004464363306983882,1.3238553873734127,1.571459304732718,0.017581076060604356,0.09903593339176162,0.8101919163256132,0.2783786435204899,0.4177215189873418,0.5822784810126582,0.0815807718973885,0.9184192281026116,0.21902654867256638,0.2873730043541364,0.04432806590352963
MEDNG,RF,Raw,0.1099999999999999,locked_test,Income/poverty,Poverty,>=200% FPL,3,4564,237,4327,True,,WTFA_A,36447248.961,0.053208068627487205,0.06085582942865073,0.007647760801163528,0.007647760801163528,1.1453841633213613,1.5401434545694965,0.016197729169142833,0.11954023711534631,0.8054546009374743,0.2558897106148201,0.4549257549984883,0.5450742450015117,0.10069215121507644,0.8993078487849234,0.20249015207335172,0.2802426418978083,0.04567837938043004
MEDNG,RF,Raw,0.1099999999999999,locked_test,Insurance,Insurance,Uninsured,1,471,122,349,True,,Unweighted,471.0,0.25902335456475584,0.19262910209986572,-0.06639425246489011,0.06639425246489011,2.282039507038711,2.3715332814300893,0.09723597027663611,0.9851380042462845,0.7658884870120719,0.5404857890190479,1.0,0.0,0.9799426934097422,0.02005730659025788,0.2629310344827586,0.41638225255972694,0.17493559865331193
MEDNG,RF,Raw,0.1099999999999999,locked_test,Insurance,Insurance,Uninsured,1,471,122,349,True,,WTFA_A,4739806.264,0.2565312791864777,0.19356555424319113,-0.06296572494328659,0.06296572494328659,2.4277742789611025,2.5016776392291376,0.11314645413490945,0.9813364278890704,0.7814752552873319,0.5509719872456115,1.0,0.0,0.9748966276745208,0.02510337232547925,0.261410125922153,0.4144728515335951,0.17161271993967495
MEDNG,RF,Raw,0.1099999999999999,locked_test,Insurance,Insurance,Insured,2,5927,314,5613,True,,Unweighted,5927.0,0.05297789775603172,0.05751572826222408,0.0045378305061923585,0.0045378305061923585,0.8367585543932455,1.3688356996828648,0.01425920292369771,0.09886957988864518,0.7759710453780522,0.19723942373262743,0.35987261146496813,0.6401273885350318,0.08426866203456262,0.9157313379654374,0.19283276450511946,0.2511111111111111,0.0468879583669829
MEDNG,RF,Raw,0.1099999999999999,locked_test,Insurance,Insurance,Insured,2,5927,314,5613,True,,WTFA_A,45336881.842,0.050953311986709264,0.059971801117340476,0.009018489130631212,0.009018489130631212,0.6914985380559198,1.3511933237131506,0.011485471913626491,0.1051787454774292,0.7632352353443848,0.19216946852784447,0.35872991776936625,0.6412700822306336,0.09156585145486874,0.9084341485451314,0.17378489671177472,0.2341412483245782,0.04541781749305782
MEDNG,RF,Raw,0.1099999999999999,locked_test,Demographic (sex/age),Sex,Male,1,2958,179,2779,True,,Unweighted,2958.0,0.06051386071670047,0.06456035560571038,0.004046494889009912,0.004046494889009912,1.0055918131044885,1.4671493987065953,0.014330747119319582,0.15517241379310345,0.7995068761923524,0.2981163057737149,0.5251396648044693,0.4748603351955307,0.13134220942785174,0.8686577905721482,0.2047930283224401,0.2946708463949843,0.05069427451492
MEDNG,RF,Raw,0.1099999999999999,locked_test,Demographic (sex/age),Sex,Male,1,2958,179,2779,True,,WTFA_A,24662417.391999997,0.060919929223457216,0.06987145375650924,0.008951524533052028,0.008951524533052028,1.226133865659042,1.6329743107169294,0.017075084019709502,0.18188417727676093,0.8196033157633971,0.347680232897569,0.6084986972215317,0.3915013027784681,0.1542088733601912,0.8457911266398087,0.2038093589135858,0.3053465454240028,0.049829363298064956
MEDNG,RF,Raw,0.1099999999999999,locked_test,Demographic (sex/age),Sex,Female,2,3458,259,3199,True,,Unweighted,3458.0,0.07489878542510121,0.07023846205190569,-0.004660323373195524,0.004660323373195524,1.0274065318047976,1.4267618009313061,0.01956403023748851,0.17322151532677849,0.809608094228288,0.311335847311283,0.5521235521235521,0.44787644787644787,0.14254454517036574,0.8574554548296343,0.2387312186978297,0.3333333333333333,0.06130990340652419
MEDNG,RF,Raw,0.1099999999999999,locked_test,Demographic (sex/age),Sex,Female,2,3458,259,3199,True,,WTFA_A,25582858.346,0.08021008459052192,0.07558904274711287,-0.004621041843409057,0.004621041843409057,0.894913782434134,1.3798363651631573,0.016858860227510188,0.19626818997671042,0.7944748361705488,0.3187854579143683,0.5647322908310116,0.43526770916898827,0.1641363561710127,0.8358636438289873,0.2307924927820945,0.3276729420382691,0.06518991982783723
MEDNG,RF,Raw,0.1099999999999999,locked_test,Demographic (sex/age),Age,18-34,1,1295,114,1181,True,,Unweighted,1295.0,0.08803088803088803,0.08739626258518342,-0.0006346254457046119,0.0006346254457046119,0.8340360410633543,1.4059105191146146,0.021159126093664604,0.2671814671814672,0.7910408960589451,0.3441086165897993,0.631578947368421,0.3684210526315789,0.23200677392040644,0.7679932260795935,0.20809248554913296,0.31304347826086953,0.07061342394865149
MEDNG,RF,Raw,0.1099999999999999,locked_test,Demographic (sex/age),Age,18-34,1,1295,114,1181,True,,WTFA_A,14117624.929,0.08234558247910229,0.0860494372719477,0.0037038547928454207,0.0037038547928454207,0.8858498543965855,1.4626376620285944,0.02128137833187005,0.2615917837860842,0.7982104912077898,0.3425265498126413,0.6473276809152082,0.352672319084792,0.22697783050941567,0.7730221694905842,0.20377006558967048,0.3099667565559584,0.06597360670496259
MEDNG,RF,Raw,0.1099999999999999,locked_test,Demographic (sex/age),Age,35-49,2,1422,131,1291,True,,Unweighted,1422.0,0.09212376933895922,0.08243961284929739,-0.009684156489661824,0.009684156489661824,1.0913969673172836,1.4515300005642957,0.02408144096444615,0.22292545710267228,0.7795808917875368,0.3723227552621524,0.5801526717557252,0.4198473282442748,0.18667699457784662,0.8133230054221534,0.23974763406940064,0.3392857142857143,0.07379487500168073
MEDNG,RF,Raw,0.1099999999999999,locked_test,Demographic (sex/age),Age,35-49,2,1422,131,1291,True,,WTFA_A,12564871.543,0.09079530054054291,0.08487730868557683,-0.0059179918549660815,0.0059179918549660815,1.111384681542653,1.4955250653939183,0.022487911774544338,0.23808541398631314,0.7832381175656524,0.39922029712085294,0.596866150290927,0.40313384970907273,0.20225673338193262,0.7977432666180675,0.22761848611715862,0.3295580379415423,0.07199569691199156
MEDNG,RF,Raw,0.1099999999999999,locked_test,Demographic (sex/age),Age,50-64,3,1524,146,1378,True,,Unweighted,1524.0,0.09580052493438321,0.0775349489410991,-0.018265575993284114,0.018265575993284114,0.8931565117908319,1.2881940796635107,0.023552571450078795,0.19160104986876642,0.7593121856174324,0.2868209013658422,0.5068493150684932,0.4931506849315068,0.15820029027576196,0.841799709724238,0.2534246575342466,0.3378995433789954,0.07929700961692022
MEDNG,RF,Raw,0.1099999999999999,locked_test,Demographic (sex/age),Age,50-64,3,1524,146,1378,True,,WTFA_A,11722892.652,0.08642849338274397,0.07729644181423984,-0.009132051568504135,0.009132051568504135,0.9205489705607535,1.3575622365844116,0.017098323315072276,0.19097304363851303,0.7648165916404319,0.2924579961432464,0.5439469964205697,0.45605300357943024,0.15757991926747683,0.8424200807325232,0.24617358808862685,0.33894923500078616,0.07124308616931103
MEDNG,RF,Raw,0.1099999999999999,locked_test,Demographic (sex/age),Age,65-74,4,1166,34,1132,True,,Unweighted,1166.0,0.029159519725557463,0.042354741952519884,0.01319522222696242,0.01319522222696242,0.7137057324003959,1.3962782851777078,0.013195222226962428,0.06174957118353345,0.7486099563500312,0.12221735163108825,0.3235294117647059,0.6764705882352942,0.053886925795053005,0.946113074204947,0.1527777777777778,0.20754716981132076,0.027181485797237833
MEDNG,RF,Raw,0.1099999999999999,locked_test,Demographic (sex/age),Age,65-74,4,1166,34,1132,True,,WTFA_A,6372953.367000001,0.0290827058236028,0.04231272905297361,0.013230023229370811,0.013230023229370811,1.0108910715853234,1.5085512936809808,0.013230023229370813,0.06217750486797183,0.7671654790310168,0.14360429066896854,0.34053507618599416,0.6594649238140058,0.05383962541215096,0.946160374587849,0.15928077950964717,0.21704270389657926,0.026809482534835605
MEDNG,XGBoost,Raw,0.1849999999999999,locked_test,Race/ethnicity,Race_ethnicity,Hispanic,1,935,81,854,True,,Unweighted,935.0,0.08663101604278074,0.09947456599407416,0.012843549951293415,0.012843549951293415,-0.12109792469288386,1.0325139103853997,0.013092257120810896,0.15614973262032086,0.8011680689276317,0.348834546819538,0.5061728395061729,0.49382716049382713,0.12295081967213115,0.8770491803278688,0.2808219178082192,0.3612334801762115,0.06809398775578866
MEDNG,XGBoost,Raw,0.1849999999999999,locked_test,Race/ethnicity,Race_ethnicity,Hispanic,1,935,81,854,True,,WTFA_A,9073456.936,0.09746459957188691,0.10239118706166749,0.004926587489780573,0.004926587489780573,0.0901028967429021,1.089789957154781,0.00949311884216023,0.16968074570249989,0.8030371023096324,0.3819069557770443,0.5438769583375356,0.4561230416624643,0.12927137892476395,0.8707286210752361,0.3124028583283316,0.39685325534156757,0.07424567165720225
MEDNG,XGBoost,Raw,0.1849999999999999,locked_test,Race/ethnicity,Race_ethnicity,NH White,2,4242,278,3964,True,,Unweighted,4242.0,0.06553512494106553,0.06119662211226095,-0.0043385028288045815,0.0043385028288045815,0.01267375245144689,0.9669881499467772,0.006540643636801155,0.07119283356907119,0.8148838648556432,0.29920391206450037,0.37050359712230213,0.6294964028776978,0.05020181634712412,0.9497981836528759,0.34105960264900664,0.35517241379310344,0.0533074153967431
MEDNG,XGBoost,Raw,0.1849999999999999,locked_test,Race/ethnicity,Race_ethnicity,NH White,2,4242,278,3964,True,,WTFA_A,30279142.281999998,0.06770372574980987,0.06513267829547986,-0.002571047454330011,0.002571047454330011,0.020413191813707224,0.9870318677741415,0.009714938435416542,0.07973427164861328,0.8131040114137804,0.3039045638500475,0.3885157850721412,0.6114842149278589,0.057310435493898,0.9426895645061021,0.3298953588980805,0.35681393706013054,0.05479506366071936
MEDNG,XGBoost,Raw,0.1849999999999999,locked_test,Race/ethnicity,Race_ethnicity,NH Black,3,670,46,624,True,,Unweighted,670.0,0.06865671641791045,0.07650784297095639,0.007851126553045942,0.007851126553045942,-0.6350590343472112,0.7558277069676246,0.02037897407244057,0.1,0.7326853400222966,0.24110183417759581,0.3695652173913043,0.6304347826086957,0.08012820512820513,0.9198717948717948,0.2537313432835821,0.3008849557522124,0.059187051124658496
MEDNG,XGBoost,Raw,0.1849999999999999,locked_test,Race/ethnicity,Race_ethnicity,NH Black,3,670,46,624,True,,WTFA_A,6129295.214,0.06195130855056251,0.08419209002376823,0.022240781473205726,0.022240781473205726,-0.8134621839050123,0.7708827178913382,0.02854110242385754,0.12547341988739133,0.7342526392026575,0.22951616960198787,0.42642696982024225,0.5735730301797576,0.10559762196642364,0.8944023780335763,0.210544263520707,0.2819020627831477,0.055174088446130344
MEDNG,XGBoost,Raw,0.1849999999999999,locked_test,Income/poverty,Poverty,<100% FPL,1,697,80,617,True,,Unweighted,697.0,0.11477761836441894,0.09931406372850106,-0.015463554635917878,0.015463554635917878,-0.26624158380039936,0.7556101644081218,0.019652464014339063,0.1492109038737446,0.740083063209076,0.3360523975883999,0.425,0.575,0.11345218800648298,0.8865478119935171,0.3269230769230769,0.3695652173913044,0.09109154228301768
MEDNG,XGBoost,Raw,0.1849999999999999,locked_test,Income/poverty,Poverty,<100% FPL,1,697,80,617,True,,WTFA_A,5201217.494,0.11443945608631761,0.1030922127726911,-0.01134724331362652,0.01134724331362652,-0.19242858996930412,0.8162597126362839,0.020242164049528347,0.16336361841822258,0.7533437378878445,0.3594451641682524,0.49490979202820157,0.5050902079717986,0.12051848034585144,0.8794815196541484,0.34669412908389813,0.40775076022835244,0.08901833952738797
MEDNG,XGBoost,Raw,0.1849999999999999,locked_test,Income/poverty,Poverty,100-199% FPL,2,1156,121,1035,True,,Unweighted,1156.0,0.1046712802768166,0.09960550945491858,-0.005065770821898019,0.005065770821898019,-0.22627757542575433,0.8341731652911012,0.015703775131552095,0.16003460207612458,0.7834231644508325,0.3212336721167626,0.49586776859504134,0.5041322314049587,0.12077294685990338,0.8792270531400966,0.32432432432432434,0.39215686274509803,0.08247190538915587
MEDNG,XGBoost,Raw,0.1849999999999999,locked_test,Income/poverty,Poverty,100-199% FPL,2,1156,121,1035,True,,WTFA_A,8601421.037999999,0.11857618927083152,0.1105994704819459,-0.007976718788885617,0.007976718788885617,-0.06091430947532032,0.9074564123755959,0.012368838517048399,0.1916758609671957,0.7816151270977241,0.38120103801738225,0.5507749766257276,0.4492250233742722,0.14336697234063472,0.856633027659365,0.34072520944714757,0.42100477868819747,0.0885989336595216
MEDNG,XGBoost,Raw,0.1849999999999999,locked_test,Income/poverty,Poverty,>=200% FPL,3,4564,237,4327,True,,Unweighted,4564.0,0.051928133216476775,0.055616256843950954,0.0036881236274741783,0.0036881236274741783,-0.004341721894148039,1.0346120563163137,0.00914334460758191,0.057843996494303246,0.8188628170285881,0.2903630127324821,0.34177215189873417,0.6582278481012658,0.042292581465218394,0.9577074185347816,0.3068181818181818,0.32335329341317365,0.042900173205936226
MEDNG,XGBoost,Raw,0.1849999999999999,locked_test,Income/poverty,Poverty,>=200% FPL,3,4564,237,4327,True,,WTFA_A,36447248.961,0.053208068627487205,0.0606462651693236,0.007438196541836396,0.007438196541836396,-0.07443865934840599,1.0382352664168184,0.011484861167137138,0.06903919425283725,0.8162189206129384,0.27446271935457384,0.3611261079689071,0.638873892031093,0.05262441500174448,0.9473755849982554,0.27831759834302094,0.31435996656706433,0.044557154369939796
MEDNG,XGBoost,Raw,0.1849999999999999,locked_test,Insurance,Insurance,Uninsured,1,471,122,349,True,,Unweighted,471.0,0.25902335456475584,0.2358596894747702,-0.02316366508998563,0.02316366508998563,0.13133321249067753,0.9873368224777608,0.029202836045635484,0.5138004246284501,0.7304946216355865,0.5123668475508246,0.7622950819672131,0.23770491803278687,0.4269340974212034,0.5730659025787965,0.384297520661157,0.510989010989011,0.16594752253313683
MEDNG,XGBoost,Raw,0.1849999999999999,locked_test,Insurance,Insurance,Uninsured,1,471,122,349,True,,WTFA_A,4739806.264,0.2565312791864777,0.22808613077014755,-0.028445148416330168,0.028445148416330168,0.2047622878171146,1.0239356248019875,0.02955047314487561,0.4988658000558311,0.7344926358140621,0.5045049349512767,0.7474875767056445,0.2525124232943555,0.41307972646311497,0.586920273536885,0.38437981558735634,0.5076904571053826,0.16490593025528733
MEDNG,XGBoost,Raw,0.1849999999999999,locked_test,Insurance,Insurance,Insured,2,5927,314,5613,True,,Unweighted,5927.0,0.05297789775603172,0.054767758366961385,0.0017898606109296653,0.0017898606109296653,-0.27128429643085955,0.9024977155925619,0.006845501158673236,0.05162814239919015,0.7793790234453458,0.20780592725919605,0.25796178343949044,0.7420382165605095,0.04008551576696953,0.9599144842330305,0.2647058823529412,0.26129032258064516,0.046398076386630877
MEDNG,XGBoost,Raw,0.1849999999999999,locked_test,Insurance,Insurance,Insured,2,5927,314,5613,True,,WTFA_A,45336881.842,0.050953311986709264,0.05724785788859465,0.006294545901885384,0.006294545901885384,-0.34234396059693184,0.9123046781035533,0.011077459174172242,0.057648423972086374,0.7722906124725404,0.1996192611848135,0.2785514962411532,0.7214485037588465,0.04578837187737771,0.9542116281226225,0.24620137576029016,0.26137927109609255,0.0450551899355811
MEDNG,XGBoost,Raw,0.1849999999999999,locked_test,Demographic (sex/age),Sex,Male,1,2958,179,2779,True,,Unweighted,2958.0,0.06051386071670047,0.05948275830251926,-0.0010311024141812092,0.0010311024141812092,-0.0651539786254459,0.9614661585929327,0.002856414855245002,0.06997971602434078,0.8002848579027463,0.2942659129152487,0.36312849162011174,0.6368715083798883,0.05109751709247931,0.9489024829075207,0.3140096618357488,0.3367875647668394,0.04967236186058559
MEDNG,XGBoost,Raw,0.1849999999999999,locked_test,Demographic (sex/age),Sex,Male,1,2958,179,2779,True,,WTFA_A,24662417.391999997,0.060919929223457216,0.06460612543269144,0.003686196209234223,0.003686196209234223,0.0827534845895045,1.0731623284244831,0.004204432901410691,0.08440472411578105,0.8175033115432552,0.32513856192347923,0.43747780541217474,0.5625221945878252,0.06150019468039657,0.9384998053196034,0.31575385408504814,0.36678039589511496,0.048834284405955275
MEDNG,XGBoost,Raw,0.1849999999999999,locked_test,Demographic (sex/age),Sex,Female,2,3458,259,3199,True,,Unweighted,3458.0,0.07489878542510121,0.0757925537532476,0.0008937683281463882,0.0008937683281463882,-0.09872060821793704,0.9577772483635042,0.011668236648221919,0.10005783689994216,0.8113503133821984,0.31160450706279624,0.4247104247104247,0.5752895752895753,0.07377305407939981,0.9262269459206002,0.3179190751445087,0.36363636363636365,0.06005464584145387
MEDNG,XGBoost,Raw,0.1849999999999999,locked_test,Demographic (sex/age),Sex,Female,2,3458,259,3199,True,,WTFA_A,25582858.346,0.08021008459052192,0.08223616304589838,0.0020260784553764594,0.0020260784553764594,-0.1479270500279898,0.9397668250451836,0.018590069562690808,0.11464859079980771,0.7967604633362788,0.3108699640291175,0.4382923700970077,0.5617076299029922,0.08642530363420775,0.9135746963657922,0.3066367221403326,0.3608304121994048,0.06428444333756432
MEDNG,XGBoost,Raw,0.1849999999999999,locked_test,Demographic (sex/age),Age,18-34,1,1295,114,1181,True,,Unweighted,1295.0,0.08803088803088803,0.09214030189177158,0.004109413860883551,0.004109413860883551,-0.10824023067608801,0.9733220006639814,0.0055018623771225066,0.12818532818532818,0.7928012240593015,0.3399746266812569,0.4649122807017544,0.5350877192982456,0.09568162574089754,0.9043183742591024,0.3192771084337349,0.3785714285714285,0.06887437409200635
MEDNG,XGBoost,Raw,0.1849999999999999,locked_test,Demographic (sex/age),Age,18-34,1,1295,114,1181,True,,WTFA_A,14117624.929,0.08234558247910229,0.08493372777248581,0.002588145293383526,0.002588145293383526,0.004502190885190647,1.023334286044836,0.0029623513838150364,0.11804078330320401,0.8067276385094423,0.3337976065028756,0.4613790251674863,0.5386209748325139,0.0872313773069414,0.9127686226930585,0.321859305808468,0.3791927102698292,0.06424085299516191
MEDNG,XGBoost,Raw,0.1849999999999999,locked_test,Demographic (sex/age),Age,35-49,2,1422,131,1291,True,,Unweighted,1422.0,0.09212376933895922,0.0973326932369049,0.00520892389794568,0.00520892389794568,-0.07763454654278114,0.9963754555453849,0.01863521883858868,0.14627285513361463,0.7801810538017161,0.3716927901676509,0.5190839694656488,0.48091603053435117,0.10844306738962045,0.8915569326103796,0.3269230769230769,0.4011799410029499,0.07112434385992451
MEDNG,XGBoost,Raw,0.1849999999999999,locked_test,Demographic (sex/age),Age,35-49,2,1422,131,1291,True,,WTFA_A,12564871.543,0.09079530054054291,0.0990929910385128,0.008297690497969884,0.008297690497969884,-0.06390391574167785,1.0270644389715642,0.02261368896020504,0.15824395762388097,0.7847390217742152,0.38126311084984066,0.5347607445703225,0.4652392554296774,0.1206441136616951,0.879355886338305,0.30682854024638956,0.3899285829745778,0.07003616611587846
MEDNG,XGBoost,Raw,0.1849999999999999,locked_test,Demographic (sex/age),Age,50-64,3,1524,146,1378,True,,Unweighted,1524.0,0.09580052493438321,0.08499402322304091,-0.0108065017113423,0.0108065017113423,-0.13312435526883026,0.8617850355866103,0.013391087603818852,0.1062992125984252,0.7519807344374416,0.2930922307397574,0.3561643835616438,0.6438356164383562,0.07982583454281568,0.9201741654571843,0.32098765432098764,0.33766233766233766,0.0784345657834424
MEDNG,XGBoost,Raw,0.1849999999999999,locked_test,Demographic (sex/age),Age,50-64,3,1524,146,1378,True,,WTFA_A,11722892.652,0.08642849338274397,0.08333417163368832,-0.003094321749055648,0.003094321749055648,-0.19724661564755194,0.8814448148312761,0.011390493082677405,0.10736238191051552,0.7480314993466949,0.2786040790800836,0.3961948236955495,0.6038051763044504,0.08003736947008477,0.9199626305299152,0.3189433867682695,0.353396635896605,0.07139179248936817
MEDNG,XGBoost,Raw,0.1849999999999999,locked_test,Demographic (sex/age),Age,65-74,4,1166,34,1132,True,,Unweighted,1166.0,0.029159519725557463,0.03005597672030237,0.0008964569947449083,0.0008964569947449083,-0.2346013685650209,0.9346097107788911,0.004787086486903469,0.012006861063464836,0.7641342756183745,0.11200111606975516,0.058823529411764705,0.9411764705882353,0.01060070671378092,0.9893992932862191,0.14285714285714285,0.08333333333333333,0.027629570469524103
MEDNG,XGBoost,Raw,0.1849999999999999,locked_test,Demographic (sex/age),Age,65-74,4,1166,34,1132,True,,WTFA_A,6372953.367000001,0.0290827058236028,0.02935613734459885,0.00027343152099604945,0.00027343152099604945,0.10708124124650323,1.0386805897547822,0.007789541848159461,0.012977944798446536,0.7979739059032451,0.12551196596828837,0.04748458757982671,0.9525154124201732,0.011944338180261508,0.9880556618197384,0.10640978315029567,0.06566614026722907,0.02725757571442685
MEDDL,LR,Platt,0.1599999999999999,locked_test,Race/ethnicity,Race_ethnicity,Hispanic,1,935,92,843,True,,Unweighted,935.0,0.09839572192513368,0.10385052195681461,0.005454800031680931,0.005454800031680931,-0.296076005033746,0.875904179350631,0.00892878098288932,0.17967914438502675,0.7445974521635981,0.3038338702761332,0.4782608695652174,0.5217391304347826,0.14709371293001186,0.8529062870699882,0.2619047619047619,0.3384615384615384,0.0797064788096865
MEDDL,LR,Platt,0.1599999999999999,locked_test,Race/ethnicity,Race_ethnicity,Hispanic,1,935,92,843,True,,WTFA_A,9079677.384,0.10824782196908948,0.10934437965190642,0.0010965576828169399,0.0010965576828169399,-0.4321405568815641,0.7698138569344554,0.013847429214339521,0.19733575403872522,0.7242455218090785,0.2756984369295851,0.47706949285711797,0.5229305071428821,0.16337949499686447,0.8366205050031355,0.2616947637352474,0.33798762488701595,0.08895385104920103
MEDDL,LR,Platt,0.1599999999999999,locked_test,Race/ethnicity,Race_ethnicity,NH White,2,4243,339,3904,True,,Unweighted,4243.0,0.07989629978788593,0.07932288726101214,-0.00057341252687379,0.00057341252687379,0.3499716280015903,1.1610358766927689,0.016301441043448002,0.09309450860240395,0.7977741609845737,0.33006636617089824,0.40412979351032446,0.5958702064896755,0.06608606557377049,0.9339139344262295,0.3468354430379747,0.37329700272479566,0.06355511543939432
MEDDL,LR,Platt,0.1599999999999999,locked_test,Race/ethnicity,Race_ethnicity,NH White,2,4243,339,3904,True,,WTFA_A,30287641.996999998,0.08698845738010788,0.08428955254923005,-0.002698904830877827,0.002698904830877827,0.44162320309862685,1.1950788411424162,0.017406520894611883,0.1042843880785719,0.7983379771293329,0.365072729691015,0.43786378750499944,0.5621362124950007,0.07250214216454794,0.9274978578354521,0.3652425460748109,0.39826976303230194,0.06713961416902021
MEDDL,LR,Platt,0.1599999999999999,locked_test,Race/ethnicity,Race_ethnicity,NH Black,3,671,56,615,True,,Unweighted,671.0,0.08345752608047691,0.08000391847854015,-0.0034536076019367618,0.0034536076019367618,-0.004766617614251251,0.9725143601247329,0.027311260386753293,0.11475409836065574,0.7509872241579559,0.3344904545349702,0.5178571428571429,0.48214285714285715,0.07804878048780488,0.9219512195121952,0.37662337662337664,0.4360902255639098,0.0659628001626879
MEDDL,LR,Platt,0.1599999999999999,locked_test,Race/ethnicity,Race_ethnicity,NH Black,3,671,56,615,True,,WTFA_A,6134871.62,0.09349472727841694,0.08956896888168035,-0.0039257583967365894,0.0039257583967365894,0.11239408068505218,1.0291706266156475,0.027197965026442998,0.14346216278279675,0.776454965451623,0.3876276767421246,0.6029117071543115,0.3970882928456886,0.09607566527215193,0.9039243347278481,0.39291939100834905,0.4757748603030295,0.07109730996047242
MEDDL,LR,Platt,0.1599999999999999,locked_test,Income/poverty,Poverty,<100% FPL,1,697,82,615,True,,Unweighted,697.0,0.11764705882352941,0.10039410535269895,-0.01725295347083046,0.01725295347083046,-0.290375779344988,0.7452360542067069,0.017252953470830456,0.1678622668579627,0.7197303192544121,0.2961033718852336,0.43902439024390244,0.5609756097560976,0.13170731707317074,0.8682926829268293,0.3076923076923077,0.36180904522613067,0.0951619907264517
MEDDL,LR,Platt,0.1599999999999999,locked_test,Income/poverty,Poverty,<100% FPL,1,697,82,615,True,,WTFA_A,5201217.494,0.13376939530073803,0.1089437376563638,-0.024825657644374235,0.024825657644374235,-0.1153201474826491,0.791083732502602,0.031109319973451097,0.19835122953233686,0.7395879627872015,0.3408701228515765,0.5408713960263284,0.4591286039736718,0.14545686710546704,0.8545431328945328,0.36476728554945764,0.4356973591644443,0.10382501226991112
MEDDL,LR,Platt,0.1599999999999999,locked_test,Income/poverty,Poverty,100-199% FPL,2,1155,129,1026,True,,Unweighted,1155.0,0.11168831168831168,0.10998507341775543,-0.0017032382705562538,0.0017032382705562538,-0.09577718307953366,0.9334066213082055,0.012590464932246194,0.18961038961038962,0.7922541064115931,0.35903965745606503,0.5426356589147286,0.4573643410852713,0.145224171539961,0.854775828460039,0.319634703196347,0.40229885057471265,0.08642014117053065
MEDDL,LR,Platt,0.1599999999999999,locked_test,Income/poverty,Poverty,100-199% FPL,2,1155,129,1026,True,,WTFA_A,8595083.399,0.12813343895280102,0.12237952805336963,-0.0057539108994313914,0.0057539108994313914,-0.03858508012194888,0.9377350577234127,0.011294136000468606,0.21667914754808304,0.787008561350326,0.43084641735267504,0.5859655829669782,0.4140344170330216,0.1624071487779835,0.8375928512220165,0.346511356091063,0.43549329805772197,0.09362077386317354
MEDDL,LR,Platt,0.1599999999999999,locked_test,Income/poverty,Poverty,>=200% FPL,3,4567,312,4255,True,,Unweighted,4567.0,0.06831618130063499,0.07170287649621207,0.0033866951955770774,0.0033866951955770774,0.41810946123889164,1.2162644718891058,0.012780147788273907,0.07707466608276768,0.7874623369188587,0.3145873362237593,0.3782051282051282,0.6217948717948718,0.05499412455934195,0.9450058754406581,0.3352272727272727,0.3554216867469879,0.05518614254675239
MEDDL,LR,Platt,0.1599999999999999,locked_test,Income/poverty,Poverty,>=200% FPL,3,4567,312,4255,True,,WTFA_A,36473883.169,0.07311589338166748,0.07621323689615679,0.0030973435144893147,0.0030973435144893147,0.30265642831562767,1.164506590592978,0.012303146560774515,0.09104036739423049,0.7774068480606393,0.30560406674681334,0.39506841988854274,0.6049315801114571,0.06705756036098443,0.9329424396390157,0.3172854118871352,0.35193029288683275,0.05930160711410606
MEDDL,LR,Platt,0.1599999999999999,locked_test,Insurance,Insurance,Uninsured,1,472,134,338,True,,Unweighted,472.0,0.2838983050847458,0.2500841796042504,-0.033814125480495394,0.033814125480495394,0.17795857958930833,0.9761210301139158,0.038079406752821496,0.6313559322033898,0.7231740704760222,0.5308032347873329,0.835820895522388,0.16417910447761194,0.5502958579881657,0.44970414201183434,0.37583892617449666,0.5185185185185185,0.17663814079149626
MEDDL,LR,Platt,0.1599999999999999,locked_test,Insurance,Insurance,Uninsured,1,472,134,338,True,,WTFA_A,4745382.67,0.2767269721579693,0.2507103785652861,-0.026016593592683213,0.026016593592683213,0.14846197712043013,0.9908491221547034,0.03410903873500036,0.6295860778283662,0.7341996167687846,0.5292619112411991,0.8437239462161162,0.15627605378388384,0.547656126534446,0.4523438734655541,0.37084869122091574,0.5152329495356586,0.17262407996303494
MEDDL,LR,Platt,0.1599999999999999,locked_test,Insurance,Insurance,Insured,2,5928,387,5541,True,,Unweighted,5928.0,0.0652834008097166,0.06818685280297777,0.002903451993261169,0.002903451993261169,0.04848822653404852,1.0429169447749211,0.006391885205837876,0.06511470985155196,0.7517554131359044,0.22368472465266298,0.2868217054263566,0.7131782945736435,0.0496300306803826,0.9503699693196174,0.28756476683937826,0.28719275549805956,0.056202383348555575
MEDDL,LR,Platt,0.1599999999999999,locked_test,Insurance,Insurance,Insured,2,5928,387,5541,True,,WTFA_A,45351602.004999995,0.06884571316038124,0.07036370120893133,0.0015179880485500924,0.0015179880485500924,0.08445342409781885,1.0481144620152272,0.007066182730835147,0.0705218571473482,0.7437095069952036,0.23668441561345155,0.30841794265118855,0.6915820573488114,0.05293280032179993,0.9470671996782002,0.30108755033087015,0.3047086659600181,0.05869161198833674
MEDDL,LR,Platt,0.1599999999999999,locked_test,Demographic (sex/age),Sex,Male,1,2958,195,2763,True,,Unweighted,2958.0,0.06592292089249494,0.07269223300226672,0.006769312109771788,0.006769312109771788,-0.02199638631120553,1.0434043308856795,0.009040011733434565,0.08755916159567276,0.7714292342956839,0.2759609925844164,0.4,0.6,0.06550850524791893,0.934491494752081,0.30115830115830117,0.3436123348017622,0.05477404322440593
MEDDL,LR,Platt,0.1599999999999999,locked_test,Demographic (sex/age),Sex,Male,1,2958,195,2763,True,,WTFA_A,24662417.391999997,0.0725108881086445,0.07880340057475445,0.006292512466109942,0.006292512466109942,0.010893281940575301,1.0530582743035084,0.01043789932555064,0.10595416732536665,0.768702352549719,0.3028940702234339,0.45816109159352497,0.5418389084064749,0.0784187099822406,0.9215812900177593,0.31354753179508843,0.3723044555415106,0.05887606704988931
MEDDL,LR,Platt,0.1599999999999999,locked_test,Demographic (sex/age),Sex,Female,2,3460,328,3132,True,,Unweighted,3460.0,0.09479768786127167,0.0893641737592048,-0.005433514102066869,0.005433514102066869,0.22047301659125476,1.0732677089286695,0.010332624767785285,0.12369942196531791,0.787722331246301,0.34298947398598123,0.4451219512195122,0.5548780487804879,0.09003831417624521,0.9099616858237548,0.3411214953271028,0.3862433862433862,0.074015535314088
MEDDL,LR,Platt,0.1599999999999999,locked_test,Demographic (sex/age),Sex,Female,2,3460,328,3132,True,,WTFA_A,25603154.915,0.1045030617079325,0.0958341245581634,-0.008668937149769101,0.008668937149769101,0.19972182171123895,1.0455979287896724,0.015105696312095152,0.14048820588484104,0.7825509775559489,0.36444388330520083,0.4693896906376436,0.5306103093623564,0.10210592819385633,0.8978940718061436,0.3491585610110342,0.4004441487874477,0.08027676484176365
MEDDL,LR,Platt,0.1599999999999999,locked_test,Demographic (sex/age),Age,18-34,1,1296,163,1133,True,,Unweighted,1296.0,0.1257716049382716,0.12694571581558198,0.0011741108773103692,0.0011741108773103692,0.08920570577321563,1.0622743430767478,0.01445519058541515,0.22067901234567902,0.7893804926385783,0.3997478702372874,0.588957055214724,0.4110429447852761,0.1676963812886143,0.8323036187113857,0.3356643356643357,0.42761692650334077,0.09261914316191441
MEDDL,LR,Platt,0.1599999999999999,locked_test,Demographic (sex/age),Age,18-34,1,1296,163,1133,True,,WTFA_A,14130183.015999999,0.11442660205951857,0.12257531598449238,0.008148713924973808,0.008148713924973808,0.1463191713659234,1.146246976672654,0.01698491094479851,0.20916915100485914,0.8103323160415576,0.41474544965743015,0.6154193185945822,0.38458068140541773,0.15667680381883153,0.8433231961811685,0.3366669565290076,0.43523649987181734,0.08348868401414804
MEDDL,LR,Platt,0.1599999999999999,locked_test,Demographic (sex/age),Age,35-49,2,1424,142,1282,True,,Unweighted,1424.0,0.0997191011235955,0.10101143201371451,0.0012923308901190145,0.0012923308901190145,0.06115770208479483,1.0409649040646356,0.006692441347582403,0.15098314606741572,0.7572949396849114,0.3339308883516338,0.4788732394366197,0.5211267605633803,0.11466458658346333,0.8853354134165367,0.31627906976744186,0.38095238095238093,0.07852002691004
MEDDL,LR,Platt,0.1599999999999999,locked_test,Demographic (sex/age),Age,35-49,2,1424,142,1282,True,,WTFA_A,12578947.664,0.10230095206476088,0.10098246702989888,-0.0013184850348619964,0.0013184850348619964,0.11564425201068967,1.0524682599018997,0.010600672392294307,0.15597760793736296,0.7616392471747371,0.3482397403291424,0.4860843839557336,0.5139156160442663,0.11835894548319013,0.88164105451681,0.3188079104434882,0.3850640584497252,0.07995756570233585
MEDDL,LR,Platt,0.1599999999999999,locked_test,Demographic (sex/age),Age,50-64,3,1524,171,1353,True,,Unweighted,1524.0,0.11220472440944881,0.08013389260176648,-0.03207083180768233,0.03207083180768233,0.12738493968545697,0.8717742513471171,0.032070831807682346,0.10039370078740158,0.7189632741622471,0.294525538115246,0.3216374269005848,0.6783625730994152,0.07243163340724317,0.9275683665927569,0.35947712418300654,0.3395061728395061,0.09202832307421195
MEDDL,LR,Platt,0.1599999999999999,locked_test,Demographic (sex/age),Age,50-64,3,1524,171,1353,True,,WTFA_A,11722892.652,0.11071494762673358,0.07692512506738403,-0.03378982255934955,0.03378982255934955,0.03646275229790285,0.8225326344171442,0.03378982255934955,0.0929437009571279,0.6960119617954448,0.28491941316950575,0.31632506837513513,0.6836749316248649,0.06513298230345149,0.9348670176965487,0.3768078204065765,0.3439275829600221,0.0915880571343569
MEDDL,LR,Platt,0.1599999999999999,locked_test,Demographic (sex/age),Age,65-74,4,1165,31,1134,True,,Unweighted,1165.0,0.026609442060085836,0.04861212168155701,0.022002679621471177,0.022002679621471177,0.10539532079035954,1.2862882918949916,0.022002679621471177,0.02317596566523605,0.7801388177732264,0.11075297956207196,0.12903225806451613,0.8709677419354839,0.020282186948853614,0.9797178130511464,0.14814814814814814,0.13793103448275862,0.02568517621001297
MEDDL,LR,Platt,0.1599999999999999,locked_test,Demographic (sex/age),Age,65-74,4,1165,31,1134,True,,WTFA_A,6366615.728,0.030266018122085098,0.046437204544920764,0.016171186422835666,0.016171186422835666,0.9215965642798547,1.5260880983765113,0.016171186422835673,0.0246023301376797,0.8008404772722788,0.17907111507173143,0.20999444985050683,0.7900055501494931,0.018816123446176333,0.9811838765538238,0.25833714892633947,0.2316707546807415,0.02772024143314843
MEDDL,RF,Platt,0.0799999999999999,locked_test,Race/ethnicity,Race_ethnicity,Hispanic,1,935,92,843,True,,Unweighted,935.0,0.09839572192513368,0.11789213277630654,0.01949641085117286,0.01949641085117286,-0.23690343196319477,0.9944345964927275,0.019534349968561016,0.4213903743315508,0.754977048842127,0.31284724975880074,0.75,0.25,0.38552787663107946,0.6144721233689205,0.1751269035532995,0.2839506172839506,0.07932837878228696
MEDDL,RF,Platt,0.0799999999999999,locked_test,Race/ethnicity,Race_ethnicity,Hispanic,1,935,92,843,True,,WTFA_A,9079677.384,0.10824782196908948,0.12403165238704679,0.015783830417957306,0.015783830417957306,-0.2568478653355076,0.9479766251481261,0.020852888274639193,0.4535904062249444,0.7393443837257334,0.32459299202266906,0.7364746644430012,0.2635253355569988,0.4192517126104671,0.5807482873895329,0.17575719694969763,0.28378908504545036,0.08611056719213415
MEDDL,RF,Platt,0.0799999999999999,locked_test,Race/ethnicity,Race_ethnicity,NH White,2,4243,339,3904,True,,Unweighted,4243.0,0.07989629978788593,0.072480675387562,-0.0074156244003239224,0.0074156244003239224,0.4446238169246943,1.1512160566287388,0.015528218041672598,0.22224840914447325,0.8122053169882489,0.3273419129459667,0.6430678466076696,0.35693215339233036,0.18570696721311475,0.8142930327868853,0.23117709437963946,0.3400936037441498,0.0635108869677605
MEDDL,RF,Platt,0.0799999999999999,locked_test,Race/ethnicity,Race_ethnicity,NH White,2,4243,339,3904,True,,WTFA_A,30287641.996999998,0.08698845738010788,0.07779438923965006,-0.009194068140457826,0.009194068140457826,0.545898157349846,1.194036714785566,0.020429800146849558,0.2364690634453949,0.8150886505975632,0.36801080685601706,0.6607656893183217,0.33923431068167836,0.1960436063363201,0.80395639366368,0.24307191463452216,0.35540362676873977,0.06739075308251123
MEDDL,RF,Platt,0.0799999999999999,locked_test,Race/ethnicity,Race_ethnicity,NH Black,3,671,56,615,True,,Unweighted,671.0,0.08345752608047691,0.08926984204653014,0.005812315966053236,0.005812315966053236,0.08449182400114329,1.085819387093193,0.014737351381027277,0.338301043219076,0.7740998838559815,0.3245253667582713,0.7678571428571429,0.23214285714285715,0.2991869918699187,0.7008130081300813,0.1894273127753304,0.303886925795053,0.06673810606104627
MEDDL,RF,Platt,0.0799999999999999,locked_test,Race/ethnicity,Race_ethnicity,NH Black,3,671,56,615,True,,WTFA_A,6134871.62,0.09349472727841694,0.0979009267962305,0.0044061995178135555,0.0044061995178135555,0.1749293642656323,1.125681958833836,0.022857902155187737,0.36715476973583344,0.7881822414020678,0.33906954123263694,0.8153448833700255,0.1846551166299747,0.3209295422561238,0.6790704577438762,0.207624832338092,0.3309694160207668,0.07353971782967791
MEDDL,RF,Platt,0.0799999999999999,locked_test,Income/poverty,Poverty,<100% FPL,1,697,82,615,True,,Unweighted,697.0,0.11764705882352941,0.1229705424900394,0.00532348366650999,0.00532348366650999,-0.25008713789031456,0.8834686422594719,0.01745319380010365,0.5021520803443329,0.7347213959944476,0.3122183335125058,0.7682926829268293,0.23170731707317074,0.4666666666666667,0.5333333333333333,0.18,0.29166666666666663,0.0936597996093513
MEDDL,RF,Platt,0.0799999999999999,locked_test,Income/poverty,Poverty,<100% FPL,1,697,82,615,True,,WTFA_A,5201217.494,0.13376939530073803,0.13222428090051896,-0.0015451144002190664,0.0015451144002190664,0.01931223663928496,1.0025971785379726,0.013151502502357982,0.5245449139835566,0.7585297036801841,0.3733533021483279,0.8253099598600943,0.1746900401399056,0.47809866965065023,0.5219013303493497,0.2104704693974442,0.3354057862913143,0.10046078753840354
MEDDL,RF,Platt,0.0799999999999999,locked_test,Income/poverty,Poverty,100-199% FPL,2,1155,129,1026,True,,Unweighted,1155.0,0.11168831168831168,0.11322026441527511,0.001531952726963423,0.001531952726963423,0.07653739901820529,1.0569992062334708,0.0073735322635582815,0.4121212121212121,0.7989860525560238,0.3631259144425066,0.8062015503875969,0.1937984496124031,0.36257309941520466,0.6374269005847953,0.2184873949579832,0.343801652892562,0.08484135337747706
MEDDL,RF,Platt,0.0799999999999999,locked_test,Income/poverty,Poverty,100-199% FPL,2,1155,129,1026,True,,WTFA_A,8595083.399,0.12813343895280102,0.12644428028379945,-0.0016891586690015725,0.0016891586690015725,0.2352782711674715,1.1385666120125306,0.010906482299174645,0.46644018898832795,0.7967758321856314,0.44918225789467103,0.8041922056136696,0.19580779438633028,0.4168026305166872,0.5831973694833128,0.22091559714828965,0.34661447478299634,0.09160717553250393
MEDDL,RF,Platt,0.0799999999999999,locked_test,Income/poverty,Poverty,>=200% FPL,3,4567,312,4255,True,,Unweighted,4567.0,0.06831618130063499,0.06665271571693974,-0.0016634655836952478,0.0016634655836952478,0.44941148149191024,1.1867626376828673,0.01072387667490516,0.19246770308736588,0.7999009460965982,0.29607130355734257,0.592948717948718,0.40705128205128205,0.16310223266745005,0.83689776733255,0.21046643913538113,0.3106633081444165,0.055943704920034504
MEDDL,RF,Platt,0.0799999999999999,locked_test,Income/poverty,Poverty,>=200% FPL,3,4567,312,4255,True,,WTFA_A,36473883.169,0.07311589338166748,0.07321860272413143,0.00010270934246395247,0.00010270934246395247,0.3168341702598309,1.1470065908217,0.011196904244200338,0.22116045606177667,0.7935539281601681,0.28252512800287144,0.6217946674869503,0.3782053325130496,0.18955701386393412,0.8104429861360659,0.2055660104108578,0.3089821706654181,0.06012532019492395
MEDDL,RF,Platt,0.0799999999999999,locked_test,Insurance,Insurance,Uninsured,1,472,134,338,True,,Unweighted,472.0,0.2838983050847458,0.27045449469848865,-0.013443810386257138,0.013443810386257138,0.7768655800084633,1.7713813932326146,0.07284683330606018,1.0,0.7564470546674908,0.5608374193180234,1.0,0.0,1.0,0.0,0.2838983050847458,0.4422442244224423,0.17366823217709731
MEDDL,RF,Platt,0.0799999999999999,locked_test,Insurance,Insurance,Uninsured,1,472,134,338,True,,WTFA_A,4745382.67,0.2767269721579693,0.26845973042194937,-0.008267241736019948,0.008267241736019948,0.8331242019660416,1.8568098360006484,0.08245572067819404,1.0,0.768252530162324,0.5632180472446918,1.0,0.0,1.0,0.0,0.2767269721579693,0.43349436205649444,0.16936115932679122
MEDDL,RF,Platt,0.0799999999999999,locked_test,Insurance,Insurance,Insured,2,5928,387,5541,True,,Unweighted,5928.0,0.0652834008097166,0.06581973929095752,0.0005363384812409194,0.0005363384812409194,0.1150142950242589,1.0536490406815455,0.007310090975497747,0.2049595141700405,0.7700573176140091,0.2082666119325683,0.5581395348837209,0.4418604651162791,0.18029236599891715,0.8197076340010828,0.17777777777777778,0.2696629213483146,0.05654343021481124
MEDDL,RF,Platt,0.0799999999999999,locked_test,Insurance,Insurance,Insured,2,5928,387,5541,True,,WTFA_A,45351602.004999995,0.06884571316038124,0.06934648209660005,0.0005007689362188095,0.0005007689362188095,0.17173385938545138,1.0788309099244522,0.008947485674516623,0.21805110950457154,0.7647321405942482,0.2250792145410977,0.5689680369927972,0.4310319630072028,0.1921057570807816,0.8078942429192184,0.17964141691932117,0.2730668810367164,0.05902419187010768
MEDDL,RF,Platt,0.0799999999999999,locked_test,Demographic (sex/age),Sex,Male,1,2958,195,2763,True,,Unweighted,2958.0,0.06592292089249494,0.0760270096972644,0.01010408880476947,0.01010408880476947,0.019534618849353858,1.093063926423124,0.010104088804769488,0.24104124408384042,0.7879144742336923,0.2784420677452463,0.6461538461538462,0.35384615384615387,0.2124502352515382,0.7875497647484618,0.1767180925666199,0.2775330396475771,0.054338383758352087
MEDDL,RF,Platt,0.0799999999999999,locked_test,Demographic (sex/age),Sex,Male,1,2958,195,2763,True,,WTFA_A,24662417.391999997,0.0725108881086445,0.08358661153918494,0.011075723430540432,0.011075723430540432,0.08968099003387321,1.134450650272144,0.011075723430540443,0.2704459268118448,0.7877501415507255,0.31614622259039826,0.6679849122195799,0.33201508778042005,0.23936641922502042,0.7606335807749794,0.1790974624732093,0.282462264174258,0.058179415600815104
MEDDL,RF,Platt,0.0799999999999999,locked_test,Demographic (sex/age),Sex,Female,2,3460,328,3132,True,,Unweighted,3460.0,0.09479768786127167,0.08547351756019751,-0.009324170301074158,0.009324170301074158,0.3026673274604805,1.0867681078292357,0.016134309646220472,0.2864161849710983,0.798886591595801,0.33584656132798013,0.6890243902439024,0.31097560975609756,0.2442528735632184,0.7557471264367817,0.22805247225025227,0.34268385140257773,0.07455745123468127
MEDDL,RF,Platt,0.0799999999999999,locked_test,Demographic (sex/age),Sex,Female,2,3460,328,3132,True,,WTFA_A,25603154.915,0.1045030617079325,0.09305345568905096,-0.011449606018881536,0.011449606018881536,0.34092354943059283,1.1002217935183611,0.019353868517103086,0.31751880137385796,0.796668577255849,0.3598522156403946,0.7189219145420744,0.28107808545792556,0.2706756995033153,0.7293243004966846,0.2366144646348522,0.35604573019011954,0.08076133733340853
MEDDL,RF,Platt,0.0799999999999999,locked_test,Demographic (sex/age),Age,18-34,1,1296,163,1133,True,,Unweighted,1296.0,0.1257716049382716,0.11311023587677115,-0.012661369061500463,0.012661369061500463,0.32709610172062215,1.1071411783641645,0.01838331380825275,0.38117283950617287,0.784266213267345,0.390833199024424,0.7484662576687117,0.25153374233128833,0.3283318623124448,0.6716681376875552,0.24696356275303644,0.3713850837138508,0.09406015002329834
MEDDL,RF,Platt,0.0799999999999999,locked_test,Demographic (sex/age),Age,18-34,1,1296,163,1133,True,,WTFA_A,14130183.015999999,0.11442660205951857,0.10979860629825616,-0.00462799576126241,0.00462799576126241,0.3805590333013929,1.1871102352240623,0.016731099482474223,0.3655498572206179,0.8005159999526805,0.4068016838316025,0.7554234648431087,0.24457653515689115,0.315173556106923,0.6848264438930771,0.23646716991016697,0.36018658218225,0.08491650592654669
MEDDL,RF,Platt,0.0799999999999999,locked_test,Demographic (sex/age),Age,35-49,2,1424,142,1282,True,,Unweighted,1424.0,0.0997191011235955,0.10431379181362826,0.0045946906900327655,0.0045946906900327655,-0.04611753272160937,1.0053317482833646,0.00777128586062173,0.36657303370786515,0.748401485355189,0.3053080477402615,0.676056338028169,0.323943661971831,0.33229329173166927,0.6677067082683308,0.1839080459770115,0.2891566265060241,0.08058364412233769
MEDDL,RF,Platt,0.0799999999999999,locked_test,Demographic (sex/age),Age,35-49,2,1424,142,1282,True,,WTFA_A,12578947.664,0.10230095206476088,0.1067242763143016,0.004423324249540728,0.004423324249540728,0.05809544902569314,1.0607837651316816,0.010312487907815172,0.38320663920046655,0.7634993124704526,0.34384159630342465,0.7205405093616724,0.27945949063832737,0.3447643837914229,0.6552356162085771,0.19235569681861897,0.3036491351940934,0.08099163794968209
MEDDL,RF,Platt,0.0799999999999999,locked_test,Demographic (sex/age),Age,50-64,3,1524,171,1353,True,,Unweighted,1524.0,0.11220472440944881,0.09765108902428157,-0.01455363538516724,0.01455363538516724,0.1508515961067728,0.989181935863177,0.014553635385167261,0.3431758530183727,0.7299373711440464,0.30426407862794846,0.672514619883041,0.32748538011695905,0.30155210643015523,0.6984478935698448,0.2198852772466539,0.3314121037463977,0.08984280112972845
MEDDL,RF,Platt,0.0799999999999999,locked_test,Demographic (sex/age),Age,50-64,3,1524,171,1353,True,,WTFA_A,11722892.652,0.11071494762673358,0.0963907458023591,-0.01432420182437448,0.01432420182437448,0.12212807671065795,0.9753295617818485,0.014730679115149517,0.33721025069060745,0.7206844648341924,0.3002736067790507,0.6504280871693968,0.34957191283060307,0.2982149968415049,0.7017850031584951,0.2135525579617918,0.32153632738874377,0.08865115353816158
MEDDL,RF,Platt,0.0799999999999999,locked_test,Demographic (sex/age),Age,65-74,4,1165,31,1134,True,,Unweighted,1165.0,0.026609442060085836,0.04146204318982737,0.014852601129741537,0.014852601129741537,-0.42743446044332517,1.0202152146134076,0.014852601129741537,0.10214592274678111,0.7297604824486545,0.10558286322776995,0.4838709677419355,0.5161290322580645,0.09171075837742504,0.908289241622575,0.12605042016806722,0.2,0.025382893685823436
MEDDL,RF,Platt,0.0799999999999999,locked_test,Demographic (sex/age),Age,65-74,4,1165,31,1134,True,,WTFA_A,6366615.728,0.030266018122085098,0.04122779488844383,0.010961776766358733,0.010961776766358733,0.07396461829578208,1.154382966246255,0.011072570806375071,0.092531286191677,0.750643544491906,0.15047489456874175,0.5408442599052591,0.45915574009474086,0.0785391513997157,0.9214608486002844,0.17690451354593462,0.26660523637706196,0.027562384143979195
MEDDL,XGBoost,Platt,0.1399999999999999,locked_test,Race/ethnicity,Race_ethnicity,Hispanic,1,935,92,843,True,,Unweighted,935.0,0.09839572192513368,0.1028308667510728,0.004435144825939111,0.004435144825939111,-0.24681498040967143,0.8954889259819871,0.006084661030423214,0.2288770053475936,0.7518438289751921,0.2755616538211994,0.5652173913043478,0.43478260869565216,0.19217081850533807,0.8078291814946619,0.24299065420560748,0.33986928104575165,0.08127110227248405
MEDDL,XGBoost,Platt,0.1399999999999999,locked_test,Race/ethnicity,Race_ethnicity,Hispanic,1,935,92,843,True,,WTFA_A,9079677.384,0.10824782196908948,0.10432043803349977,-0.0039273839355897094,0.0039273839355897094,-0.16397370261581617,0.8865851970909571,0.005116278351844092,0.24670073751157853,0.7444117382605029,0.28645155762401575,0.5777640894058726,0.4222359105941273,0.20651369041574136,0.7934863095842587,0.25351243340812746,0.35239869338613994,0.0885191183533224
MEDDL,XGBoost,Platt,0.1399999999999999,locked_test,Race/ethnicity,Race_ethnicity,NH White,2,4243,339,3904,True,,Unweighted,4243.0,0.07989629978788593,0.07860729275536937,-0.0012890070325165537,0.0012890070325165537,0.3513016811587633,1.164038489451377,0.010548700899078507,0.13669573415036532,0.8202403404419943,0.3374311561218313,0.5162241887905604,0.4837758112094395,0.10373975409836066,0.8962602459016393,0.3017241379310345,0.3808487486398259,0.06258216700789285
MEDDL,XGBoost,Platt,0.1399999999999999,locked_test,Race/ethnicity,Race_ethnicity,NH White,2,4243,339,3904,True,,WTFA_A,30287641.996999998,0.08698845738010788,0.08356146654561263,-0.0034269908344952554,0.0034269908344952554,0.4321139625237152,1.1936682033665929,0.012476932266687057,0.14563590052460698,0.8201786500320353,0.3615086124087206,0.5169723951424898,0.4830276048575103,0.11025629432263538,0.8897437056773646,0.3087880872748573,0.38663733726427024,0.06694721499575122
MEDDL,XGBoost,Platt,0.1399999999999999,locked_test,Race/ethnicity,Race_ethnicity,NH Black,3,671,56,615,True,,Unweighted,671.0,0.08345752608047691,0.07880328311475632,-0.00465424296572059,0.00465424296572059,0.015921149937136746,0.974270169695903,0.010895985322412689,0.14008941877794337,0.766260162601626,0.3017100400450959,0.5178571428571429,0.48214285714285715,0.10569105691056911,0.8943089430894309,0.30851063829787234,0.3866666666666667,0.06775352030814079
MEDDL,XGBoost,Platt,0.1399999999999999,locked_test,Race/ethnicity,Race_ethnicity,NH Black,3,671,56,615,True,,WTFA_A,6134871.62,0.09349472727841694,0.08466151060126387,-0.008833216677153075,0.008833216677153075,0.08315395374150941,0.9808450007010718,0.014823612172776267,0.1586100608573126,0.7684193878679852,0.29985448815074206,0.5513846135027713,0.44861538649722865,0.118100258226779,0.8818997417732212,0.32502070667089206,0.40896925795159694,0.07569241109565214
MEDDL,XGBoost,Platt,0.1399999999999999,locked_test,Income/poverty,Poverty,<100% FPL,1,697,82,615,True,,Unweighted,697.0,0.11764705882352941,0.1032766956818847,-0.014370363141644707,0.014370363141644707,-0.22585290344259157,0.7925929729489377,0.020376554621159972,0.22955523672883787,0.7283363077533215,0.30716785789540335,0.5487804878048781,0.45121951219512196,0.18699186991869918,0.8130081300813008,0.28125,0.371900826446281,0.0948261154977217
MEDDL,XGBoost,Platt,0.1399999999999999,locked_test,Income/poverty,Poverty,<100% FPL,1,697,82,615,True,,WTFA_A,5201217.494,0.13376939530073803,0.1039294337611714,-0.029839961539566626,0.029839961539566626,-0.02520577956376592,0.8172041444315947,0.03969975006109126,0.2464567906415643,0.7255831196312706,0.333905229573802,0.5626224166483164,0.43737758335168386,0.19763228089050805,0.8023677191094918,0.30537466734743907,0.39587836524813036,0.10564777179276977
MEDDL,XGBoost,Platt,0.1399999999999999,locked_test,Income/poverty,Poverty,100-199% FPL,2,1155,129,1026,True,,Unweighted,1155.0,0.11168831168831168,0.10780944445998869,-0.0038788672283229936,0.0038788672283229936,0.09428369215589714,1.0278343641343186,0.014043332415887583,0.23376623376623376,0.8025824682291431,0.32962140998513834,0.6356589147286822,0.3643410852713178,0.18323586744639375,0.8167641325536062,0.3037037037037037,0.41102756892230574,0.08638380052005797
MEDDL,XGBoost,Platt,0.1399999999999999,locked_test,Income/poverty,Poverty,100-199% FPL,2,1155,129,1026,True,,WTFA_A,8595083.399,0.12813343895280102,0.11440923296274852,-0.013724205990052502,0.013724205990052502,0.3975722240051029,1.1464864902223584,0.026370724086755865,0.2514123703850753,0.8082779848787183,0.39706278040041976,0.6543708390079529,0.34562916099204716,0.19219177786941796,0.807808222130582,0.3335030246287998,0.44182696206705985,0.09377155823267089
MEDDL,XGBoost,Platt,0.1399999999999999,locked_test,Income/poverty,Poverty,>=200% FPL,3,4567,312,4255,True,,Unweighted,4567.0,0.06831618130063499,0.07101514857626424,0.002698967275629252,0.002698967275629252,0.30466855872656406,1.1658918335100374,0.00839000763059946,0.1140792642872783,0.8104978306065262,0.3158198172799541,0.46474358974358976,0.5352564102564102,0.08836662749706228,0.9116333725029377,0.2783109404990403,0.3481392557022809,0.054920524380164724
MEDDL,XGBoost,Platt,0.1399999999999999,locked_test,Income/poverty,Poverty,>=200% FPL,3,4567,312,4255,True,,WTFA_A,36473883.169,0.07311589338166748,0.07620327727194563,0.003087383890278156,0.003087383890278156,0.2256707675724101,1.1334422109734654,0.009798596885431943,0.12856952146476291,0.8051028579921968,0.3033865231919783,0.47445442273070704,0.5255455772692929,0.10128489830345219,0.8987151016965479,0.2698163498753203,0.3440026539673496,0.059222487558354665
MEDDL,XGBoost,Platt,0.1399999999999999,locked_test,Insurance,Insurance,Uninsured,1,472,134,338,True,,Unweighted,472.0,0.2838983050847458,0.24096685826509137,-0.04293144681965441,0.04293144681965441,0.3696420111130217,1.110733757938128,0.05365405603846149,0.7330508474576272,0.7226662545261857,0.5202124139982787,0.9253731343283582,0.07462686567164178,0.6568047337278107,0.3431952662721893,0.3583815028901734,0.5166666666666667,0.17883296269402804
MEDDL,XGBoost,Platt,0.1399999999999999,locked_test,Insurance,Insurance,Uninsured,1,472,134,338,True,,WTFA_A,4745382.67,0.2767269721579693,0.2315031039179353,-0.04522386824003402,0.04522386824003402,0.38928455508359205,1.1097081357083105,0.06229121978249122,0.7261557561594921,0.7115181574494207,0.5037893883099759,0.9149175868876215,0.08508241311237866,0.6539347720143472,0.3460652279856529,0.34866124993971476,0.5049092310488822,0.17858106654425351
MEDDL,XGBoost,Platt,0.1399999999999999,locked_test,Insurance,Insurance,Insured,2,5928,387,5541,True,,Unweighted,5928.0,0.0652834008097166,0.06834870449451792,0.003065303684801318,0.003065303684801318,0.015551895303624386,1.0314836639143015,0.006196961298184449,0.10138326585695007,0.7773377877947198,0.22820393742605802,0.3798449612403101,0.6201550387596899,0.08193466883234073,0.9180653311676593,0.24459234608985025,0.2975708502024292,0.05579623695490276
MEDDL,XGBoost,Platt,0.1399999999999999,locked_test,Insurance,Insurance,Insured,2,5928,387,5541,True,,WTFA_A,45351602.004999995,0.06884571316038124,0.0702940904010142,0.0014483772406329587,0.0014483772406329587,0.10673073120492428,1.0593039635272548,0.006532457281080453,0.10286393919415858,0.773922839609084,0.24212975685333554,0.37525662517113795,0.6247433748288621,0.08272434579830394,0.9172756542016959,0.25115516847260655,0.3009127282457259,0.0583121235569021
MEDDL,XGBoost,Platt,0.1399999999999999,locked_test,Demographic (sex/age),Sex,Male,1,2958,195,2763,True,,Unweighted,2958.0,0.06592292089249494,0.07225607148187954,0.006333150589384606,0.006333150589384606,0.09313908171288333,1.097101550552086,0.01124170444556877,0.1250845165652468,0.7991452991452991,0.2877710849290911,0.5282051282051282,0.4717948717948718,0.09663409337676439,0.9033659066232356,0.27837837837837837,0.3646017699115044,0.054070025112435006
MEDDL,XGBoost,Platt,0.1399999999999999,locked_test,Demographic (sex/age),Sex,Male,1,2958,195,2763,True,,WTFA_A,24662417.391999997,0.0725108881086445,0.07682446389746114,0.004313575788816637,0.004313575788816637,0.18895726320979658,1.1270665472187904,0.013723806310750658,0.14249454459966918,0.8005400861035107,0.3115250493445892,0.5663786184331362,0.43362138156686364,0.10935538398343611,0.8906446160165639,0.288211852206089,0.38202398991517017,0.05845208592735686
MEDDL,XGBoost,Platt,0.1399999999999999,locked_test,Demographic (sex/age),Sex,Female,2,3460,328,3132,True,,Unweighted,3460.0,0.09479768786127167,0.08867915930509175,-0.00611852855617992,0.00611852855617992,0.2175754660547655,1.068941185023593,0.01165868811617081,0.1676300578034682,0.8009930925458679,0.33457440985057835,0.5152439024390244,0.4847560975609756,0.13122605363984674,0.8687739463601533,0.2913793103448276,0.3722466960352423,0.07418465840764238
MEDDL,XGBoost,Platt,0.1399999999999999,locked_test,Demographic (sex/age),Sex,Female,2,3460,328,3132,True,,WTFA_A,25603154.915,0.1045030617079325,0.0940290151095142,-0.010474046598418302,0.010474046598418302,0.29031221860430123,1.0818406277861483,0.017552536032101367,0.18018653139880048,0.7950043997542593,0.3486158369076381,0.5099983944659028,0.49000160553409716,0.14169801401330792,0.8583019859866919,0.29578455877957777,0.3744175760427982,0.08099189269000241
MEDDL,XGBoost,Platt,0.1399999999999999,locked_test,Demographic (sex/age),Age,18-34,1,1296,163,1133,True,,Unweighted,1296.0,0.1257716049382716,0.11149427593902507,-0.014277328999246539,0.014277328999246539,0.3758140020180924,1.1234394564919319,0.017771365626459815,0.2345679012345679,0.7920662338435881,0.39896260236201514,0.6134969325153374,0.38650306748466257,0.18005295675198588,0.8199470432480142,0.32894736842105265,0.4282655246252677,0.0933193036518544
MEDDL,XGBoost,Platt,0.1399999999999999,locked_test,Demographic (sex/age),Age,18-34,1,1296,163,1133,True,,WTFA_A,14130183.015999999,0.11442660205951857,0.10212051307802233,-0.012306088981496238,0.012306088981496238,0.4544576117000632,1.1695563176557742,0.017227760756601745,0.21612535595200677,0.8036243115010255,0.400947593008467,0.6033910559110667,0.3966089440889332,0.16608602748575743,0.8339139725142428,0.31946269301386554,0.4177496854434062,0.08534573211462015
MEDDL,XGBoost,Platt,0.1399999999999999,locked_test,Demographic (sex/age),Age,35-49,2,1424,142,1282,True,,Unweighted,1424.0,0.0997191011235955,0.1095109713738352,0.009791870250239698,0.009791870250239698,-0.012918709983127795,1.057979323794994,0.014523166784035337,0.2169943820224719,0.7581958207905781,0.320176270959011,0.5352112676056338,0.4647887323943662,0.18174726989079562,0.8182527301092044,0.2459546925566343,0.3370288248337029,0.07971457241073211
MEDDL,XGBoost,Platt,0.1399999999999999,locked_test,Demographic (sex/age),Age,35-49,2,1424,142,1282,True,,WTFA_A,12578947.664,0.10230095206476088,0.1094733718439828,0.007172419779221922,0.007172419779221922,0.08689266460499151,1.0958809317804192,0.00981234707621929,0.21374597349624522,0.7719514347379338,0.3257817888688327,0.5408959976558734,0.45910400234412657,0.17646425974538707,0.823535740254613,0.2588782124084623,0.350164301899108,0.0811547863021694
MEDDL,XGBoost,Platt,0.1399999999999999,locked_test,Demographic (sex/age),Age,50-64,3,1524,171,1353,True,,Unweighted,1524.0,0.11220472440944881,0.09857226815274621,-0.013632456256702605,0.013632456256702605,0.03446615061046879,0.9357920156761396,0.020699914924612976,0.1830708661417323,0.731929911005649,0.299835697819142,0.47953216374269003,0.52046783625731,0.14560236511456023,0.8543976348854397,0.2939068100358423,0.3644444444444444,0.09030523441740945
MEDDL,XGBoost,Platt,0.1399999999999999,locked_test,Demographic (sex/age),Age,50-64,3,1524,171,1353,True,,WTFA_A,11722892.652,0.11071494762673358,0.0947432193123834,-0.015971728314350175,0.015971728314350175,0.06140769724218796,0.9353889572651493,0.022355408396666016,0.17701026884742302,0.7266311522924243,0.2994855405188709,0.47647926648394606,0.5235207335160539,0.13972672933365937,0.8602732706663406,0.2980243879493013,0.3666927611034247,0.08928580259128913
MEDDL,XGBoost,Platt,0.1399999999999999,locked_test,Demographic (sex/age),Age,65-74,4,1165,31,1134,True,,Unweighted,1165.0,0.026609442060085836,0.04269056752265299,0.016081125462567153,0.016081125462567153,-0.1732217238815245,1.1267561002546131,0.016081125462567146,0.04377682403433476,0.7673664447857995,0.11506737376579036,0.3870967741935484,0.6129032258064516,0.03439153439153439,0.9656084656084656,0.23529411764705882,0.29268292682926833,0.025265015646601593
MEDDL,XGBoost,Platt,0.1399999999999999,locked_test,Demographic (sex/age),Age,65-74,4,1165,31,1134,True,,WTFA_A,6366615.728,0.030266018122085098,0.04084466518186798,0.010578647059782884,0.010578647059782884,0.4198825864682354,1.2785979912112813,0.010922935835872283,0.042033756933539244,0.8020946867202516,0.15622545657161874,0.3903492424835024,0.6096507575164974,0.031162607737093683,0.9688373922629064,0.2810673636817147,0.32681477190927477,0.02752891380840667
