Outcome,Model,Evaluation_weighting,Selected_probability,Locked_threshold,Axis,Group,N,Positive_N,Negative_N,FN_weighted_count,FP_weighted_count,FNR,FPR,Share_of_all_FN,Share_of_all_FP,Eligibility_rule,Interpretation_boundary
MEDNG,LR,Unweighted,Raw,0.1349999999999999,Race_ethnicity,Hispanic,935,81,854,32.0,142.0,0.3950617283950617,0.16627634660421545,0.1306122448979592,0.2823061630218688,PASS,Group-level aggregate; do not use for individual micro-targeting.
MEDNG,LR,Unweighted,Raw,0.1349999999999999,Race_ethnicity,NH White,4242,278,3964,173.0,258.0,0.6223021582733813,0.06508577194752775,0.7061224489795919,0.5129224652087475,PASS,Group-level aggregate; do not use for individual micro-targeting.
MEDNG,LR,Unweighted,Raw,0.1349999999999999,Race_ethnicity,NH Black,670,46,624,24.0,68.0,0.5217391304347826,0.10897435897435898,0.09795918367346938,0.13518886679920478,PASS,Group-level aggregate; do not use for individual micro-targeting.
MEDNG,LR,Unweighted,Raw,0.1349999999999999,Poverty,<100% FPL,697,80,617,43.0,93.0,0.5375,0.1507293354943274,0.17551020408163265,0.1848906560636183,PASS,Group-level aggregate; do not use for individual micro-targeting.
MEDNG,LR,Unweighted,Raw,0.1349999999999999,Poverty,100-199% FPL,1156,121,1035,56.0,167.0,0.4628099173553719,0.16135265700483092,0.22857142857142856,0.3320079522862823,PASS,Group-level aggregate; do not use for individual micro-targeting.
MEDNG,LR,Unweighted,Raw,0.1349999999999999,Poverty,>=200% FPL,4564,237,4327,146.0,243.0,0.6160337552742616,0.05615900161774902,0.5959183673469388,0.4831013916500994,PASS,Group-level aggregate; do not use for individual micro-targeting.
MEDNG,LR,Unweighted,Raw,0.1349999999999999,Insurance,Uninsured,471,122,349,19.0,204.0,0.1557377049180328,0.5845272206303725,0.07755102040816327,0.40556660039761433,PASS,Group-level aggregate; do not use for individual micro-targeting.
MEDNG,LR,Unweighted,Raw,0.1349999999999999,Insurance,Insured,5927,314,5613,225.0,295.0,0.7165605095541401,0.05255656511669339,0.9183673469387755,0.5864811133200796,PASS,Group-level aggregate; do not use for individual micro-targeting.
MEDNG,LR,Unweighted,Raw,0.1349999999999999,Sex,Male,2958,179,2779,104.0,192.0,0.5810055865921788,0.06908960057574667,0.42448979591836733,0.3817097415506958,PASS,Group-level aggregate; do not use for individual micro-targeting.
MEDNG,LR,Unweighted,Raw,0.1349999999999999,Sex,Female,3458,259,3199,141.0,310.0,0.5444015444015444,0.09690528290090654,0.5755102040816327,0.6163021868787276,PASS,Group-level aggregate; do not use for individual micro-targeting.
MEDNG,LR,Unweighted,Raw,0.1349999999999999,Age,18-34,1295,114,1181,49.0,197.0,0.4298245614035088,0.1668077900084674,0.2,0.39165009940357853,PASS,Group-level aggregate; do not use for individual micro-targeting.
MEDNG,LR,Unweighted,Raw,0.1349999999999999,Age,35-49,1422,131,1291,65.0,155.0,0.4961832061068702,0.12006196746707978,0.2653061224489796,0.3081510934393638,PASS,Group-level aggregate; do not use for individual micro-targeting.
MEDNG,LR,Unweighted,Raw,0.1349999999999999,Age,50-64,1524,146,1378,91.0,112.0,0.6232876712328768,0.08127721335268505,0.37142857142857144,0.22266401590457258,PASS,Group-level aggregate; do not use for individual micro-targeting.
MEDNG,LR,Unweighted,Raw,0.1349999999999999,Age,65-74,1166,34,1132,28.0,27.0,0.8235294117647058,0.023851590106007067,0.11428571428571428,0.0536779324055666,PASS,Group-level aggregate; do not use for individual micro-targeting.
MEDNG,LR,WTFA_A,Raw,0.1349999999999999,Race_ethnicity,Hispanic,935,81,854,291088.997,1471027.689,0.3291592805957995,0.17963204734341873,0.16233972079697026,0.31643915406208245,PASS,Group-level aggregate; do not use for individual micro-targeting.
MEDNG,LR,WTFA_A,Raw,0.1349999999999999,Race_ethnicity,NH White,4242,278,3964,1216817.887,2090009.278,0.5935665898180451,0.07403732117159251,0.6786167738120975,0.4495909715756708,PASS,Group-level aggregate; do not use for individual micro-targeting.
MEDNG,LR,WTFA_A,Raw,0.1349999999999999,Race_ethnicity,NH Black,670,46,624,174121.197,776313.544,0.45855414190566146,0.13502097564178261,0.09710702498938582,0.16699617756161572,PASS,Group-level aggregate; do not use for individual micro-targeting.
MEDNG,LR,WTFA_A,Raw,0.1349999999999999,Poverty,<100% FPL,697,80,617,259665.76499999998,770832.781,0.43624844838166366,0.16735431038898235,0.14481505046592913,0.1658171868326827,PASS,Group-level aggregate; do not use for individual micro-targeting.
MEDNG,LR,WTFA_A,Raw,0.1349999999999999,Poverty,100-199% FPL,1156,121,1035,420728.93999999994,1436347.337,0.41251019859348714,0.18945430941390842,0.2346396440769805,0.3089789129452647,PASS,Group-level aggregate; do not use for individual micro-targeting.
MEDNG,LR,WTFA_A,Raw,0.1349999999999999,Poverty,>=200% FPL,4564,237,4327,1112690.78,2441510.381,0.5737626068734915,0.07075209005341562,0.6205453054570904,0.5252039002220527,PASS,Group-level aggregate; do not use for individual micro-targeting.
MEDNG,LR,WTFA_A,Raw,0.1349999999999999,Insurance,Uninsured,471,122,349,144850.806,2062045.4649999999,0.11912968646547012,0.5851604219384688,0.08078298955166659,0.4435755543294559,PASS,Group-level aggregate; do not use for individual micro-targeting.
MEDNG,LR,WTFA_A,Raw,0.1349999999999999,Insurance,Insured,5927,314,5613,1624081.4949999999,2552754.3710000003,0.7030460171804266,0.059329379116134395,0.9057468305812536,0.5491340779837106,PASS,Group-level aggregate; do not use for individual micro-targeting.
MEDNG,LR,WTFA_A,Raw,0.1349999999999999,Sex,Male,2958,179,2779,727032.068,1947406.134,0.4839032439550394,0.08408494918058164,0.40546425370232697,0.41891499002115007,PASS,Group-level aggregate; do not use for individual micro-targeting.
MEDNG,LR,WTFA_A,Raw,0.1349999999999999,Sex,Female,3458,259,3199,1066053.417,2696672.6100000003,0.5195183907975441,0.11460155599681451,0.594535746297673,0.580092955334431,PASS,Group-level aggregate; do not use for individual micro-targeting.
MEDNG,LR,WTFA_A,Raw,0.1349999999999999,Age,18-34,1295,114,1181,470731.942,2143754.815,0.40492232638958714,0.16547573304844262,0.26252621302101503,0.4611524074276729,PASS,Group-level aggregate; do not use for individual micro-targeting.
MEDNG,LR,WTFA_A,Raw,0.1349999999999999,Age,35-49,1422,131,1291,531151.675,1417514.436,0.465583018792521,0.12408170877895774,0.2962221709133963,0.30492768583000474,PASS,Group-level aggregate; do not use for individual micro-targeting.
MEDNG,LR,WTFA_A,Raw,0.1349999999999999,Age,50-64,1524,146,1378,595337.986,847940.361,0.5875865733042983,0.07917498206477891,0.33201874142659743,0.18240413320319007,PASS,Group-level aggregate; do not use for individual micro-targeting.
MEDNG,LR,WTFA_A,Raw,0.1349999999999999,Age,65-74,1166,34,1132,146960.69400000002,151536.339,0.7929131916090068,0.024490283542548546,0.08195966964731748,0.032597639923027284,PASS,Group-level aggregate; do not use for individual micro-targeting.
MEDNG,RF,Unweighted,Raw,0.1099999999999999,Race_ethnicity,Hispanic,935,81,854,18.0,252.0,0.2222222222222222,0.29508196721311475,0.08955223880597014,0.30656934306569344,PASS,Group-level aggregate; do not use for individual micro-targeting.
MEDNG,RF,Unweighted,Raw,0.1099999999999999,Race_ethnicity,NH White,4242,278,3964,149.0,388.0,0.5359712230215827,0.09788092835519677,0.7412935323383084,0.4720194647201946,PASS,Group-level aggregate; do not use for individual micro-targeting.
MEDNG,RF,Unweighted,Raw,0.1099999999999999,Race_ethnicity,NH Black,670,46,624,21.0,117.0,0.45652173913043476,0.1875,0.1044776119402985,0.14233576642335766,PASS,Group-level aggregate; do not use for individual micro-targeting.
MEDNG,RF,Unweighted,Raw,0.1099999999999999,Poverty,<100% FPL,697,80,617,30.0,208.0,0.375,0.3371150729335494,0.14925373134328357,0.25304136253041365,PASS,Group-level aggregate; do not use for individual micro-targeting.
MEDNG,RF,Unweighted,Raw,0.1099999999999999,Poverty,100-199% FPL,1156,121,1035,33.0,261.0,0.2727272727272727,0.25217391304347825,0.16417910447761194,0.3175182481751825,PASS,Group-level aggregate; do not use for individual micro-targeting.
MEDNG,RF,Unweighted,Raw,0.1099999999999999,Poverty,>=200% FPL,4564,237,4327,138.0,353.0,0.5822784810126582,0.0815807718973885,0.6865671641791045,0.42944038929440387,PASS,Group-level aggregate; do not use for individual micro-targeting.
MEDNG,RF,Unweighted,Raw,0.1099999999999999,Insurance,Uninsured,471,122,349,0.0,342.0,0.0,0.9799426934097422,0.0,0.41605839416058393,PASS,Group-level aggregate; do not use for individual micro-targeting.
MEDNG,RF,Unweighted,Raw,0.1099999999999999,Insurance,Insured,5927,314,5613,201.0,473.0,0.6401273885350318,0.08426866203456262,1.0,0.5754257907542579,PASS,Group-level aggregate; do not use for individual micro-targeting.
MEDNG,RF,Unweighted,Raw,0.1099999999999999,Sex,Male,2958,179,2779,85.0,365.0,0.4748603351955307,0.13134220942785174,0.4228855721393035,0.4440389294403893,PASS,Group-level aggregate; do not use for individual micro-targeting.
MEDNG,RF,Unweighted,Raw,0.1099999999999999,Sex,Female,3458,259,3199,116.0,456.0,0.44787644787644787,0.14254454517036574,0.5771144278606966,0.5547445255474452,PASS,Group-level aggregate; do not use for individual micro-targeting.
MEDNG,RF,Unweighted,Raw,0.1099999999999999,Age,18-34,1295,114,1181,42.0,274.0,0.3684210526315789,0.23200677392040644,0.208955223880597,0.3333333333333333,PASS,Group-level aggregate; do not use for individual micro-targeting.
MEDNG,RF,Unweighted,Raw,0.1099999999999999,Age,35-49,1422,131,1291,55.0,241.0,0.4198473282442748,0.18667699457784662,0.2736318407960199,0.29318734793187345,PASS,Group-level aggregate; do not use for individual micro-targeting.
MEDNG,RF,Unweighted,Raw,0.1099999999999999,Age,50-64,1524,146,1378,72.0,218.0,0.4931506849315068,0.15820029027576196,0.3582089552238806,0.26520681265206814,PASS,Group-level aggregate; do not use for individual micro-targeting.
MEDNG,RF,Unweighted,Raw,0.1099999999999999,Age,65-74,1166,34,1132,23.0,61.0,0.6764705882352942,0.053886925795053005,0.11442786069651742,0.07420924574209246,PASS,Group-level aggregate; do not use for individual micro-targeting.
MEDNG,RF,WTFA_A,Raw,0.1099999999999999,Race_ethnicity,Hispanic,935,81,854,175085.09600000002,2629827.575,0.19798372606439157,0.32113692691846274,0.11819092567799139,0.35354958489687527,PASS,Group-level aggregate; do not use for individual micro-targeting.
MEDNG,RF,WTFA_A,Raw,0.1099999999999999,Race_ethnicity,NH White,4242,278,3964,1081999.376,3030537.7960000006,0.5278018072046738,0.10735497803139521,0.7304020202407693,0.40742039135021674,PASS,Group-level aggregate; do not use for individual micro-targeting.
MEDNG,RF,WTFA_A,Raw,0.1099999999999999,Race_ethnicity,NH Black,670,46,624,152818.98699999996,1216883.91,0.4024540415414065,0.211647541178268,0.10316022292784376,0.1635958210105035,PASS,Group-level aggregate; do not use for individual micro-targeting.
MEDNG,RF,WTFA_A,Raw,0.1099999999999999,Poverty,<100% FPL,697,80,617,179349.19499999995,1726149.6,0.30131352909479775,0.37476166434107294,0.12106939917177517,0.2320606416753035,PASS,Group-level aggregate; do not use for individual micro-targeting.
MEDNG,RF,WTFA_A,Raw,0.1099999999999999,Poverty,100-199% FPL,1156,121,1035,244970.127,2237525.2630000003,0.24018475110897242,0.2951297312133624,0.1653667087322219,0.30080912355249056,PASS,Group-level aggregate; do not use for individual micro-targeting.
MEDNG,RF,WTFA_A,Raw,0.1099999999999999,Poverty,>=200% FPL,4564,237,4327,1057055.792,3474680.8510000003,0.5450742450015117,0.10069215121507644,0.7135638920960028,0.46713023477220605,PASS,Group-level aggregate; do not use for individual micro-targeting.
MEDNG,RF,WTFA_A,Raw,0.1099999999999999,Insurance,Uninsured,471,122,349,0.0,3435435.984,0.0,0.9748966276745208,0.0,0.4618542210254937,PASS,Group-level aggregate; do not use for individual micro-targeting.
MEDNG,RF,WTFA_A,Raw,0.1099999999999999,Insurance,Insured,5927,314,5613,1481375.114,3939787.185,0.6412700822306336,0.09156585145486874,1.0,0.5296583460757037,PASS,Group-level aggregate; do not use for individual micro-targeting.
MEDNG,RF,WTFA_A,Raw,0.1099999999999999,Sex,Male,2958,179,2779,588204.368,3571475.143,0.3915013027784681,0.1542088733601912,0.39706645699733284,0.48014309617890377,PASS,Group-level aggregate; do not use for individual micro-targeting.
MEDNG,RF,WTFA_A,Raw,0.1099999999999999,Sex,Female,3458,259,3199,893170.746,3862268.8159999996,0.43526770916898827,0.1641363561710127,0.6029335430026672,0.519236907255011,PASS,Group-level aggregate; do not use for individual micro-targeting.
MEDNG,RF,WTFA_A,Raw,0.1099999999999999,Age,18-34,1295,114,1181,409990.05199999997,2940520.692,0.352672319084792,0.22697783050941567,0.27676315615492375,0.39531864367087727,PASS,Group-level aggregate; do not use for individual micro-targeting.
MEDNG,RF,WTFA_A,Raw,0.1099999999999999,Age,35-49,1422,131,1291,459907.7089999999,2310589.0640000002,0.40313384970907273,0.20225673338193262,0.31045999399717195,0.310631697762337,PASS,Group-level aggregate; do not use for individual micro-targeting.
MEDNG,RF,WTFA_A,Raw,0.1099999999999999,Age,50-64,1524,146,1378,462069.23199999996,1687633.7719999999,0.45605300357943024,0.15757991926747683,0.31191912678506084,0.22688263870248138,PASS,Group-level aggregate; do not use for individual micro-targeting.
MEDNG,RF,WTFA_A,Raw,0.1099999999999999,Age,65-74,1166,34,1132,122227.02799999999,333138.6390000001,0.6594649238140058,0.05383962541215096,0.08250916789736214,0.04478659690514501,PASS,Group-level aggregate; do not use for individual micro-targeting.
MEDNG,XGBoost,Unweighted,Raw,0.1849999999999999,Race_ethnicity,Hispanic,935,81,854,40.0,105.0,0.49382716049382713,0.12295081967213115,0.1520912547528517,0.2777777777777778,PASS,Group-level aggregate; do not use for individual micro-targeting.
MEDNG,XGBoost,Unweighted,Raw,0.1849999999999999,Race_ethnicity,NH White,4242,278,3964,175.0,199.0,0.6294964028776978,0.05020181634712412,0.6653992395437263,0.5264550264550265,PASS,Group-level aggregate; do not use for individual micro-targeting.
MEDNG,XGBoost,Unweighted,Raw,0.1849999999999999,Race_ethnicity,NH Black,670,46,624,29.0,50.0,0.6304347826086957,0.08012820512820513,0.11026615969581749,0.13227513227513227,PASS,Group-level aggregate; do not use for individual micro-targeting.
MEDNG,XGBoost,Unweighted,Raw,0.1849999999999999,Poverty,<100% FPL,697,80,617,46.0,70.0,0.575,0.11345218800648298,0.17490494296577946,0.18518518518518517,PASS,Group-level aggregate; do not use for individual micro-targeting.
MEDNG,XGBoost,Unweighted,Raw,0.1849999999999999,Poverty,100-199% FPL,1156,121,1035,61.0,125.0,0.5041322314049587,0.12077294685990338,0.23193916349809887,0.3306878306878307,PASS,Group-level aggregate; do not use for individual micro-targeting.
MEDNG,XGBoost,Unweighted,Raw,0.1849999999999999,Poverty,>=200% FPL,4564,237,4327,156.0,183.0,0.6582278481012658,0.042292581465218394,0.5931558935361216,0.48412698412698413,PASS,Group-level aggregate; do not use for individual micro-targeting.
MEDNG,XGBoost,Unweighted,Raw,0.1849999999999999,Insurance,Uninsured,471,122,349,29.0,149.0,0.23770491803278687,0.4269340974212034,0.11026615969581749,0.3941798941798942,PASS,Group-level aggregate; do not use for individual micro-targeting.
MEDNG,XGBoost,Unweighted,Raw,0.1849999999999999,Insurance,Insured,5927,314,5613,233.0,225.0,0.7420382165605095,0.04008551576696953,0.8859315589353612,0.5952380952380952,PASS,Group-level aggregate; do not use for individual micro-targeting.
MEDNG,XGBoost,Unweighted,Raw,0.1849999999999999,Sex,Male,2958,179,2779,114.0,142.0,0.6368715083798883,0.05109751709247931,0.43346007604562736,0.37566137566137564,PASS,Group-level aggregate; do not use for individual micro-targeting.
MEDNG,XGBoost,Unweighted,Raw,0.1849999999999999,Sex,Female,3458,259,3199,149.0,236.0,0.5752895752895753,0.07377305407939981,0.5665399239543726,0.6243386243386243,PASS,Group-level aggregate; do not use for individual micro-targeting.
MEDNG,XGBoost,Unweighted,Raw,0.1849999999999999,Age,18-34,1295,114,1181,61.0,113.0,0.5350877192982456,0.09568162574089754,0.23193916349809887,0.29894179894179895,PASS,Group-level aggregate; do not use for individual micro-targeting.
MEDNG,XGBoost,Unweighted,Raw,0.1849999999999999,Age,35-49,1422,131,1291,63.0,140.0,0.48091603053435117,0.10844306738962045,0.23954372623574144,0.37037037037037035,PASS,Group-level aggregate; do not use for individual micro-targeting.
MEDNG,XGBoost,Unweighted,Raw,0.1849999999999999,Age,50-64,1524,146,1378,94.0,110.0,0.6438356164383562,0.07982583454281568,0.3574144486692015,0.291005291005291,PASS,Group-level aggregate; do not use for individual micro-targeting.
MEDNG,XGBoost,Unweighted,Raw,0.1849999999999999,Age,65-74,1166,34,1132,32.0,12.0,0.9411764705882353,0.01060070671378092,0.12167300380228137,0.031746031746031744,PASS,Group-level aggregate; do not use for individual micro-targeting.
MEDNG,XGBoost,WTFA_A,Raw,0.1849999999999999,Race_ethnicity,Hispanic,935,81,854,403368.23699999996,1058618.329,0.4561230416624643,0.12927137892476395,0.20190847677649232,0.30613558124827434,PASS,Group-level aggregate; do not use for individual micro-targeting.
MEDNG,XGBoost,WTFA_A,Raw,0.1849999999999999,Race_ethnicity,NH White,4242,278,3964,1253549.2110000001,1617823.8220000002,0.6114842149278589,0.057310435493898,0.627471844684151,0.467848914512111,PASS,Group-level aggregate; do not use for individual micro-targeting.
MEDNG,XGBoost,WTFA_A,Raw,0.1849999999999999,Race_ethnicity,NH Black,670,46,624,217795.92299999998,607141.696,0.5735730301797576,0.10559762196642364,0.10901910221815558,0.175575720647685,PASS,Group-level aggregate; do not use for individual micro-targeting.
MEDNG,XGBoost,WTFA_A,Raw,0.1849999999999999,Poverty,<100% FPL,697,80,617,300642.06700000004,555107.2760000001,0.5050902079717986,0.12051848034585144,0.15048825424225498,0.1605281940979942,PASS,Group-level aggregate; do not use for individual micro-targeting.
MEDNG,XGBoost,WTFA_A,Raw,0.1849999999999999,Poverty,100-199% FPL,1156,121,1035,458175.2609999999,1086936.3149999997,0.4492250233742722,0.14336697234063472,0.22934247310400346,0.3143246923437525,PASS,Group-level aggregate; do not use for individual micro-targeting.
MEDNG,XGBoost,WTFA_A,Raw,0.1849999999999999,Poverty,>=200% FPL,4564,237,4327,1238960.296,1815961.273,0.638873892031093,0.05262441500174448,0.6201692726537417,0.5251471135582533,PASS,Group-level aggregate; do not use for individual micro-targeting.
MEDNG,XGBoost,WTFA_A,Raw,0.1849999999999999,Insurance,Uninsured,471,122,349,307032.018,1455650.698,0.2525124232943555,0.41307972646311497,0.15368678391003943,0.4209510267478907,PASS,Group-level aggregate; do not use for individual micro-targeting.
MEDNG,XGBoost,WTFA_A,Raw,0.1849999999999999,Insurance,Insured,5927,314,5613,1666592.4219999998,1970127.923,0.7214485037588465,0.04578837187737771,0.8342231897978251,0.5697296564010847,PASS,Group-level aggregate; do not use for individual micro-targeting.
MEDNG,XGBoost,WTFA_A,Raw,0.1849999999999999,Sex,Male,2958,179,2779,845151.7519999999,1424343.566,0.5625221945878252,0.06150019468039657,0.423045959593749,0.4118975021777182,PASS,Group-level aggregate; do not use for individual micro-targeting.
MEDNG,XGBoost,WTFA_A,Raw,0.1849999999999999,Sex,Female,3458,259,3199,1152625.872,2033661.2980000002,0.5617076299029922,0.08642530363420775,0.576954040406251,0.5881024978222819,PASS,Group-level aggregate; do not use for individual micro-targeting.
MEDNG,XGBoost,WTFA_A,Raw,0.1849999999999999,Age,18-34,1295,114,1181,626159.836,1130091.293,0.5386209748325139,0.0872313773069414,0.3134281956498678,0.3268044255128035,PASS,Group-level aggregate; do not use for individual micro-targeting.
MEDNG,XGBoost,WTFA_A,Raw,0.1849999999999999,Age,35-49,1422,131,1291,530759.499,1378243.2110000001,0.4652392554296774,0.1206441136616951,0.26567496433226645,0.39856601283253723,PASS,Group-level aggregate; do not use for individual micro-targeting.
MEDNG,XGBoost,WTFA_A,Raw,0.1849999999999999,Age,50-64,1524,146,1378,611770.544,857176.2720000002,0.6038051763044504,0.08003736947008477,0.3062255461521778,0.24788174271347704,PASS,Group-level aggregate; do not use for individual micro-targeting.
MEDNG,XGBoost,WTFA_A,Raw,0.1849999999999999,Age,65-74,1166,34,1132,176541.805,73906.914,0.9525154124201732,0.011944338180261508,0.08836909718035765,0.021372703887555897,PASS,Group-level aggregate; do not use for individual micro-targeting.
MEDDL,LR,Unweighted,Platt,0.1599999999999999,Race_ethnicity,Hispanic,935,92,843,48.0,124.0,0.5217391304347826,0.14709371293001186,0.1605351170568562,0.2672413793103448,PASS,Group-level aggregate; do not use for individual micro-targeting.
MEDDL,LR,Unweighted,Platt,0.1599999999999999,Race_ethnicity,NH White,4243,339,3904,202.0,258.0,0.5958702064896755,0.06608606557377049,0.6755852842809364,0.5560344827586207,PASS,Group-level aggregate; do not use for individual micro-targeting.
MEDDL,LR,Unweighted,Platt,0.1599999999999999,Race_ethnicity,NH Black,671,56,615,27.0,48.0,0.48214285714285715,0.07804878048780488,0.0903010033444816,0.10344827586206896,PASS,Group-level aggregate; do not use for individual micro-targeting.
MEDDL,LR,Unweighted,Platt,0.1599999999999999,Poverty,<100% FPL,697,82,615,46.0,81.0,0.5609756097560976,0.13170731707317074,0.15384615384615385,0.17456896551724138,PASS,Group-level aggregate; do not use for individual micro-targeting.
MEDDL,LR,Unweighted,Platt,0.1599999999999999,Poverty,100-199% FPL,1155,129,1026,59.0,149.0,0.4573643410852713,0.145224171539961,0.19732441471571907,0.32112068965517243,PASS,Group-level aggregate; do not use for individual micro-targeting.
MEDDL,LR,Unweighted,Platt,0.1599999999999999,Poverty,>=200% FPL,4567,312,4255,194.0,234.0,0.6217948717948718,0.05499412455934195,0.6488294314381271,0.5043103448275862,PASS,Group-level aggregate; do not use for individual micro-targeting.
MEDDL,LR,Unweighted,Platt,0.1599999999999999,Insurance,Uninsured,472,134,338,22.0,186.0,0.16417910447761194,0.5502958579881657,0.07357859531772576,0.40086206896551724,PASS,Group-level aggregate; do not use for individual micro-targeting.
MEDDL,LR,Unweighted,Platt,0.1599999999999999,Insurance,Insured,5928,387,5541,276.0,275.0,0.7131782945736435,0.0496300306803826,0.9230769230769231,0.5926724137931034,PASS,Group-level aggregate; do not use for individual micro-targeting.
MEDDL,LR,Unweighted,Platt,0.1599999999999999,Sex,Male,2958,195,2763,117.0,181.0,0.6,0.06550850524791893,0.391304347826087,0.3900862068965517,PASS,Group-level aggregate; do not use for individual micro-targeting.
MEDDL,LR,Unweighted,Platt,0.1599999999999999,Sex,Female,3460,328,3132,182.0,282.0,0.5548780487804879,0.09003831417624521,0.6086956521739131,0.6077586206896551,PASS,Group-level aggregate; do not use for individual micro-targeting.
MEDDL,LR,Unweighted,Platt,0.1599999999999999,Age,18-34,1296,163,1133,67.0,190.0,0.4110429447852761,0.1676963812886143,0.22408026755852842,0.40948275862068967,PASS,Group-level aggregate; do not use for individual micro-targeting.
MEDDL,LR,Unweighted,Platt,0.1599999999999999,Age,35-49,1424,142,1282,74.0,147.0,0.5211267605633803,0.11466458658346333,0.24749163879598662,0.3168103448275862,PASS,Group-level aggregate; do not use for individual micro-targeting.
MEDDL,LR,Unweighted,Platt,0.1599999999999999,Age,50-64,1524,171,1353,116.0,98.0,0.6783625730994152,0.07243163340724317,0.3879598662207358,0.21120689655172414,PASS,Group-level aggregate; do not use for individual micro-targeting.
MEDDL,LR,Unweighted,Platt,0.1599999999999999,Age,65-74,1165,31,1134,27.0,23.0,0.8709677419354839,0.020282186948853614,0.0903010033444816,0.04956896551724138,PASS,Group-level aggregate; do not use for individual micro-targeting.
MEDDL,LR,WTFA_A,Platt,0.1599999999999999,Race_ethnicity,Hispanic,935,92,843,513965.02099999995,1322854.7030000002,0.5229305071428821,0.16337949499686447,0.21516764895959878,0.31957570572993454,PASS,Group-level aggregate; do not use for individual micro-targeting.
MEDDL,LR,WTFA_A,Platt,0.1599999999999999,Race_ethnicity,NH White,4243,339,3904,1481046.369,2004899.326,0.5621362124950007,0.07250214216454794,0.6200290918589194,0.4843442863157134,PASS,Group-level aggregate; do not use for individual micro-targeting.
MEDDL,LR,WTFA_A,Platt,0.1599999999999999,Race_ethnicity,NH Black,671,56,615,227761.16799999998,534304.97,0.3970882928456886,0.09607566527215193,0.09535052589279651,0.12907758310533177,PASS,Group-level aggregate; do not use for individual micro-targeting.
MEDDL,LR,WTFA_A,Platt,0.1599999999999999,Poverty,<100% FPL,697,82,615,319445.025,655349.1909999999,0.4591286039736718,0.14545686710546704,0.13373329349798352,0.1583194887075717,PASS,Group-level aggregate; do not use for individual micro-targeting.
MEDDL,LR,WTFA_A,Platt,0.1599999999999999,Poverty,100-199% FPL,1155,129,1026,455983.388,1217041.1380000003,0.4140344170330216,0.1624071487779835,0.19089406779025248,0.294013227376123,PASS,Group-level aggregate; do not use for individual micro-targeting.
MEDDL,LR,WTFA_A,Platt,0.1599999999999999,Poverty,>=200% FPL,4567,312,4255,1613243.971,2267019.142,0.6049315801114571,0.06705756036098443,0.6753726387117639,0.5476672839163053,PASS,Group-level aggregate; do not use for individual micro-targeting.
MEDDL,LR,WTFA_A,Platt,0.1599999999999999,Insurance,Uninsured,472,134,338,205217.866,1879669.351,0.15627605378388384,0.547656126534446,0.0859129394950128,0.4540911847858117,PASS,Group-level aggregate; do not use for individual micro-targeting.
MEDDL,LR,WTFA_A,Platt,0.1599999999999999,Insurance,Insured,5928,387,5541,2159301.334,2235317.1489999997,0.6915820573488114,0.05293280032179993,0.9039755089327477,0.5400087052658723,PASS,Group-level aggregate; do not use for individual micro-targeting.
MEDDL,LR,WTFA_A,Platt,0.1599999999999999,Sex,Male,2958,195,2763,968967.1540000001,1793759.2650000001,0.5418389084064749,0.0784187099822406,0.40565092161253036,0.4333369959089027,PASS,Group-level aggregate; do not use for individual micro-targeting.
MEDDL,LR,WTFA_A,Platt,0.1599999999999999,Sex,Female,3460,328,3132,1419705.23,2341038.451,0.5306103093623564,0.10210592819385633,0.5943490783874696,0.5655488946916022,PASS,Group-level aggregate; do not use for individual micro-targeting.
MEDDL,LR,WTFA_A,Platt,0.1599999999999999,Age,18-34,1296,163,1133,621816.516,1960546.0720000002,0.38458068140541773,0.15667680381883153,0.2603188784552884,0.47362941157072114,PASS,Group-level aggregate; do not use for individual micro-targeting.
MEDDL,LR,WTFA_A,Platt,0.1599999999999999,Age,35-49,1424,142,1282,661326.309,1336522.154,0.5139156160442663,0.11835894548319013,0.27685936063469807,0.32287749336311067,PASS,Group-level aggregate; do not use for individual micro-targeting.
MEDDL,LR,WTFA_A,Platt,0.1599999999999999,Age,50-64,1524,171,1353,887341.3150000001,679010.898,0.6836749316248649,0.06513298230345149,0.37147886874050284,0.16403569223026498,PASS,Group-level aggregate; do not use for individual micro-targeting.
MEDDL,LR,WTFA_A,Platt,0.1599999999999999,Age,65-74,1165,31,1134,152227.834,116169.30899999998,0.7900055501494931,0.018816123446176333,0.0637290551101377,0.028064222641867743,PASS,Group-level aggregate; do not use for individual micro-targeting.
MEDDL,RF,Unweighted,Platt,0.0799999999999999,Race_ethnicity,Hispanic,935,92,843,23.0,325.0,0.25,0.38552787663107946,0.13450292397660818,0.2402069475240207,PASS,Group-level aggregate; do not use for individual micro-targeting.
MEDDL,RF,Unweighted,Platt,0.0799999999999999,Race_ethnicity,NH White,4243,339,3904,121.0,725.0,0.35693215339233036,0.18570696721311475,0.7076023391812866,0.5358462675535847,PASS,Group-level aggregate; do not use for individual micro-targeting.
MEDDL,RF,Unweighted,Platt,0.0799999999999999,Race_ethnicity,NH Black,671,56,615,13.0,184.0,0.23214285714285715,0.2991869918699187,0.07602339181286549,0.1359940872135994,PASS,Group-level aggregate; do not use for individual micro-targeting.
MEDDL,RF,Unweighted,Platt,0.0799999999999999,Poverty,<100% FPL,697,82,615,19.0,287.0,0.23170731707317074,0.4666666666666667,0.1111111111111111,0.21212121212121213,PASS,Group-level aggregate; do not use for individual micro-targeting.
MEDDL,RF,Unweighted,Platt,0.0799999999999999,Poverty,100-199% FPL,1155,129,1026,25.0,372.0,0.1937984496124031,0.36257309941520466,0.14619883040935672,0.2749445676274945,PASS,Group-level aggregate; do not use for individual micro-targeting.
MEDDL,RF,Unweighted,Platt,0.0799999999999999,Poverty,>=200% FPL,4567,312,4255,127.0,694.0,0.40705128205128205,0.16310223266745005,0.7426900584795322,0.5129342202512934,PASS,Group-level aggregate; do not use for individual micro-targeting.
MEDDL,RF,Unweighted,Platt,0.0799999999999999,Insurance,Uninsured,472,134,338,0.0,338.0,0.0,1.0,0.0,0.24981522542498152,PASS,Group-level aggregate; do not use for individual micro-targeting.
MEDDL,RF,Unweighted,Platt,0.0799999999999999,Insurance,Insured,5928,387,5541,171.0,999.0,0.4418604651162791,0.18029236599891715,1.0,0.738359201773836,PASS,Group-level aggregate; do not use for individual micro-targeting.
MEDDL,RF,Unweighted,Platt,0.0799999999999999,Sex,Male,2958,195,2763,69.0,587.0,0.35384615384615387,0.2124502352515382,0.40350877192982454,0.43385070214338506,PASS,Group-level aggregate; do not use for individual micro-targeting.
MEDDL,RF,Unweighted,Platt,0.0799999999999999,Sex,Female,3460,328,3132,102.0,765.0,0.31097560975609756,0.2442528735632184,0.5964912280701754,0.565410199556541,PASS,Group-level aggregate; do not use for individual micro-targeting.
MEDDL,RF,Unweighted,Platt,0.0799999999999999,Age,18-34,1296,163,1133,41.0,372.0,0.25153374233128833,0.3283318623124448,0.23976608187134502,0.2749445676274945,PASS,Group-level aggregate; do not use for individual micro-targeting.
MEDDL,RF,Unweighted,Platt,0.0799999999999999,Age,35-49,1424,142,1282,46.0,426.0,0.323943661971831,0.33229329173166927,0.26900584795321636,0.3148558758314856,PASS,Group-level aggregate; do not use for individual micro-targeting.
MEDDL,RF,Unweighted,Platt,0.0799999999999999,Age,50-64,1524,171,1353,56.0,408.0,0.32748538011695905,0.30155210643015523,0.32748538011695905,0.30155210643015523,PASS,Group-level aggregate; do not use for individual micro-targeting.
MEDDL,RF,Unweighted,Platt,0.0799999999999999,Age,65-74,1165,31,1134,16.0,104.0,0.5161290322580645,0.09171075837742504,0.0935672514619883,0.07686622320768663,PASS,Group-level aggregate; do not use for individual micro-targeting.
MEDDL,RF,WTFA_A,Platt,0.0799999999999999,Race_ethnicity,Hispanic,935,92,843,259007.27300000002,3394606.525,0.2635253355569988,0.4192517126104671,0.19245666121225874,0.29048891082865225,PASS,Group-level aggregate; do not use for individual micro-targeting.
MEDDL,RF,WTFA_A,Platt,0.0799999999999999,Race_ethnicity,NH White,4243,339,3904,893772.2440000001,5421187.325999999,0.33923431068167836,0.1960436063363201,0.6641219760822248,0.463910850971994,PASS,Group-level aggregate; do not use for individual micro-targeting.
MEDDL,RF,WTFA_A,Platt,0.0799999999999999,Race_ethnicity,NH Black,671,56,615,105914.14,1784783.3679999998,0.1846551166299747,0.3209295422561238,0.07870003619383978,0.15273044837955513,PASS,Group-level aggregate; do not use for individual micro-targeting.
MEDDL,RF,WTFA_A,Platt,0.0799999999999999,Poverty,<100% FPL,697,82,615,121542.992,2154051.4560000002,0.1746900401399056,0.47809866965065023,0.09031313353918163,0.18433007086802575,PASS,Group-level aggregate; do not use for individual micro-targeting.
MEDDL,RF,WTFA_A,Platt,0.0799999999999999,Poverty,100-199% FPL,1155,129,1026,215646.569,3123421.3,0.19580779438633028,0.4168026305166872,0.1602372712970843,0.26728259809021987,PASS,Group-level aggregate; do not use for individual micro-targeting.
MEDDL,RF,WTFA_A,Platt,0.0799999999999999,Poverty,>=200% FPL,4567,312,4255,1008605.754,6408365.837,0.3782053325130496,0.18955701386393412,0.7494495951637341,0.5483873310417544,PASS,Group-level aggregate; do not use for individual micro-targeting.
MEDDL,RF,WTFA_A,Platt,0.0799999999999999,Insurance,Uninsured,472,134,338,0.0,3432207.292,0.0,1.0,0.0,0.2937065461485961,PASS,Group-level aggregate; do not use for individual micro-targeting.
MEDDL,RF,WTFA_A,Platt,0.0799999999999999,Insurance,Insured,5928,387,5541,1345795.315,8112499.067,0.4310319630072028,0.1921057570807816,1.0,0.6942162517852603,PASS,Group-level aggregate; do not use for individual micro-targeting.
MEDDL,RF,WTFA_A,Platt,0.0799999999999999,Sex,Male,2958,195,2763,593740.519,5475297.06,0.33201508778042005,0.23936641922502042,0.44118188879265047,0.4685412190512188,PASS,Group-level aggregate; do not use for individual micro-targeting.
MEDDL,RF,WTFA_A,Platt,0.0799999999999999,Sex,Female,3460,328,3132,752054.796,6205929.778,0.28107808545792556,0.2706756995033153,0.5588181112073496,0.5310641361859515,PASS,Group-level aggregate; do not use for individual micro-targeting.
MEDDL,RF,WTFA_A,Platt,0.0799999999999999,Age,18-34,1296,163,1133,395448.176,3943865.7309999997,0.24457653515689115,0.315173556106923,0.29383976269823764,0.3374910323819154,PASS,Group-level aggregate; do not use for individual micro-targeting.
MEDDL,RF,WTFA_A,Platt,0.0799999999999999,Age,35-49,1424,142,1282,359619.182,3893117.119,0.27945949063832737,0.3447643837914229,0.2672168479052849,0.3331482878201003,PASS,Group-level aggregate; do not use for individual micro-targeting.
MEDDL,RF,WTFA_A,Platt,0.0799999999999999,Age,50-64,1524,171,1353,453709.192,3108889.3159999996,0.34957191283060307,0.2982149968415049,0.33713090463537543,0.26603904300563186,PASS,Group-level aggregate; do not use for individual micro-targeting.
MEDDL,RF,WTFA_A,Platt,0.0799999999999999,Age,65-74,1165,31,1134,88475.687,484894.72199999995,0.45915574009474086,0.0785391513997157,0.06574230569378971,0.041494216965349794,PASS,Group-level aggregate; do not use for individual micro-targeting.
MEDDL,XGBoost,Unweighted,Platt,0.1399999999999999,Race_ethnicity,Hispanic,935,92,843,40.0,162.0,0.43478260869565216,0.19217081850533807,0.1593625498007968,0.23858615611192932,PASS,Group-level aggregate; do not use for individual micro-targeting.
MEDDL,XGBoost,Unweighted,Platt,0.1399999999999999,Race_ethnicity,NH White,4243,339,3904,164.0,405.0,0.4837758112094395,0.10373975409836066,0.6533864541832669,0.5964653902798233,PASS,Group-level aggregate; do not use for individual micro-targeting.
MEDDL,XGBoost,Unweighted,Platt,0.1399999999999999,Race_ethnicity,NH Black,671,56,615,27.0,65.0,0.48214285714285715,0.10569105691056911,0.10756972111553785,0.09572901325478646,PASS,Group-level aggregate; do not use for individual micro-targeting.
MEDDL,XGBoost,Unweighted,Platt,0.1399999999999999,Poverty,<100% FPL,697,82,615,37.0,115.0,0.45121951219512196,0.18699186991869918,0.14741035856573706,0.16936671575846834,PASS,Group-level aggregate; do not use for individual micro-targeting.
MEDDL,XGBoost,Unweighted,Platt,0.1399999999999999,Poverty,100-199% FPL,1155,129,1026,47.0,188.0,0.3643410852713178,0.18323586744639375,0.18725099601593626,0.2768777614138439,PASS,Group-level aggregate; do not use for individual micro-targeting.
MEDDL,XGBoost,Unweighted,Platt,0.1399999999999999,Poverty,>=200% FPL,4567,312,4255,167.0,376.0,0.5352564102564102,0.08836662749706228,0.6653386454183267,0.5537555228276878,PASS,Group-level aggregate; do not use for individual micro-targeting.
MEDDL,XGBoost,Unweighted,Platt,0.1399999999999999,Insurance,Uninsured,472,134,338,10.0,222.0,0.07462686567164178,0.6568047337278107,0.0398406374501992,0.3269513991163476,PASS,Group-level aggregate; do not use for individual micro-targeting.
MEDDL,XGBoost,Unweighted,Platt,0.1399999999999999,Insurance,Insured,5928,387,5541,240.0,454.0,0.6201550387596899,0.08193466883234073,0.9561752988047809,0.6686303387334315,PASS,Group-level aggregate; do not use for individual micro-targeting.
MEDDL,XGBoost,Unweighted,Platt,0.1399999999999999,Sex,Male,2958,195,2763,92.0,267.0,0.4717948717948718,0.09663409337676439,0.3665338645418327,0.39322533136966126,PASS,Group-level aggregate; do not use for individual micro-targeting.
MEDDL,XGBoost,Unweighted,Platt,0.1399999999999999,Sex,Female,3460,328,3132,159.0,411.0,0.4847560975609756,0.13122605363984674,0.6334661354581673,0.605301914580265,PASS,Group-level aggregate; do not use for individual micro-targeting.
MEDDL,XGBoost,Unweighted,Platt,0.1399999999999999,Age,18-34,1296,163,1133,63.0,204.0,0.38650306748466257,0.18005295675198588,0.250996015936255,0.3004418262150221,PASS,Group-level aggregate; do not use for individual micro-targeting.
MEDDL,XGBoost,Unweighted,Platt,0.1399999999999999,Age,35-49,1424,142,1282,66.0,233.0,0.4647887323943662,0.18174726989079562,0.26294820717131473,0.3431516936671576,PASS,Group-level aggregate; do not use for individual micro-targeting.
MEDDL,XGBoost,Unweighted,Platt,0.1399999999999999,Age,50-64,1524,171,1353,89.0,197.0,0.52046783625731,0.14560236511456023,0.3545816733067729,0.29013254786450665,PASS,Group-level aggregate; do not use for individual micro-targeting.
MEDDL,XGBoost,Unweighted,Platt,0.1399999999999999,Age,65-74,1165,31,1134,19.0,39.0,0.6129032258064516,0.03439153439153439,0.07569721115537849,0.05743740795287187,PASS,Group-level aggregate; do not use for individual micro-targeting.
MEDDL,XGBoost,WTFA_A,Platt,0.1399999999999999,Race_ethnicity,Hispanic,935,92,843,414996.803,1672104.6090000002,0.4222359105941273,0.20651369041574136,0.19889665071980434,0.29055783568812465,PASS,Group-level aggregate; do not use for individual micro-targeting.
MEDDL,XGBoost,WTFA_A,Platt,0.1399999999999999,Race_ethnicity,NH White,4243,339,3904,1272620.878,3048913.6399999997,0.4830276048575103,0.11025629432263538,0.6099324824685377,0.5298028267311605,PASS,Group-level aggregate; do not use for individual micro-targeting.
MEDDL,XGBoost,WTFA_A,Platt,0.1399999999999999,Race_ethnicity,NH Black,671,56,615,257315.98299999998,656790.1950000001,0.44861538649722865,0.118100258226779,0.1233245336479715,0.11412894655826007,PASS,Group-level aggregate; do not use for individual micro-targeting.
MEDDL,XGBoost,WTFA_A,Platt,0.1399999999999999,Poverty,<100% FPL,697,82,615,304311.454,890423.1059999999,0.43737758335168386,0.19763228089050805,0.14584818133231212,0.15472680903665734,PASS,Group-level aggregate; do not use for individual micro-targeting.
MEDDL,XGBoost,WTFA_A,Platt,0.1399999999999999,Poverty,100-199% FPL,1155,129,1026,380647.476,1440240.173,0.34562916099204716,0.19219177786941796,0.18243395499446077,0.2502672771102745,PASS,Group-level aggregate; do not use for individual micro-targeting.
MEDDL,XGBoost,WTFA_A,Platt,0.1399999999999999,Poverty,>=200% FPL,4567,312,4255,1401535.747,3424144.899,0.5255455772692929,0.10128489830345219,0.671717863673227,0.5950059138530681,PASS,Group-level aggregate; do not use for individual micro-targeting.
MEDDL,XGBoost,WTFA_A,Platt,0.1399999999999999,Insurance,Uninsured,472,134,338,111728.13,2244439.693,0.08508241311237866,0.6539347720143472,0.05354824588416622,0.39001120864119265,PASS,Group-level aggregate; do not use for individual micro-targeting.
MEDDL,XGBoost,WTFA_A,Platt,0.1399999999999999,Insurance,Insured,5928,387,5541,1950613.3630000001,3493394.4110000003,0.6247433748288621,0.08272434579830394,0.9348757916816866,0.607039244914342,PASS,Group-level aggregate; do not use for individual micro-targeting.
MEDDL,XGBoost,WTFA_A,Platt,0.1399999999999999,Sex,Male,2958,195,2763,775442.4230000001,2501408.57,0.43362138156686364,0.10935538398343611,0.37164840703784835,0.4346641091466107,PASS,Group-level aggregate; do not use for individual micro-targeting.
MEDDL,XGBoost,WTFA_A,Platt,0.1399999999999999,Sex,Female,3460,328,3132,1311052.254,3248787.853,0.49000160553409716,0.14169801401330792,0.6283515929621515,0.5645345166186007,PASS,Group-level aggregate; do not use for individual micro-targeting.
MEDDL,XGBoost,WTFA_A,Platt,0.1399999999999999,Age,18-34,1296,163,1133,641264.639,2078286.6440000003,0.3966089440889332,0.16608602748575743,0.3073406541932912,0.3611391691464299,PASS,Group-level aggregate; do not use for individual micro-targeting.
MEDDL,XGBoost,WTFA_A,Platt,0.1399999999999999,Age,35-49,1424,142,1282,590792.624,1992653.7159999998,0.45910400234412657,0.17646425974538707,0.28315079377506597,0.3462589289453115,PASS,Group-level aggregate; do not use for individual micro-targeting.
MEDDL,XGBoost,WTFA_A,Platt,0.1399999999999999,Age,50-64,1524,171,1353,679477.2699999999,1456650.204,0.5235207335160539,0.13972672933365937,0.3256549261735786,0.2531188110784672,PASS,Group-level aggregate; do not use for individual micro-targeting.
MEDDL,XGBoost,WTFA_A,Platt,0.1399999999999999,Age,65-74,1165,31,1134,117474.889,192395.56000000003,0.6096507575164974,0.031162607737093683,0.05630251075881368,0.033432141271972735,PASS,Group-level aggregate; do not use for individual micro-targeting.
