Outcome,Model,Comparison,Metric,Before,After,Absolute_delta
MEDDL,LR,Evaluation_weighting_effect,AUROC,0.7844607680353665,0.7803025392116243,-0.004158228823742172
MEDDL,LR,Evaluation_weighting_effect,AUPRC,0.3167882812401599,0.33654982288707114,0.01976154164691124
MEDDL,LR,Evaluation_weighting_effect,Recall,0.42829827915869984,0.46489137626575255,0.03659309710705272
MEDDL,LR,Evaluation_weighting_effect,Precision,0.32558139534883723,0.333925992755898,0.008344597407060783
MEDDL,LR,Evaluation_weighting_effect,F1,0.3699421965317919,0.38867285655875533,0.01873066002696344
MEDDL,LR,Evaluation_weighting_effect,Specificity,0.921302578018996,0.9096322759116767,-0.01167030210731923
MEDDL,LR,Evaluation_weighting_effect,Brier,0.06514695179923942,0.06977604686415412,0.004629095064914698
MEDDL,LR,Evaluation_weighting_effect,Observed_prevalence,0.08147686555538246,0.08879820015169453,0.007321334596312068
MEDDL,LR,Evaluation_weighting_effect,Mean_predicted_probability,0.08170657239235694,0.0874931155447167,0.005786543152359755
MEDDL,LR,Evaluation_weighting_effect,Predicted_positive_rate,0.10718180401931765,0.12362475031591819,0.016442946296600536
MEDDL,LR,Training_weighting_effect,AUROC,0.7803025392116243,0.7791668726410361,-0.0011356665705881674
MEDDL,LR,Training_weighting_effect,AUPRC,0.33654982288707114,0.3368401338554485,0.0002903109683773386
MEDDL,LR,Training_weighting_effect,Recall,0.46489137626575255,0.4458178324119997,-0.019073543853752872
MEDDL,LR,Training_weighting_effect,Precision,0.333925992755898,0.33832347245068933,0.0043974796947913175
MEDDL,LR,Training_weighting_effect,F1,0.38867285655875533,0.3847026963296601,-0.003970160229095243
MEDDL,LR,Training_weighting_effect,Specificity,0.9096322759116767,0.9150309760930592,0.005398700181382443
MEDDL,LR,Training_weighting_effect,Brier,0.06977604686415412,0.0702961080773429,0.0005200612131887883
MEDDL,LR,Training_weighting_effect,Observed_prevalence,0.08879820015169453,0.08879820015169453,0.0
MEDDL,LR,Training_weighting_effect,Mean_predicted_probability,0.0874931155447167,0.09001667426387522,0.0025235587191585196
MEDDL,LR,Training_weighting_effect,Predicted_positive_rate,0.12362475031591819,0.11701174862907347,-0.006613001686844713
MEDDL,LR,Combined_weighting_effect,AUROC,0.7844607680353665,0.7791668726410361,-0.005293895394330339
MEDDL,LR,Combined_weighting_effect,AUPRC,0.3167882812401599,0.3368401338554485,0.02005185261528858
MEDDL,LR,Combined_weighting_effect,Recall,0.42829827915869984,0.4458178324119997,0.017519553253299847
MEDDL,LR,Combined_weighting_effect,Precision,0.32558139534883723,0.33832347245068933,0.0127420771018521
MEDDL,LR,Combined_weighting_effect,F1,0.3699421965317919,0.3847026963296601,0.014760499797868198
MEDDL,LR,Combined_weighting_effect,Specificity,0.921302578018996,0.9150309760930592,-0.006271601925936787
MEDDL,LR,Combined_weighting_effect,Brier,0.06514695179923942,0.0702961080773429,0.005149156278103487
MEDDL,LR,Combined_weighting_effect,Observed_prevalence,0.08147686555538246,0.08879820015169453,0.007321334596312068
MEDDL,LR,Combined_weighting_effect,Mean_predicted_probability,0.08170657239235694,0.09001667426387522,0.008310101871518275
MEDDL,LR,Combined_weighting_effect,Predicted_positive_rate,0.10718180401931765,0.11701174862907347,0.009829944609755822
MEDDL,RF,Evaluation_weighting_effect,AUROC,0.7967178383244564,0.795102654229988,-0.0016151840944683693
MEDDL,RF,Evaluation_weighting_effect,AUPRC,0.3106561299405058,0.33856704548048844,0.02791091553998265
MEDDL,RF,Evaluation_weighting_effect,Recall,0.6730401529636711,0.6985159272316318,0.02547577426796066
MEDDL,RF,Evaluation_weighting_effect,Precision,0.2064516129032258,0.21062672960955686,0.004175116706331056
MEDDL,RF,Evaluation_weighting_effect,F1,0.31597845601436264,0.32365905224197655,0.007680596227613912
MEDDL,RF,Evaluation_weighting_effect,Specificity,0.7705223880597015,0.7448856787154742,-0.02563670934422735
MEDDL,RF,Evaluation_weighting_effect,Brier,0.06523875118375158,0.06968133673874348,0.0044425855549918986
MEDDL,RF,Evaluation_weighting_effect,Observed_prevalence,0.08147686555538246,0.08879820015169453,0.007321334596312068
MEDDL,RF,Evaluation_weighting_effect,Mean_predicted_probability,0.0811470363287839,0.08842404741132914,0.007277011082545248
MEDDL,RF,Evaluation_weighting_effect,Predicted_positive_rate,0.26561769746066366,0.2944875858369997,0.028869888376336028
MEDDL,RF,Training_weighting_effect,AUROC,0.795102654229988,0.795378930408112,0.00027627617812397975
MEDDL,RF,Training_weighting_effect,AUPRC,0.33856704548048844,0.338422614788405,-0.0001444306920834193
MEDDL,RF,Training_weighting_effect,Recall,0.6985159272316318,0.730764541408492,0.0322486141768602
MEDDL,RF,Training_weighting_effect,Precision,0.21062672960955686,0.2000114668432632,-0.010615262766293654
MEDDL,RF,Training_weighting_effect,F1,0.32365905224197655,0.3140632903048002,-0.009595761937176372
MEDDL,RF,Training_weighting_effect,Specificity,0.7448856787154742,0.7151633118974379,-0.029722366818036305
MEDDL,RF,Training_weighting_effect,Brier,0.06968133673874348,0.0699789944858589,0.0002976577471154179
MEDDL,RF,Training_weighting_effect,Observed_prevalence,0.08879820015169453,0.08879820015169453,0.0
MEDDL,RF,Training_weighting_effect,Mean_predicted_probability,0.08842404741132914,0.08989540615277326,0.0014713587414441204
MEDDL,RF,Training_weighting_effect,Predicted_positive_rate,0.2944875858369997,0.32443427887363757,0.029946693036637884
MEDDL,RF,Combined_weighting_effect,AUROC,0.7967178383244564,0.795378930408112,-0.0013389079163443895
MEDDL,RF,Combined_weighting_effect,AUPRC,0.3106561299405058,0.338422614788405,0.02776648484789923
MEDDL,RF,Combined_weighting_effect,Recall,0.6730401529636711,0.730764541408492,0.05772438844482086
MEDDL,RF,Combined_weighting_effect,Precision,0.2064516129032258,0.2000114668432632,-0.006440146059962598
MEDDL,RF,Combined_weighting_effect,F1,0.31597845601436264,0.3140632903048002,-0.0019151657095624608
MEDDL,RF,Combined_weighting_effect,Specificity,0.7705223880597015,0.7151633118974379,-0.055359076162263654
MEDDL,RF,Combined_weighting_effect,Brier,0.06523875118375158,0.0699789944858589,0.0047402433021073165
MEDDL,RF,Combined_weighting_effect,Observed_prevalence,0.08147686555538246,0.08879820015169453,0.007321334596312068
MEDDL,RF,Combined_weighting_effect,Mean_predicted_probability,0.0811470363287839,0.08989540615277326,0.008748369823989369
MEDDL,RF,Combined_weighting_effect,Predicted_positive_rate,0.26561769746066366,0.32443427887363757,0.05881658141297391
MEDDL,XGBoost,Evaluation_weighting_effect,AUROC,0.803648680377013,0.8016429683496495,-0.0020057120273634377
MEDDL,XGBoost,Evaluation_weighting_effect,AUPRC,0.31516343360512417,0.32930025115608813,0.014136817550963965
MEDDL,XGBoost,Evaluation_weighting_effect,Recall,0.5200764818355641,0.5325850030682555,0.012508521232691416
MEDDL,XGBoost,Evaluation_weighting_effect,Precision,0.28601472134595163,0.2923443467382042,0.006329625392252569
MEDDL,XGBoost,Evaluation_weighting_effect,F1,0.36906377204884666,0.3774825440289709,0.008418771980124251
MEDDL,XGBoost,Evaluation_weighting_effect,Specificity,0.8848371777476255,0.8743663990590675,-0.010470778688557947
MEDDL,XGBoost,Evaluation_weighting_effect,Brier,0.06491495979853423,0.06993301417316877,0.00501805437463454
MEDDL,XGBoost,Evaluation_weighting_effect,Observed_prevalence,0.08147686555538246,0.08879820015169453,0.007321334596312068
MEDDL,XGBoost,Evaluation_weighting_effect,Mean_predicted_probability,0.08113879868972727,0.08560433983999247,0.004465541150265193
MEDDL,XGBoost,Evaluation_weighting_effect,Predicted_positive_rate,0.14815391805577194,0.16177015299904712,0.013616234943275185
MEDDL,XGBoost,Training_weighting_effect,AUROC,0.8016429683496495,0.7979911012254537,-0.003651867124195851
MEDDL,XGBoost,Training_weighting_effect,AUPRC,0.32930025115608813,0.31338649219537107,-0.01591375896071706
MEDDL,XGBoost,Training_weighting_effect,Recall,0.5325850030682555,0.529988773055165,-0.002596230013090506
MEDDL,XGBoost,Training_weighting_effect,Precision,0.2923443467382042,0.26784302867118465,-0.02450131806701955
MEDDL,XGBoost,Training_weighting_effect,F1,0.3774825440289709,0.3558489341479262,-0.021633609881044735
MEDDL,XGBoost,Training_weighting_effect,Specificity,0.8743663990590675,0.8588177435067034,-0.015548655552364177
MEDDL,XGBoost,Training_weighting_effect,Brier,0.06993301417316877,0.07050733920213338,0.000574325028964609
MEDDL,XGBoost,Training_weighting_effect,Observed_prevalence,0.08879820015169453,0.08879820015169453,0.0
MEDDL,XGBoost,Training_weighting_effect,Mean_predicted_probability,0.08560433983999247,0.0907999353722585,0.005195595532266034
MEDDL,XGBoost,Training_weighting_effect,Predicted_positive_rate,0.16177015299904712,0.17570757537124057,0.013937422372193448
MEDDL,XGBoost,Combined_weighting_effect,AUROC,0.803648680377013,0.7979911012254537,-0.005657579151559289
MEDDL,XGBoost,Combined_weighting_effect,AUPRC,0.31516343360512417,0.31338649219537107,-0.0017769414097530967
MEDDL,XGBoost,Combined_weighting_effect,Recall,0.5200764818355641,0.529988773055165,0.00991229121960091
MEDDL,XGBoost,Combined_weighting_effect,Precision,0.28601472134595163,0.26784302867118465,-0.01817169267476698
MEDDL,XGBoost,Combined_weighting_effect,F1,0.36906377204884666,0.3558489341479262,-0.013214837900920484
MEDDL,XGBoost,Combined_weighting_effect,Specificity,0.8848371777476255,0.8588177435067034,-0.026019434240922124
MEDDL,XGBoost,Combined_weighting_effect,Brier,0.06491495979853423,0.07050733920213338,0.005592379403599149
MEDDL,XGBoost,Combined_weighting_effect,Observed_prevalence,0.08147686555538246,0.08879820015169453,0.007321334596312068
MEDDL,XGBoost,Combined_weighting_effect,Mean_predicted_probability,0.08113879868972727,0.0907999353722585,0.009661136682531227
MEDDL,XGBoost,Combined_weighting_effect,Predicted_positive_rate,0.14815391805577194,0.17570757537124057,0.027553657315468633
MEDNG,LR,Evaluation_weighting_effect,AUROC,0.7942410308224905,0.79674374451312,0.002502713690629488
MEDNG,LR,Evaluation_weighting_effect,AUPRC,0.3007181583801104,0.3173907179532671,0.01667255957315672
MEDNG,LR,Evaluation_weighting_effect,Recall,0.4406392694063927,0.495535857670429,0.05489658826403632
MEDNG,LR,Evaluation_weighting_effect,Precision,0.27729885057471265,0.27477990823973775,-0.002518942334974905
MEDNG,LR,Evaluation_weighting_effect,F1,0.3403880070546737,0.35352592670694327,0.01313791965226957
MEDNG,LR,Evaluation_weighting_effect,Specificity,0.9158722194346881,0.9004466099847556,-0.015425609449932542
MEDNG,LR,Evaluation_weighting_effect,Brier,0.055476024339646206,0.05642375949959117,0.0009477351599449652
MEDNG,LR,Evaluation_weighting_effect,Observed_prevalence,0.06825619448340346,0.07073520223294323,0.002479007749539769
MEDNG,LR,Evaluation_weighting_effect,Mean_predicted_probability,0.06799769042568968,0.07423121798870914,0.006233527563019467
MEDNG,LR,Evaluation_weighting_effect,Predicted_positive_rate,0.10846189808321646,0.12756328994553356,0.019101391862317102
MEDNG,LR,Training_weighting_effect,AUROC,0.79674374451312,0.7958010220396032,-0.0009427224735167883
MEDNG,LR,Training_weighting_effect,AUPRC,0.3173907179532671,0.31541247463704225,-0.0019782433162248703
MEDNG,LR,Training_weighting_effect,Recall,0.495535857670429,0.48117357356665974,-0.014362284103769274
MEDNG,LR,Training_weighting_effect,Precision,0.27477990823973775,0.2690577123498637,-0.005722195889874049
MEDNG,LR,Training_weighting_effect,F1,0.35352592670694327,0.34512946441281683,-0.008396462294126439
MEDNG,LR,Training_weighting_effect,Specificity,0.9004466099847556,0.9004971490613086,5.053907655305778e-05
MEDNG,LR,Training_weighting_effect,Brier,0.05642375949959117,0.05658779934405165,0.00016403984446047848
MEDNG,LR,Training_weighting_effect,Observed_prevalence,0.07073520223294323,0.07073520223294323,0.0
MEDNG,LR,Training_weighting_effect,Mean_predicted_probability,0.07423121798870914,0.07448822420828523,0.0002570062195760836
MEDNG,LR,Training_weighting_effect,Predicted_positive_rate,0.12756328994553356,0.12650040669017423,-0.0010628832553593315
MEDNG,LR,Combined_weighting_effect,AUROC,0.7942410308224905,0.7958010220396032,0.0015599912171126995
MEDNG,LR,Combined_weighting_effect,AUPRC,0.3007181583801104,0.31541247463704225,0.01469431625693185
MEDNG,LR,Combined_weighting_effect,Recall,0.4406392694063927,0.48117357356665974,0.04053430416026704
MEDNG,LR,Combined_weighting_effect,Precision,0.27729885057471265,0.2690577123498637,-0.008241138224848954
MEDNG,LR,Combined_weighting_effect,F1,0.3403880070546737,0.34512946441281683,0.004741457358143131
MEDNG,LR,Combined_weighting_effect,Specificity,0.9158722194346881,0.9004971490613086,-0.015375070373379485
MEDNG,LR,Combined_weighting_effect,Brier,0.055476024339646206,0.05658779934405165,0.0011117750044054436
MEDNG,LR,Combined_weighting_effect,Observed_prevalence,0.06825619448340346,0.07073520223294323,0.002479007749539769
MEDNG,LR,Combined_weighting_effect,Mean_predicted_probability,0.06799769042568968,0.07448822420828523,0.006490533782595551
MEDNG,LR,Combined_weighting_effect,Predicted_positive_rate,0.10846189808321646,0.12650040669017423,0.01803850860695777
MEDNG,RF,Evaluation_weighting_effect,AUROC,0.8061850418626533,0.8064529218651224,0.0002678800024691341
MEDNG,RF,Evaluation_weighting_effect,AUPRC,0.30499003800077684,0.3277842756105703,0.022794237609793433
MEDNG,RF,Evaluation_weighting_effect,Recall,0.541095890410959,0.5832320139759648,0.042136123565005845
MEDNG,RF,Evaluation_weighting_effect,Precision,0.2237960339943343,0.2179550047283107,-0.00584102926602359
MEDNG,RF,Evaluation_weighting_effect,F1,0.3166332665330661,0.3173250025179301,0.0006917359848639948
MEDNG,RF,Evaluation_weighting_effect,Specificity,0.8625188158554943,0.840704919454789,-0.0218138964007053
MEDNG,RF,Evaluation_weighting_effect,Brier,0.05641130620673,0.05764761888289977,0.0012363126761697693
MEDNG,RF,Evaluation_weighting_effect,Observed_prevalence,0.06825619448340346,0.07073520223294323,0.002479007749539769
MEDNG,RF,Evaluation_weighting_effect,Mean_predicted_probability,0.06763621488491223,0.07279130728004893,0.005155092395136701
MEDNG,RF,Evaluation_weighting_effect,Predicted_positive_rate,0.16503038803179054,0.18928234526544913,0.024251957233658583
MEDNG,RF,Training_weighting_effect,AUROC,0.8064529218651224,0.8071594968861121,0.000706575020989697
MEDNG,RF,Training_weighting_effect,AUPRC,0.3277842756105703,0.3258065510342967,-0.0019777245762735984
MEDNG,RF,Training_weighting_effect,Recall,0.5832320139759648,0.5849750702808695,0.0017430563049046777
MEDNG,RF,Training_weighting_effect,Precision,0.2179550047283107,0.21667690288232724,-0.0012781018459834537
MEDNG,RF,Training_weighting_effect,F1,0.3173250025179301,0.3162234753609898,-0.0011015271569402851
MEDNG,RF,Training_weighting_effect,Specificity,0.840704919454789,0.8390237577267684,-0.0016811617280205748
MEDNG,RF,Training_weighting_effect,Brier,0.05764761888289977,0.057688813414057495,4.119453115772331e-05
MEDNG,RF,Training_weighting_effect,Observed_prevalence,0.07073520223294323,0.07073520223294323,0.0
MEDNG,RF,Training_weighting_effect,Mean_predicted_probability,0.07279130728004893,0.073897047740877,0.001105740460828078
MEDNG,RF,Training_weighting_effect,Predicted_positive_rate,0.18928234526544913,0.19096788511888257,0.0016855398534334487
MEDNG,RF,Combined_weighting_effect,AUROC,0.8061850418626533,0.8071594968861121,0.0009744550234588312
MEDNG,RF,Combined_weighting_effect,AUPRC,0.30499003800077684,0.3258065510342967,0.020816513033519835
MEDNG,RF,Combined_weighting_effect,Recall,0.541095890410959,0.5849750702808695,0.04387917986991052
MEDNG,RF,Combined_weighting_effect,Precision,0.2237960339943343,0.21667690288232724,-0.007119131112007043
MEDNG,RF,Combined_weighting_effect,F1,0.3166332665330661,0.3162234753609898,-0.00040979117207629034
MEDNG,RF,Combined_weighting_effect,Specificity,0.8625188158554943,0.8390237577267684,-0.023495058128725876
MEDNG,RF,Combined_weighting_effect,Brier,0.05641130620673,0.057688813414057495,0.0012775072073274926
MEDNG,RF,Combined_weighting_effect,Observed_prevalence,0.06825619448340346,0.07073520223294323,0.002479007749539769
MEDNG,RF,Combined_weighting_effect,Mean_predicted_probability,0.06763621488491223,0.073897047740877,0.006260832855964779
MEDNG,RF,Combined_weighting_effect,Predicted_positive_rate,0.16503038803179054,0.19096788511888257,0.025937497087092032
MEDNG,XGBoost,Evaluation_weighting_effect,AUROC,0.808325524419181,0.80905152157792,0.0007259971587390002
MEDNG,XGBoost,Evaluation_weighting_effect,AUPRC,0.3049280111390447,0.3151669116424983,0.010238900503453607
MEDNG,XGBoost,Evaluation_weighting_effect,Recall,0.3995433789954338,0.4379480598738057,0.0384046808783719
MEDNG,XGBoost,Evaluation_weighting_effect,Precision,0.31645569620253167,0.3104213124148651,-0.006034383787666575
MEDNG,XGBoost,Evaluation_weighting_effect,F1,0.35317860746720486,0.36331901477959166,0.010140407312386801
MEDNG,XGBoost,Evaluation_weighting_effect,Specificity,0.9367787255393879,0.92594557392572,-0.010833151613667935
MEDNG,XGBoost,Evaluation_weighting_effect,Brier,0.05526331901402843,0.05669796127348241,0.001434642259453979
MEDNG,XGBoost,Evaluation_weighting_effect,Observed_prevalence,0.06825619448340346,0.07073520223294323,0.002479007749539769
MEDNG,XGBoost,Evaluation_weighting_effect,Mean_predicted_probability,0.06828712288989298,0.0735903569626868,0.0053032340727938165
MEDNG,XGBoost,Evaluation_weighting_effect,Predicted_positive_rate,0.08617734143680848,0.09979451585237005,0.013617174415561567
MEDNG,XGBoost,Training_weighting_effect,AUROC,0.80905152157792,0.8073163143523681,-0.0017352072255519824
MEDNG,XGBoost,Training_weighting_effect,AUPRC,0.3151669116424983,0.3206530166465005,0.005486105004002151
MEDNG,XGBoost,Training_weighting_effect,Recall,0.4379480598738057,0.43018217089529237,-0.0077658889785133245
MEDNG,XGBoost,Training_weighting_effect,Precision,0.3104213124148651,0.29446299936502834,-0.015958313049836748
MEDNG,XGBoost,Training_weighting_effect,F1,0.36331901477959166,0.349613127952488,-0.013705886827103664
MEDNG,XGBoost,Training_weighting_effect,Specificity,0.92594557392572,0.9215419366500794,-0.004403637275640526
MEDNG,XGBoost,Training_weighting_effect,Brier,0.05669796127348241,0.05689857710273367,0.00020061582925125915
MEDNG,XGBoost,Training_weighting_effect,Observed_prevalence,0.07073520223294323,0.07073520223294323,0.0
MEDNG,XGBoost,Training_weighting_effect,Mean_predicted_probability,0.0735903569626868,0.07459762417371571,0.0010072672110289088
MEDNG,XGBoost,Training_weighting_effect,Predicted_positive_rate,0.09979451585237005,0.10333733922734377,0.0035428233749737192
MEDNG,XGBoost,Combined_weighting_effect,AUROC,0.808325524419181,0.8073163143523681,-0.0010092100668129822
MEDNG,XGBoost,Combined_weighting_effect,AUPRC,0.3049280111390447,0.3206530166465005,0.015725005507455758
MEDNG,XGBoost,Combined_weighting_effect,Recall,0.3995433789954338,0.43018217089529237,0.030638791899858575
MEDNG,XGBoost,Combined_weighting_effect,Precision,0.31645569620253167,0.29446299936502834,-0.021992696837503323
MEDNG,XGBoost,Combined_weighting_effect,F1,0.35317860746720486,0.349613127952488,-0.0035654795147168628
MEDNG,XGBoost,Combined_weighting_effect,Specificity,0.9367787255393879,0.9215419366500794,-0.015236788889308461
MEDNG,XGBoost,Combined_weighting_effect,Brier,0.05526331901402843,0.05689857710273367,0.0016352580887052381
MEDNG,XGBoost,Combined_weighting_effect,Observed_prevalence,0.06825619448340346,0.07073520223294323,0.002479007749539769
MEDNG,XGBoost,Combined_weighting_effect,Mean_predicted_probability,0.06828712288989298,0.07459762417371571,0.006310501283822725
MEDNG,XGBoost,Combined_weighting_effect,Predicted_positive_rate,0.08617734143680848,0.10333733922734377,0.017159997790535286
